game_title,genre_name
The Last of Us,MMO
The Last of Us,FPS
God of War,Action
God of War,Arcade
God of War,Music
Halo Infinite,Role-Playing
Halo Infinite,Open World
Halo Infinite,Casual
Red Dead Redemption 2,Sandbox
Red Dead Redemption 2,RPG
Red Dead Redemption 2,Strategy
The Witcher 3: Wild Hunt,Role-Playing
The Witcher 3: Wild Hunt,Educational
The Witcher 3: Wild Hunt,Music
Breath of the Wild,Role-Playing
Breath of the Wild,Simulation
Elden Ring,Sandbox
Elden Ring,Shooter
Hades,Casual
Hades,Puzzle
Stardew Valley,Sports
Stardew Valley,Platformer
Stardew Valley,Racing
Celeste,Stealth
Celeste,Trivia
Celeste,Shooter
Minecraft,Sports
Minecraft,Party
Minecraft,Indie
Fortnite,Fighting
Fortnite,Party
Fortnite,Indie
Apex Legends,Open World
Apex Legends,RPG
Apex Legends,Music
Overwatch,Educational
Overwatch,Stealth
Grand Theft Auto V,Indie
Grand Theft Auto V,Platformer
Cyberpunk 2077,Adventure
Cyberpunk 2077,Music
Dark Souls III,Platformer
Dark Souls III,Puzzle
Persona 5,Shooter
Persona 5,TPS
Persona 5,Casual
Animal Crossing: New Horizons,TPS
Animal Crossing: New Horizons,Arcade
Animal Crossing: New Horizons,Puzzle
Among Us,Indie
Among Us,Stealth
Super Mario Odyssey,Open World
Super Mario Odyssey,Music
Metroid Dread,Card Game
Metroid Dread,Stealth
Doom Eternal,Sports
Doom Eternal,Simulation
Doom Eternal,Battle Royale
Counter-Strike: Global Offensive,RPG
Counter-Strike: Global Offensive,Shooter
Valorant,Card Game
Valorant,Board Game
Valorant,Adventure
League of Legends,Sandbox
League of Legends,Fighting
World of Warcraft,Strategy
World of Warcraft,Horror
Final Fantasy VII Remake,RPG
Final Fantasy VII Remake,Educational
Assassin's Creed Valhalla,Adventure
Assassin's Creed Valhalla,Open World
Batman: Arkham City,Strategy
Batman: Arkham City,Platformer
Ghost of Tsushima,Educational
Ghost of Tsushima,Card Game
Ghost of Tsushima,Fighting
Untitled Goose Game,FPS
Untitled Goose Game,Shooter
Untitled Goose Game,Fighting
Oxenfree,Arcade
Oxenfree,Board Game
Oxenfree,Open World
Disco Elysium,MMO
Disco Elysium,Music
Return of the Obra Dinn,Horror
Return of the Obra Dinn,Educational
Slay the Spire,Platformer
Slay the Spire,Survival
Slay the Spire,Shooter
Dishonored 2,Platformer
Dishonored 2,Shooter
Metal Gear Solid V,Battle Royale
Metal Gear Solid V,TPS
Metal Gear Solid V,Music
Control,Survival
Control,MMO
Spelunky 2,TPS
Spelunky 2,Horror
Dead Cells,FPS
Dead Cells,Open World
"Papers, Please",Fighting
"Papers, Please",Card Game
Limbo,Horror
Limbo,MMO
Inside,Indie
Inside,Open World
The Legend of Zelda: Tears of the Kingdom,Casual
The Legend of Zelda: Tears of the Kingdom,Arcade
The Legend of Zelda: Tears of the Kingdom,Horror
Sekiro: Shadows Die Twice,FPS
Sekiro: Shadows Die Twice,Puzzle
Resident Evil Village,Horror
Resident Evil Village,Trivia
Resident Evil Village,Party
Forza Horizon 5,Stealth
Forza Horizon 5,Survival
Need for Speed Heat,Casual
Need for Speed Heat,Board Game
FIFA 22,Indie
FIFA 22,Trivia
FIFA 22,Shooter
Madden NFL 22,Strategy
Madden NFL 22,Indie
Madden NFL 22,Racing
NBA 2K22,Fighting
NBA 2K22,Racing
Secret Frontier 53,TPS
Secret Frontier 53,Casual
Secret Frontier 53,Puzzle
Dark Harbor 54,Puzzle
Dark Harbor 54,Action
Hidden Quest 55,Shooter
Hidden Quest 55,Survival
Eternal Legends 56,Educational
Eternal Legends 56,TPS
Eternal Legends 56,Sandbox
First Frontier 57,Battle Royale
First Frontier 57,Music
Prime Harbor 58,Music
Prime Harbor 58,Battle Royale
Prime Harbor 58,Casual
Silent Ascension 59,Sandbox
Silent Ascension 59,Fighting
Silent Ascension 59,Puzzle
Silent Vanguard 60,Horror
Silent Vanguard 60,Sandbox
Shadow Empire 61,Platformer
Shadow Empire 61,Adventure
Dark Chronicles 62,Racing
Dark Chronicles 62,Music
Frozen Quest 63,Horror
Frozen Quest 63,Sandbox
Frozen Quest 63,Indie
Iron Run 64,Strategy
Iron Run 64,Educational
Dark Ascension 65,FPS
Dark Ascension 65,Arcade
Frozen Beacon 66,Action
Frozen Beacon 66,Role-Playing
Secret Beacon 67,FPS
Secret Beacon 67,Open World
Ancient Rebellion 68,Card Game
Ancient Rebellion 68,Adventure
Eternal Saga 69,Educational
Eternal Saga 69,Battle Royale
Eternal Saga 69,Adventure
Digital Storm 70,Educational
Digital Storm 70,RPG
Digital Storm 70,Casual
Solar Forge 71,RPG
Solar Forge 71,Adventure
Solar Forge 71,Music
Dark Nomad 72,Sandbox
Dark Nomad 72,FPS
Solar Echo 73,Party
Solar Echo 73,Platformer
Last Rebellion 74,Strategy
Last Rebellion 74,Survival
Broken Storm 75,Simulation
Broken Storm 75,Strategy
Broken Storm 75,Battle Royale
Galactic Realm 76,RPG
Galactic Realm 76,Casual
Galactic Realm 76,Indie
Phantom Origin 77,MMO
Phantom Origin 77,Indie
Infinite Chronicles 78,RPG
Infinite Chronicles 78,Stealth
Infinite Chronicles 78,Educational
Cyber Frontier 79,Fighting
Cyber Frontier 79,Horror
Rogue Forge 80,Casual
Rogue Forge 80,Stealth
Rogue Forge 80,Music
Rogue Run 81,Horror
Rogue Run 81,Board Game
Rogue Run 81,Open World
Hidden Trial 82,Sandbox
Hidden Trial 82,Party
Hidden Trial 82,FPS
Lost Harbor 83,Music
Lost Harbor 83,Adventure
Wild Ascension 84,Simulation
Wild Ascension 84,MMO
Infinite Fall 85,Shooter
Infinite Fall 85,Indie
Silent Ascension 86,Racing
Silent Ascension 86,Fighting
Mythic Warden 87,Arcade
Mythic Warden 87,Strategy
Mythic Warden 87,Indie
Secret Run 88,Action
Secret Run 88,Role-Playing
Silent Forge 89,Adventure
Silent Forge 89,FPS
Rogue Vanguard 90,Card Game
Rogue Vanguard 90,Puzzle
Frozen Beacon 91,TPS
Frozen Beacon 91,Puzzle
Silent Empire 92,Fighting
Silent Empire 92,Stealth
Silent Empire 92,Survival
Prime Quest 93,Trivia
Prime Quest 93,Fighting
Prime Quest 93,Platformer
Phantom Awakening 94,Indie
Phantom Awakening 94,Battle Royale
Silent Forge 95,Educational
Silent Forge 95,Indie
Eternal Forge 96,Role-Playing
Eternal Forge 96,Sandbox
Eternal Forge 96,Shooter
Infinite Fall 97,Action
Infinite Fall 97,Racing
Hidden Saga 98,Card Game
Hidden Saga 98,Board Game
Hidden Saga 98,Open World
Secret Warden 99,Adventure
Secret Warden 99,Trivia
Rogue Echo 100,Battle Royale
Rogue Echo 100,Fighting
Rogue Dreams 101,Indie
Rogue Dreams 101,TPS
Rogue Dreams 101,Stealth
Frozen Rift 102,MMO
Frozen Rift 102,Arcade
Frozen Rift 102,Simulation
Hidden Beacon 103,Action
Hidden Beacon 103,Party
Prime Sprint 104,Card Game
Prime Sprint 104,Platformer
Silent Run 105,Open World
Silent Run 105,Stealth
Secret Echo 106,Battle Royale
Secret Echo 106,Music
Ancient Harbor 107,Shooter
Ancient Harbor 107,Sandbox
Ancient Harbor 107,Indie
Eternal Echo 108,Simulation
Eternal Echo 108,Board Game
Eternal Echo 108,Party
Wild Fall 109,Party
Wild Fall 109,Survival
Wild Fall 109,Stealth
Hidden Sprint 110,Strategy
Hidden Sprint 110,Role-Playing
Hidden Sprint 110,Casual
Last Ascension 111,Simulation
Last Ascension 111,Racing
Eternal Rift 112,Sports
Eternal Rift 112,Role-Playing
Eternal Rift 112,Shooter
Broken Warden 113,Sports
Broken Warden 113,Platformer
Broken Warden 113,Card Game
Phantom Nomad 114,Survival
Phantom Nomad 114,Role-Playing
Lost Quest 115,RPG
Lost Quest 115,Music
Lost Quest 115,Casual
Lunar Empire 116,RPG
Lunar Empire 116,Casual
Lunar Empire 116,Simulation
Solar Origin 117,Casual
Solar Origin 117,FPS
Solar Origin 117,Card Game
Cyber Storm 118,Indie
Cyber Storm 118,Platformer
Silent Realm 119,Shooter
Silent Realm 119,TPS
Digital Signal 120,Survival
Digital Signal 120,Trivia
Digital Signal 120,Horror
Last Origin 121,Sports
Last Origin 121,Horror
Last Origin 121,Open World
Frozen Sprint 122,Shooter
Frozen Sprint 122,Puzzle
Frozen Sprint 122,Trivia
Golden Fall 123,Party
Golden Fall 123,Strategy
Silent Sprint 124,Sandbox
Silent Sprint 124,MMO
Silent Sprint 124,Open World
Wild Legends 125,Board Game
Wild Legends 125,Sandbox
Wild Legends 125,Platformer
Hidden Legends 126,Survival
Hidden Legends 126,Trivia
Eternal Harbor 127,Party
Eternal Harbor 127,Action
Ancient Ascension 128,Simulation
Ancient Ascension 128,Adventure
Ancient Ascension 128,Racing
Hidden Harbor 129,TPS
Hidden Harbor 129,MMO
Digital Rebellion 130,RPG
Digital Rebellion 130,Racing
Silent Vanguard 131,Battle Royale
Silent Vanguard 131,Stealth
Cyber Dreams 132,Indie
Cyber Dreams 132,Strategy
Eternal Legends 133,Board Game
Eternal Legends 133,Shooter
Iron Horizons 134,Role-Playing
Iron Horizons 134,Shooter
Iron Horizons 134,Survival
Silent Nomad 135,Sports
Silent Nomad 135,Action
Silent Nomad 135,Role-Playing
Lost Forge 136,Party
Lost Forge 136,Fighting
Infinite Legends 137,Platformer
Infinite Legends 137,Shooter
Secret Echo 138,Board Game
Secret Echo 138,Strategy
Secret Echo 138,Sports
Solar Rift 139,MMO
Solar Rift 139,Racing
Shadow Run 140,Action
Shadow Run 140,Racing
Shadow Run 140,Party
Silent Fall 141,Indie
Silent Fall 141,Survival
Cyber Run 142,Educational
Cyber Run 142,Trivia
Cyber Run 142,Music
Wild Tides 143,RPG
Wild Tides 143,Action
Hidden Ascension 144,Open World
Hidden Ascension 144,Music
Hidden Ascension 144,Stealth
Vivid Odyssey 145,MMO
Vivid Odyssey 145,Fighting
Prime Harbor 146,Survival
Prime Harbor 146,Simulation
Prime Harbor 146,Battle Royale
Infinite Rift 147,Action
Infinite Rift 147,Music
Infinite Rift 147,Stealth
Silent Ascension 148,Sandbox
Silent Ascension 148,Arcade
Silent Ascension 148,Role-Playing
Phantom Storm 149,Sports
Phantom Storm 149,Strategy
Phantom Storm 149,Music
Phantom Sprint 150,Puzzle
Phantom Sprint 150,MMO
Broken Frontier 151,Party
Broken Frontier 151,Survival
Mythic Rebellion 152,Open World
Mythic Rebellion 152,Puzzle
Crimson Saga 153,Survival
Crimson Saga 153,Arcade
Dark Harbor 154,Adventure
Dark Harbor 154,Fighting
Silent Harbor 155,Open World
Silent Harbor 155,Sports
Silent Harbor 155,Survival
Hidden Tides 156,TPS
Hidden Tides 156,Platformer
Hidden Tides 156,Casual
Phantom Echo 157,FPS
Phantom Echo 157,Stealth
Iron Frontier 158,Strategy
Iron Frontier 158,RPG
Vivid Sprint 159,Survival
Vivid Sprint 159,Adventure
Vivid Sprint 159,Platformer
Mythic Warden 160,Open World
Mythic Warden 160,Indie
Mythic Warden 160,Fighting
Secret Tides 161,Action
Secret Tides 161,Survival
Secret Tides 161,Casual
Neon Realm 162,Casual
Neon Realm 162,RPG
Neon Realm 162,Adventure
Galactic Dreams 163,Battle Royale
Galactic Dreams 163,Sandbox
Galactic Dreams 163,Indie
Phantom Echo 164,Action
Phantom Echo 164,Fighting
Ancient Nomad 165,Platformer
Ancient Nomad 165,Arcade
Iron Odyssey 166,Strategy
Iron Odyssey 166,Sandbox
Iron Odyssey 166,FPS
Neon Origin 167,Adventure
Neon Origin 167,Strategy
Golden Odyssey 168,Battle Royale
Golden Odyssey 168,Card Game
Infinite Dreams 169,RPG
Infinite Dreams 169,Strategy
Silent Warden 170,MMO
Silent Warden 170,Simulation
Solar Awakening 171,Educational
Solar Awakening 171,Action
Eternal Empire 172,Sports
Eternal Empire 172,Strategy
Eternal Signal 173,Trivia
Eternal Signal 173,Fighting
Eternal Signal 173,Role-Playing
Digital Chronicles 174,TPS
Digital Chronicles 174,Board Game
Silent Harbor 175,Simulation
Silent Harbor 175,Indie
Golden Warden 176,Sports
Golden Warden 176,Survival
Golden Warden 176,Casual
Silent Nomad 177,Sports
Silent Nomad 177,Strategy
Ancient Nomad 178,Battle Royale
Ancient Nomad 178,Trivia
Galactic Legends 179,MMO
Galactic Legends 179,Sandbox
Galactic Legends 179,Party
Prime Horizons 180,Casual
Prime Horizons 180,Shooter
Ancient Echo 181,Simulation
Ancient Echo 181,Card Game
Hidden Tides 182,FPS
Hidden Tides 182,Fighting
Hidden Tides 182,Racing
Vivid Run 183,Horror
Vivid Run 183,MMO
Vivid Run 183,Fighting
Shadow Realm 184,Arcade
Shadow Realm 184,Puzzle
Shadow Realm 184,Racing
Ancient Nomad 185,FPS
Ancient Nomad 185,TPS
Ancient Nomad 185,Role-Playing
First Beacon 186,Horror
First Beacon 186,Educational
Frozen Beacon 187,Casual
Frozen Beacon 187,Platformer
Mythic Fall 188,Music
Mythic Fall 188,Puzzle
Mythic Fall 188,Platformer
Prime Sprint 189,Survival
Prime Sprint 189,RPG
Prime Sprint 189,Racing
Rogue Saga 190,Sandbox
Rogue Saga 190,Horror
Rogue Saga 190,Strategy
Silent Tides 191,Sports
Silent Tides 191,Battle Royale
Wild Frontier 192,Adventure
Wild Frontier 192,Trivia
Eternal Quest 193,Role-Playing
Eternal Quest 193,Simulation
Eternal Quest 193,Trivia
Silent Origin 194,Racing
Silent Origin 194,Role-Playing
Dark Vanguard 195,Horror
Dark Vanguard 195,Party
Ancient Quest 196,RPG
Ancient Quest 196,Sandbox
Ancient Quest 196,Music
Digital Quest 197,Action
Digital Quest 197,Trivia
Dark Chronicles 198,Casual
Dark Chronicles 198,Indie
Last Sprint 199,Educational
Last Sprint 199,Strategy
Last Sprint 199,Music
Lost Quest 200,Role-Playing
Lost Quest 200,Card Game
Lost Quest 200,Music
Silent Signal 201,Racing
Silent Signal 201,Adventure
Silent Signal 201,Horror
Lost Forge 202,Educational
Lost Forge 202,Trivia
Broken Chronicles 203,RPG
Broken Chronicles 203,Puzzle
Iron Quest 204,Shooter
Iron Quest 204,Trivia
Hidden Rift 205,Survival
Hidden Rift 205,Action
Hidden Rift 205,Platformer
Golden Realm 206,Survival
Golden Realm 206,Shooter
Ancient Legends 207,Fighting
Ancient Legends 207,Indie
First Signal 208,MMO
First Signal 208,RPG
First Signal 208,Platformer
Digital Vanguard 209,Educational
Digital Vanguard 209,Survival
Golden Quest 210,Strategy
Golden Quest 210,Indie
Solar Horizons 211,Indie
Solar Horizons 211,Arcade
Solar Rebellion 212,Educational
Solar Rebellion 212,Card Game
Frozen Frontier 213,Card Game
Frozen Frontier 213,Adventure
Frozen Frontier 213,Action
Infinite Rift 214,Fighting
Infinite Rift 214,Puzzle
Shadow Dreams 215,TPS
Shadow Dreams 215,Arcade
Shadow Rebellion 216,RPG
Shadow Rebellion 216,Casual
Shadow Rebellion 216,Sandbox
Wild Forge 217,TPS
Wild Forge 217,Open World
First Empire 218,Arcade
First Empire 218,Role-Playing
First Empire 218,TPS
Prime Sprint 219,Indie
Prime Sprint 219,Fighting
Prime Sprint 219,Adventure
Secret Frontier 220,Sports
Secret Frontier 220,Shooter
Lost Fall 221,Stealth
Lost Fall 221,Battle Royale
First Origin 222,Battle Royale
First Origin 222,Educational
First Origin 222,Platformer
Solar Forge 223,Music
Solar Forge 223,Board Game
Solar Forge 223,Shooter
Infinite Quest 224,Platformer
Infinite Quest 224,Strategy
Infinite Quest 224,Indie
Frozen Realm 225,MMO
Frozen Realm 225,Shooter
Ancient Saga 226,Card Game
Ancient Saga 226,Adventure
Ancient Saga 226,RPG
Galactic Rebellion 227,Card Game
Galactic Rebellion 227,Educational
Crimson Storm 228,Racing
Crimson Storm 228,Arcade
Crimson Storm 228,Strategy
Wild Quest 229,Horror
Wild Quest 229,Survival
Vivid Chronicles 230,Platformer
Vivid Chronicles 230,Card Game
Wild Trial 231,Music
Wild Trial 231,Adventure
Vivid Forge 232,Indie
Vivid Forge 232,Card Game
Ancient Frontier 233,Horror
Ancient Frontier 233,Arcade
Lost Sprint 234,Board Game
Lost Sprint 234,Puzzle
Ancient Warden 235,Stealth
Ancient Warden 235,Arcade
Ancient Warden 235,Strategy
Dark Chronicles 236,Adventure
Dark Chronicles 236,Music
Phantom Forge 237,RPG
Phantom Forge 237,Music
Phantom Forge 237,Survival
Eternal Echo 238,Educational
Eternal Echo 238,Horror
Shadow Horizons 239,Battle Royale
Shadow Horizons 239,Horror
Golden Realm 240,Educational
Golden Realm 240,Simulation
Vivid Fall 241,Casual
Vivid Fall 241,Educational
Silent Empire 242,Survival
Silent Empire 242,Open World
Crimson Fall 243,Puzzle
Crimson Fall 243,Party
Dark Fall 244,Open World
Dark Fall 244,Action
Hidden Trial 245,RPG
Hidden Trial 245,Action
Hidden Trial 245,FPS
Solar Saga 246,Open World
Solar Saga 246,Survival
Mythic Rebellion 247,Horror
Mythic Rebellion 247,Battle Royale
Last Harbor 248,Arcade
Last Harbor 248,Stealth
Solar Ascension 249,RPG
Solar Ascension 249,Battle Royale
Prime Beacon 250,Trivia
Prime Beacon 250,Card Game
Golden Legends 251,Sandbox
Golden Legends 251,Card Game
Golden Legends 251,Stealth
Frozen Awakening 252,Party
Frozen Awakening 252,Simulation
Frozen Empire 253,Casual
Frozen Empire 253,MMO
Frozen Empire 253,Music
Digital Harbor 254,Indie
Digital Harbor 254,Card Game
Ancient Empire 255,Educational
Ancient Empire 255,Board Game
First Origin 256,FPS
First Origin 256,Horror
Lost Empire 257,Indie
Lost Empire 257,TPS
Digital Horizons 258,RPG
Digital Horizons 258,Board Game
Iron Forge 259,Simulation
Iron Forge 259,Survival
Iron Forge 259,Fighting
Iron Echo 260,RPG
Iron Echo 260,Sports
Lost Tides 261,Casual
Lost Tides 261,Indie
Lost Tides 261,Trivia
Silent Forge 262,Open World
Silent Forge 262,Casual
Crimson Chronicles 263,Educational
Crimson Chronicles 263,Indie
Neon Chronicles 264,Horror
Neon Chronicles 264,Strategy
Prime Forge 265,FPS
Prime Forge 265,Stealth
Eternal Fall 266,Open World
Eternal Fall 266,Casual
Infinite Signal 267,MMO
Infinite Signal 267,Board Game
Digital Quest 268,Sports
Digital Quest 268,Puzzle
Digital Quest 268,Racing
Digital Run 269,Racing
Digital Run 269,Open World
Lost Run 270,Fighting
Lost Run 270,Adventure
Lost Run 270,Casual
Silent Rebellion 271,FPS
Silent Rebellion 271,RPG
Prime Vanguard 272,Shooter
Prime Vanguard 272,Survival
Prime Vanguard 272,Action
Digital Tides 273,Arcade
Digital Tides 273,Sandbox
Digital Tides 273,Board Game
Broken Storm 274,Card Game
Broken Storm 274,Survival
Frozen Rift 275,Shooter
Frozen Rift 275,Sandbox
Last Origin 276,Trivia
Last Origin 276,Action
Eternal Storm 277,Horror
Eternal Storm 277,TPS
Cyber Legends 278,Platformer
Cyber Legends 278,Educational
Prime Sprint 279,Survival
Prime Sprint 279,Platformer
Mythic Saga 280,FPS
Mythic Saga 280,Puzzle
Mythic Saga 280,Role-Playing
Broken Nomad 281,Platformer
Broken Nomad 281,Fighting
Silent Odyssey 282,Arcade
Silent Odyssey 282,Adventure
Wild Run 283,Survival
Wild Run 283,Card Game
Digital Frontier 284,Shooter
Digital Frontier 284,Party
Digital Frontier 284,Board Game
Silent Ascension 285,Platformer
Silent Ascension 285,Puzzle
Silent Ascension 285,MMO
Frozen Tides 286,Platformer
Frozen Tides 286,Fighting
Hidden Legends 287,RPG
Hidden Legends 287,TPS
Rogue Signal 288,Casual
Rogue Signal 288,Party
Rogue Signal 288,Action
Silent Signal 289,Horror
Silent Signal 289,Puzzle
Eternal Dreams 290,Party
Eternal Dreams 290,Casual
Eternal Dreams 290,Action
Mythic Echo 291,Educational
Mythic Echo 291,Stealth
Wild Warden 292,Puzzle
Wild Warden 292,Simulation
Wild Warden 292,Horror
Ancient Beacon 293,Action
Ancient Beacon 293,Music
Mythic Run 294,Stealth
Mythic Run 294,MMO
Solar Sprint 295,Educational
Solar Sprint 295,MMO
Iron Odyssey 296,Open World
Iron Odyssey 296,Sports
Prime Warden 297,Battle Royale
Prime Warden 297,RPG
Ancient Awakening 298,Sports
Ancient Awakening 298,Strategy
Ancient Awakening 298,Fighting
Prime Frontier 299,Trivia
Prime Frontier 299,Music
Prime Frontier 299,Adventure
Silent Legends 300,Role-Playing
Silent Legends 300,FPS
Silent Legends 300,Sandbox
Hidden Frontier 301,MMO
Hidden Frontier 301,Survival
Hidden Frontier 301,Stealth
Silent Frontier 302,RPG
Silent Frontier 302,Indie
Silent Frontier 302,Open World
First Ascension 303,Casual
First Ascension 303,Music
Galactic Storm 304,Indie
Galactic Storm 304,Music
Mythic Run 305,Board Game
Mythic Run 305,Party
Frozen Beacon 306,Arcade
Frozen Beacon 306,Casual
Broken Realm 307,Shooter
Broken Realm 307,Casual
Broken Realm 307,Sports
Prime Sprint 308,RPG
Prime Sprint 308,Horror
Prime Sprint 308,Casual
Vivid Storm 309,RPG
Vivid Storm 309,Arcade
Iron Horizons 310,Trivia
Iron Horizons 310,Open World
Hidden Signal 311,Puzzle
Hidden Signal 311,Strategy
Vivid Empire 312,Fighting
Vivid Empire 312,Racing
Silent Sprint 313,MMO
Silent Sprint 313,Party
Silent Sprint 313,Action
Shadow Warden 314,Action
Shadow Warden 314,Platformer
Hidden Empire 315,Adventure
Hidden Empire 315,Sports
Dark Origin 316,Puzzle
Dark Origin 316,Platformer
Phantom Legends 317,Simulation
Phantom Legends 317,Action
Phantom Legends 317,Open World
Secret Storm 318,Sandbox
Secret Storm 318,TPS
Crimson Harbor 319,Role-Playing
Crimson Harbor 319,Battle Royale
Crimson Harbor 319,Board Game
Wild Ascension 320,Puzzle
Wild Ascension 320,Horror
Last Rebellion 321,Role-Playing
Last Rebellion 321,Survival
Last Rebellion 321,Shooter
Ancient Odyssey 322,FPS
Ancient Odyssey 322,Simulation
Infinite Chronicles 323,Sandbox
Infinite Chronicles 323,Role-Playing
Infinite Chronicles 323,Adventure
Silent Beacon 324,Shooter
Silent Beacon 324,Survival
Silent Beacon 324,Stealth
Silent Legends 325,Educational
Silent Legends 325,Platformer
Ancient Empire 326,Action
Ancient Empire 326,Indie
Ancient Empire 326,Strategy
Lunar Dreams 327,Survival
Lunar Dreams 327,Open World
Digital Ascension 328,Educational
Digital Ascension 328,Shooter
Digital Ascension 328,Sports
Galactic Rebellion 329,Fighting
Galactic Rebellion 329,Card Game
Galactic Rebellion 329,Battle Royale
Galactic Empire 330,Music
Galactic Empire 330,MMO
Mythic Dreams 331,Platformer
Mythic Dreams 331,Puzzle
Mythic Dreams 331,Battle Royale
Silent Trial 332,Casual
Silent Trial 332,Racing
Vivid Empire 333,RPG
Vivid Empire 333,Horror
Silent Dreams 334,Music
Silent Dreams 334,Simulation
Frozen Rift 335,Sandbox
Frozen Rift 335,MMO
Frozen Rift 335,Racing
Eternal Rift 336,Sandbox
Eternal Rift 336,TPS
Infinite Dreams 337,Adventure
Infinite Dreams 337,Casual
Phantom Ascension 338,Shooter
Phantom Ascension 338,Platformer
Silent Forge 339,FPS
Silent Forge 339,Simulation
Shadow Run 340,Survival
Shadow Run 340,Music
First Legends 341,Battle Royale
First Legends 341,Open World
Eternal Forge 342,Party
Eternal Forge 342,Sandbox
Crimson Trial 343,TPS
Crimson Trial 343,Educational
Solar Echo 344,Horror
Solar Echo 344,Adventure
Silent Rebellion 345,RPG
Silent Rebellion 345,Stealth
Silent Rebellion 345,Music
Dark Echo 346,Card Game
Dark Echo 346,Music
Dark Echo 346,Open World
First Origin 347,FPS
First Origin 347,Simulation
Solar Rebellion 348,RPG
Solar Rebellion 348,Simulation
Solar Rift 349,Card Game
Solar Rift 349,MMO
Vivid Harbor 350,Battle Royale
Vivid Harbor 350,Horror
Solar Quest 351,Fighting
Solar Quest 351,Sandbox
Hidden Echo 352,RPG
Hidden Echo 352,Educational
Solar Beacon 353,Arcade
Solar Beacon 353,Shooter
Solar Beacon 353,RPG
Infinite Fall 354,Racing
Infinite Fall 354,Indie
Infinite Fall 354,Music
Vivid Empire 355,Party
Vivid Empire 355,Sports
Vivid Horizons 356,Strategy
Vivid Horizons 356,Platformer
Eternal Realm 357,TPS
Eternal Realm 357,Trivia
Lunar Saga 358,Platformer
Lunar Saga 358,Casual
Rogue Awakening 359,Stealth
Rogue Awakening 359,Arcade
Lunar Trial 360,FPS
Lunar Trial 360,TPS
Vivid Quest 361,Puzzle
Vivid Quest 361,FPS
Eternal Odyssey 362,Action
Eternal Odyssey 362,Board Game
Prime Realm 363,Platformer
Prime Realm 363,Arcade
Prime Realm 363,Trivia
Cyber Origin 364,Sandbox
Cyber Origin 364,Card Game
Hidden Forge 365,Casual
Hidden Forge 365,Puzzle
Silent Nomad 366,Puzzle
Silent Nomad 366,MMO
Silent Nomad 366,Casual
Hidden Dreams 367,Fighting
Hidden Dreams 367,RPG
Secret Tides 368,Survival
Secret Tides 368,Simulation
Cyber Rift 369,Role-Playing
Cyber Rift 369,Party
Lunar Ascension 370,Fighting
Lunar Ascension 370,Sandbox
Lunar Ascension 370,Role-Playing
Broken Odyssey 371,TPS
Broken Odyssey 371,RPG
Infinite Signal 372,Casual
Infinite Signal 372,Trivia
Infinite Signal 372,Music
Hidden Echo 373,Fighting
Hidden Echo 373,Indie
Hidden Echo 373,Trivia
Digital Storm 374,Sandbox
Digital Storm 374,Casual
Digital Storm 374,Educational
Lost Frontier 375,Board Game
Lost Frontier 375,Indie
Neon Rebellion 376,Racing
Neon Rebellion 376,TPS
Rogue Harbor 377,TPS
Rogue Harbor 377,Board Game
Solar Origin 378,Puzzle
Solar Origin 378,FPS
Shadow Run 379,Party
Shadow Run 379,Music
Shadow Run 379,Sports
Iron Frontier 380,Card Game
Iron Frontier 380,Survival
Iron Frontier 380,Horror
Cyber Signal 381,Platformer
Cyber Signal 381,Board Game
Digital Realm 382,Sandbox
Digital Realm 382,Card Game
Hidden Empire 383,Board Game
Hidden Empire 383,Party
Last Rebellion 384,TPS
Last Rebellion 384,Adventure
Last Rebellion 384,Arcade
Dark Tides 385,Trivia
Dark Tides 385,RPG
Solar Ascension 386,Casual
Solar Ascension 386,Fighting
Prime Harbor 387,MMO
Prime Harbor 387,TPS
First Harbor 388,Puzzle
First Harbor 388,Simulation
Prime Realm 389,RPG
Prime Realm 389,Card Game
Rogue Rebellion 390,Adventure
Rogue Rebellion 390,TPS
Silent Rift 391,Adventure
Silent Rift 391,RPG
Broken Run 392,FPS
Broken Run 392,Role-Playing
Broken Rift 393,Horror
Broken Rift 393,Music
Vivid Frontier 394,Stealth
Vivid Frontier 394,Simulation
First Signal 395,Sports
First Signal 395,Survival
Mythic Tides 396,Indie
Mythic Tides 396,Sandbox
Mythic Rift 397,Simulation
Mythic Rift 397,Horror
Mythic Rift 397,Shooter
Shadow Origin 398,Trivia
Shadow Origin 398,Adventure
Cyber Beacon 399,Casual
Cyber Beacon 399,FPS
Mythic Ascension 400,FPS
Mythic Ascension 400,Indie
Galactic Realm 401,Shooter
Galactic Realm 401,Trivia
Shadow Rift 402,Adventure
Shadow Rift 402,Trivia
Shadow Rift 402,Strategy
Cyber Rift 403,Simulation
Cyber Rift 403,Educational
Cyber Rift 403,Fighting
First Signal 404,Sandbox
First Signal 404,Strategy
Crimson Run 405,Sports
Crimson Run 405,Arcade
Crimson Run 405,Survival
Digital Awakening 406,Role-Playing
Digital Awakening 406,Shooter
Cyber Ascension 407,Card Game
Cyber Ascension 407,Platformer
Lunar Odyssey 408,Casual
Lunar Odyssey 408,Action
Mythic Awakening 409,TPS
Mythic Awakening 409,Role-Playing
Mythic Awakening 409,Party
Frozen Rebellion 410,Trivia
Frozen Rebellion 410,FPS
Solar Vanguard 411,Racing
Solar Vanguard 411,Platformer
Solar Vanguard 411,FPS
Neon Sprint 412,Battle Royale
Neon Sprint 412,Shooter
Broken Saga 413,Puzzle
Broken Saga 413,Sports
Wild Saga 414,MMO
Wild Saga 414,TPS
Prime Realm 415,Casual
Prime Realm 415,Indie
Iron Horizons 416,Platformer
Iron Horizons 416,FPS
Iron Horizons 416,Stealth
Solar Signal 417,Trivia
Solar Signal 417,Sandbox
Solar Signal 417,Music
Solar Harbor 418,Casual
Solar Harbor 418,Trivia
Solar Harbor 418,Role-Playing
Crimson Rift 419,Fighting
Crimson Rift 419,Card Game
Crimson Rift 419,FPS
Silent Awakening 420,Sports
Silent Awakening 420,Stealth
Iron Rift 421,Sports
Iron Rift 421,Battle Royale
Iron Rift 421,Puzzle
Secret Run 422,Indie
Secret Run 422,Fighting
Broken Chronicles 423,Action
Broken Chronicles 423,Adventure
Lunar Nomad 424,Simulation
Lunar Nomad 424,FPS
Lunar Nomad 424,RPG
Eternal Rift 425,Adventure
Eternal Rift 425,Sandbox
Mythic Quest 426,Adventure
Mythic Quest 426,Stealth
Mythic Quest 426,Puzzle
Solar Realm 427,Stealth
Solar Realm 427,Role-Playing
Solar Realm 427,Card Game
Galactic Odyssey 428,Puzzle
Galactic Odyssey 428,Simulation
Galactic Odyssey 428,Educational
Lost Quest 429,Fighting
Lost Quest 429,Arcade
Golden Run 430,Platformer
Golden Run 430,Shooter
Golden Run 430,Open World
Vivid Nomad 431,Sandbox
Vivid Nomad 431,Trivia
Vivid Nomad 431,Puzzle
Silent Saga 432,Fighting
Silent Saga 432,Strategy
Shadow Signal 433,Music
Shadow Signal 433,FPS
Secret Vanguard 434,Sandbox
Secret Vanguard 434,Battle Royale
Frozen Beacon 435,Stealth
Frozen Beacon 435,Educational
Last Fall 436,Casual
Last Fall 436,Card Game
Last Fall 436,Shooter
Golden Fall 437,Fighting
Golden Fall 437,FPS
Golden Fall 437,Racing
Eternal Legends 438,Fighting
Eternal Legends 438,Open World
Secret Beacon 439,RPG
Secret Beacon 439,Action
Dark Signal 440,Card Game
Dark Signal 440,Racing
Phantom Forge 441,Open World
Phantom Forge 441,RPG
Phantom Forge 441,Card Game
Phantom Signal 442,Sandbox
Phantom Signal 442,Horror
Infinite Nomad 443,Music
Infinite Nomad 443,MMO
Shadow Quest 444,Platformer
Shadow Quest 444,Educational
Shadow Quest 444,Racing
Crimson Trial 445,Casual
Crimson Trial 445,Arcade
Last Tides 446,Board Game
Last Tides 446,Fighting
Wild Empire 447,Trivia
Wild Empire 447,Music
Ancient Quest 448,Platformer
Ancient Quest 448,Fighting
Vivid Frontier 449,Arcade
Vivid Frontier 449,Open World
Vivid Frontier 449,Racing
Wild Legends 450,Fighting
Wild Legends 450,Stealth
Solar Saga 451,Card Game
Solar Saga 451,Sports
Prime Tides 452,Indie
Prime Tides 452,Music
Ancient Run 453,Action
Ancient Run 453,TPS
Ancient Run 453,RPG
Broken Nomad 454,Racing
Broken Nomad 454,Sandbox
Silent Saga 455,Sports
Silent Saga 455,Adventure
Silent Saga 455,Fighting
Neon Warden 456,Adventure
Neon Warden 456,Platformer
First Signal 457,Survival
First Signal 457,Adventure
First Signal 457,Simulation
Iron Rebellion 458,Simulation
Iron Rebellion 458,Platformer
Lunar Ascension 459,Action
Lunar Ascension 459,Music
Wild Signal 460,Horror
Wild Signal 460,Platformer
Wild Signal 460,MMO
Crimson Harbor 461,Adventure
Crimson Harbor 461,Casual
Crimson Harbor 461,RPG
Vivid Horizons 462,Shooter
Vivid Horizons 462,TPS
Vivid Horizons 462,Sandbox
Wild Storm 463,Simulation
Wild Storm 463,Board Game
Phantom Quest 464,Open World
Phantom Quest 464,Puzzle
Phantom Quest 464,Platformer
Lunar Sprint 465,Role-Playing
Lunar Sprint 465,RPG
Hidden Nomad 466,Horror
Hidden Nomad 466,Arcade
Hidden Nomad 466,Card Game
Phantom Tides 467,Platformer
Phantom Tides 467,Fighting
Golden Sprint 468,Arcade
Golden Sprint 468,Adventure
Eternal Storm 469,Indie
Eternal Storm 469,Party
Eternal Storm 469,Role-Playing
Wild Chronicles 470,Card Game
Wild Chronicles 470,Fighting
Last Awakening 471,Battle Royale
Last Awakening 471,Board Game
Last Awakening 471,Horror
Eternal Storm 472,Horror
Eternal Storm 472,Sandbox
Eternal Storm 472,Battle Royale
Broken Origin 473,Sandbox
Broken Origin 473,Puzzle
Silent Ascension 474,Shooter
Silent Ascension 474,Trivia
Silent Ascension 474,Indie
Silent Legends 475,FPS
Silent Legends 475,Sandbox
Silent Legends 475,Card Game
Galactic Quest 476,Platformer
Galactic Quest 476,Sandbox
Cyber Beacon 477,Indie
Cyber Beacon 477,Platformer
Galactic Beacon 478,Strategy
Galactic Beacon 478,Board Game
Frozen Chronicles 479,Stealth
Frozen Chronicles 479,Casual
Frozen Chronicles 479,Fighting
Shadow Rebellion 480,Party
Shadow Rebellion 480,TPS
Broken Ascension 481,Shooter
Broken Ascension 481,Stealth
Broken Ascension 481,Fighting
Wild Rebellion 482,Casual
Wild Rebellion 482,Stealth
Lost Realm 483,Stealth
Lost Realm 483,Simulation
Lunar Rebellion 484,Role-Playing
Lunar Rebellion 484,Open World
Lunar Rebellion 484,Card Game
Cyber Signal 485,Horror
Cyber Signal 485,Board Game
Phantom Vanguard 486,Stealth
Phantom Vanguard 486,Fighting
Phantom Vanguard 486,Platformer
Last Odyssey 487,Card Game
Last Odyssey 487,Indie
Vivid Signal 488,Stealth
Vivid Signal 488,Role-Playing
Phantom Vanguard 489,Puzzle
Phantom Vanguard 489,Simulation
Cyber Horizons 490,FPS
Cyber Horizons 490,MMO
Dark Dreams 491,Party
Dark Dreams 491,Casual
Dark Dreams 491,Horror
Mythic Nomad 492,Stealth
Mythic Nomad 492,FPS
Mythic Nomad 492,Educational
Cyber Forge 493,Role-Playing
Cyber Forge 493,Puzzle
Silent Warden 494,Racing
Silent Warden 494,Sandbox
Shadow Ascension 495,Action
Shadow Ascension 495,Trivia
Shadow Ascension 495,Party
First Harbor 496,Indie
First Harbor 496,RPG
Ancient Trial 497,Adventure
Ancient Trial 497,Role-Playing
Neon Signal 498,Indie
Neon Signal 498,Stealth
Neon Signal 498,Battle Royale
Eternal Horizons 499,Adventure
Eternal Horizons 499,Battle Royale
Eternal Storm 500,Simulation
Eternal Storm 500,Music
Shadow Horizons 501,Party
Shadow Horizons 501,MMO
Shadow Horizons 501,Strategy
Dark Fall 502,Racing
Dark Fall 502,Adventure
Broken Rift 503,Board Game
Broken Rift 503,Survival
Prime Trial 504,Survival
Prime Trial 504,Fighting
Prime Trial 504,MMO
Cyber Harbor 505,Stealth
Cyber Harbor 505,Party
Crimson Warden 506,MMO
Crimson Warden 506,Battle Royale
Wild Legends 507,Party
Wild Legends 507,Arcade
Neon Ascension 508,Trivia
Neon Ascension 508,Stealth
Neon Ascension 508,FPS
Dark Fall 509,Horror
Dark Fall 509,TPS
Digital Vanguard 510,RPG
Digital Vanguard 510,Survival
Prime Odyssey 511,Survival
Prime Odyssey 511,Indie
Silent Sprint 512,Indie
Silent Sprint 512,Sports
Shadow Legends 513,Sports
Shadow Legends 513,Party
Vivid Saga 514,Music
Vivid Saga 514,Simulation
Crimson Empire 515,Sports
Crimson Empire 515,Arcade
Crimson Empire 515,Action
Hidden Fall 516,MMO
Hidden Fall 516,Strategy
Hidden Fall 516,Open World
Broken Realm 517,Card Game
Broken Realm 517,Puzzle
Broken Realm 517,Educational
Wild Origin 518,Racing
Wild Origin 518,Educational
Broken Nomad 519,Stealth
Broken Nomad 519,Puzzle
Silent Fall 520,Party
Silent Fall 520,Fighting
Hidden Nomad 521,Sandbox
Hidden Nomad 521,Indie
Hidden Nomad 521,Action
Lunar Rebellion 522,Fighting
Lunar Rebellion 522,Adventure
Lunar Rebellion 522,Indie
Hidden Warden 523,Educational
Hidden Warden 523,Board Game
Silent Horizons 524,FPS
Silent Horizons 524,RPG
Dark Harbor 525,RPG
Dark Harbor 525,Horror
Dark Harbor 525,Strategy
Ancient Empire 526,Horror
Ancient Empire 526,Puzzle
Ancient Empire 526,FPS
Rogue Quest 527,Stealth
Rogue Quest 527,Educational
Secret Chronicles 528,Shooter
Secret Chronicles 528,Survival
Secret Chronicles 528,Music
Phantom Sprint 529,Adventure
Phantom Sprint 529,Stealth
Lost Nomad 530,Party
Lost Nomad 530,Battle Royale
Dark Quest 531,Horror
Dark Quest 531,Role-Playing
Frozen Warden 532,Platformer
Frozen Warden 532,Indie
Frozen Warden 532,Music
Dark Run 533,Role-Playing
Dark Run 533,Stealth
Dark Run 533,Puzzle
Galactic Quest 534,Adventure
Galactic Quest 534,Horror
Galactic Horizons 535,Casual
Galactic Horizons 535,Horror
Galactic Horizons 535,Arcade
Prime Frontier 536,Puzzle
Prime Frontier 536,Fighting
Digital Realm 537,Role-Playing
Digital Realm 537,Party
Digital Realm 537,Adventure
Wild Beacon 538,TPS
Wild Beacon 538,Educational
Wild Beacon 538,Racing
Hidden Nomad 539,Simulation
Hidden Nomad 539,Action
Rogue Echo 540,Simulation
Rogue Echo 540,Horror
Rogue Echo 540,Party
Neon Run 541,Horror
Neon Run 541,Stealth
Neon Run 541,Platformer
First Beacon 542,Racing
First Beacon 542,Fighting
First Beacon 542,Indie
Infinite Nomad 543,Music
Infinite Nomad 543,Casual
Lunar Echo 544,Open World
Lunar Echo 544,Racing
Mythic Frontier 545,Music
Mythic Frontier 545,Sandbox
Digital Odyssey 546,Strategy
Digital Odyssey 546,RPG
Mythic Vanguard 547,Arcade
Mythic Vanguard 547,Stealth
Mythic Vanguard 547,Strategy
Prime Fall 548,MMO
Prime Fall 548,Music
Cyber Beacon 549,Action
Cyber Beacon 549,Card Game
Cyber Beacon 549,Strategy
Frozen Chronicles 550,Open World
Frozen Chronicles 550,Adventure
Digital Beacon 551,Horror
Digital Beacon 551,Arcade
Lunar Sprint 552,Platformer
Lunar Sprint 552,Action
Eternal Frontier 553,Platformer
Eternal Frontier 553,Puzzle
Eternal Frontier 553,RPG
Last Nomad 554,Party
Last Nomad 554,Battle Royale
Last Nomad 554,Adventure
Mythic Forge 555,RPG
Mythic Forge 555,Trivia
Mythic Forge 555,MMO
Prime Run 556,RPG
Prime Run 556,Card Game
Prime Run 556,Music
Solar Frontier 557,Educational
Solar Frontier 557,Fighting
Solar Vanguard 558,Music
Solar Vanguard 558,Simulation
Solar Empire 559,Strategy
Solar Empire 559,Survival
Rogue Ascension 560,Racing
Rogue Ascension 560,Casual
Shadow Rift 561,Puzzle
Shadow Rift 561,Fighting
Shadow Rift 561,Party
Rogue Chronicles 562,Open World
Rogue Chronicles 562,Adventure
Iron Sprint 563,RPG
Iron Sprint 563,Role-Playing
Broken Odyssey 564,Platformer
Broken Odyssey 564,Sports
Vivid Rebellion 565,FPS
Vivid Rebellion 565,Trivia
Vivid Rebellion 565,Fighting
Lunar Horizons 566,Music
Lunar Horizons 566,Sandbox
Lunar Horizons 566,Shooter
Infinite Rebellion 567,RPG
Infinite Rebellion 567,TPS
Rogue Sprint 568,Shooter
Rogue Sprint 568,Stealth
Silent Warden 569,Simulation
Silent Warden 569,Party
Silent Warden 569,FPS
Wild Beacon 570,Racing
Wild Beacon 570,Horror
Galactic Rebellion 571,FPS
Galactic Rebellion 571,Casual
Crimson Harbor 572,Simulation
Crimson Harbor 572,Platformer
Iron Sprint 573,Indie
Iron Sprint 573,Platformer
Hidden Run 574,Adventure
Hidden Run 574,Action
Hidden Run 574,Sports
Solar Ascension 575,Adventure
Solar Ascension 575,Simulation
Phantom Horizons 576,Puzzle
Phantom Horizons 576,Adventure
Wild Rebellion 577,Battle Royale
Wild Rebellion 577,Educational
Lunar Harbor 578,Card Game
Lunar Harbor 578,Strategy
Digital Storm 579,Role-Playing
Digital Storm 579,Open World
Broken Forge 580,RPG
Broken Forge 580,Battle Royale
Eternal Warden 581,Shooter
Eternal Warden 581,Strategy
Silent Storm 582,Card Game
Silent Storm 582,TPS
Silent Storm 582,Sports
Silent Saga 583,Party
Silent Saga 583,Board Game
Silent Saga 583,Trivia
Eternal Nomad 584,Role-Playing
Eternal Nomad 584,Stealth
Wild Vanguard 585,Adventure
Wild Vanguard 585,Sandbox
Neon Rift 586,Strategy
Neon Rift 586,Card Game
Cyber Origin 587,RPG
Cyber Origin 587,Simulation
Dark Horizons 588,MMO
Dark Horizons 588,Puzzle
Vivid Origin 589,Music
Vivid Origin 589,TPS
Vivid Origin 589,FPS
Crimson Horizons 590,MMO
Crimson Horizons 590,Survival
Frozen Dreams 591,Stealth
Frozen Dreams 591,Role-Playing
Frozen Dreams 591,Platformer
Solar Storm 592,Survival
Solar Storm 592,FPS
Broken Storm 593,MMO
Broken Storm 593,Casual
Silent Run 594,Card Game
Silent Run 594,Puzzle
Silent Run 594,Simulation
Last Signal 595,Sports
Last Signal 595,Casual
Hidden Ascension 596,Sandbox
Hidden Ascension 596,MMO
Hidden Ascension 596,Simulation
Dark Tides 597,MMO
Dark Tides 597,Arcade
Frozen Chronicles 598,Battle Royale
Frozen Chronicles 598,Role-Playing
Eternal Harbor 599,Educational
Eternal Harbor 599,Fighting
Shadow Horizons 600,Puzzle
Shadow Horizons 600,Horror
Ancient Nomad 601,Role-Playing
Ancient Nomad 601,Arcade
Eternal Beacon 602,Strategy
Eternal Beacon 602,Trivia
Eternal Beacon 602,MMO
Golden Sprint 603,Simulation
Golden Sprint 603,Survival
Last Horizons 604,TPS
Last Horizons 604,RPG
Last Horizons 604,Casual
Wild Trial 605,Shooter
Wild Trial 605,Casual
Dark Chronicles 606,Indie
Dark Chronicles 606,Fighting
Mythic Quest 607,Stealth
Mythic Quest 607,Action
Mythic Quest 607,Survival
Cyber Beacon 608,Shooter
Cyber Beacon 608,Educational
Eternal Awakening 609,Casual
Eternal Awakening 609,Role-Playing
Eternal Awakening 609,Card Game
Prime Vanguard 610,Arcade
Prime Vanguard 610,Battle Royale
Rogue Horizons 611,Strategy
Rogue Horizons 611,Arcade
Ancient Tides 612,Casual
Ancient Tides 612,FPS
Rogue Rebellion 613,Platformer
Rogue Rebellion 613,Card Game
First Ascension 614,Open World
First Ascension 614,FPS
First Ascension 614,Simulation
Broken Dreams 615,Battle Royale
Broken Dreams 615,Music
Broken Dreams 615,Stealth
Last Saga 616,Open World
Last Saga 616,Indie
Hidden Awakening 617,Role-Playing
Hidden Awakening 617,Adventure
Hidden Quest 618,Role-Playing
Hidden Quest 618,Shooter
Infinite Harbor 619,Indie
Infinite Harbor 619,Role-Playing
Frozen Origin 620,Strategy
Frozen Origin 620,Card Game
Infinite Harbor 621,MMO
Infinite Harbor 621,TPS
Infinite Harbor 621,Strategy
Ancient Nomad 622,Platformer
Ancient Nomad 622,Trivia
Last Echo 623,Sandbox
Last Echo 623,Fighting
Frozen Realm 624,TPS
Frozen Realm 624,Strategy
First Horizons 625,RPG
First Horizons 625,Open World
Hidden Harbor 626,Puzzle
Hidden Harbor 626,Educational
Digital Nomad 627,Horror
Digital Nomad 627,Stealth
Iron Run 628,Battle Royale
Iron Run 628,Shooter
Mythic Frontier 629,Casual
Mythic Frontier 629,Board Game
Mythic Frontier 629,Survival
Lunar Realm 630,Puzzle
Lunar Realm 630,Open World
Mythic Quest 631,Educational
Mythic Quest 631,Party
Mythic Quest 631,Racing
Rogue Echo 632,Racing
Rogue Echo 632,Strategy
Mythic Odyssey 633,Casual
Mythic Odyssey 633,Horror
Last Ascension 634,Survival
Last Ascension 634,Shooter
Last Ascension 634,Platformer
Galactic Storm 635,Indie
Galactic Storm 635,Simulation
Lost Empire 636,Open World
Lost Empire 636,Music
Ancient Awakening 637,Casual
Ancient Awakening 637,Adventure
Last Legends 638,Shooter
Last Legends 638,Action
Secret Forge 639,Card Game
Secret Forge 639,Trivia
Phantom Horizons 640,Shooter
Phantom Horizons 640,FPS
Infinite Forge 641,FPS
Infinite Forge 641,Trivia
Infinite Forge 641,Party
Dark Vanguard 642,FPS
Dark Vanguard 642,Fighting
Mythic Horizons 643,Strategy
Mythic Horizons 643,Sandbox
Golden Saga 644,Battle Royale
Golden Saga 644,FPS
Broken Echo 645,Sports
Broken Echo 645,Arcade
Lost Storm 646,Puzzle
Lost Storm 646,Role-Playing
Lost Storm 646,Action
Vivid Horizons 647,Action
Vivid Horizons 647,Fighting
Vivid Horizons 647,Sports
Infinite Warden 648,Casual
Infinite Warden 648,Educational
Silent Fall 649,Role-Playing
Silent Fall 649,Sandbox
Golden Chronicles 650,Adventure
Golden Chronicles 650,Horror
Golden Chronicles 650,Music
Digital Sprint 651,Survival
Digital Sprint 651,Fighting
Digital Sprint 651,Role-Playing
Prime Empire 652,Adventure
Prime Empire 652,Role-Playing
Prime Empire 652,Action
Galactic Legends 653,FPS
Galactic Legends 653,Survival
Galactic Legends 653,TPS
Solar Vanguard 654,Stealth
Solar Vanguard 654,Casual
Mythic Chronicles 655,Platformer
Mythic Chronicles 655,Fighting
Eternal Frontier 656,Survival
Eternal Frontier 656,Trivia
Ancient Nomad 657,Adventure
Ancient Nomad 657,Shooter
Shadow Run 658,Party
Shadow Run 658,Survival
Neon Trial 659,Puzzle
Neon Trial 659,Board Game
Neon Quest 660,Indie
Neon Quest 660,TPS
Phantom Tides 661,Arcade
Phantom Tides 661,Party
Phantom Tides 661,RPG
Cyber Saga 662,Shooter
Cyber Saga 662,Party
Wild Awakening 663,Action
Wild Awakening 663,Board Game
Vivid Vanguard 664,Survival
Vivid Vanguard 664,Casual
Vivid Vanguard 664,Strategy
Shadow Awakening 665,Adventure
Shadow Awakening 665,Trivia
Digital Run 666,Casual
Digital Run 666,Educational
Digital Run 666,Action
Lost Run 667,Educational
Lost Run 667,Music
Lost Run 667,Indie
First Frontier 668,TPS
First Frontier 668,Music
First Frontier 668,Platformer
Phantom Realm 669,Puzzle
Phantom Realm 669,FPS
Secret Realm 670,Racing
Secret Realm 670,Arcade
Hidden Rift 671,Adventure
Hidden Rift 671,Educational
Hidden Rift 671,Party
Silent Echo 672,Trivia
Silent Echo 672,Board Game
Eternal Echo 673,Strategy
Eternal Echo 673,RPG
Ancient Chronicles 674,Stealth
Ancient Chronicles 674,Arcade
Ancient Chronicles 674,Adventure
Crimson Odyssey 675,Shooter
Crimson Odyssey 675,FPS
Crimson Odyssey 675,Action
Shadow Saga 676,Role-Playing
Shadow Saga 676,Shooter
Last Run 677,Role-Playing
Last Run 677,Casual
Golden Awakening 678,Card Game
Golden Awakening 678,RPG
Lost Quest 679,Shooter
Lost Quest 679,Fighting
Mythic Beacon 680,Open World
Mythic Beacon 680,Party
Mythic Beacon 681,RPG
Mythic Beacon 681,Battle Royale
Vivid Saga 682,Sandbox
Vivid Saga 682,Trivia
Silent Rift 683,Sports
Silent Rift 683,Fighting
Eternal Storm 684,Strategy
Eternal Storm 684,Music
Solar Trial 685,Action
Solar Trial 685,Arcade
Solar Trial 685,Racing
Secret Vanguard 686,Horror
Secret Vanguard 686,Fighting
Secret Vanguard 686,Trivia
Prime Trial 687,Trivia
Prime Trial 687,Indie
Frozen Rebellion 688,FPS
Frozen Rebellion 688,Sandbox
Infinite Ascension 689,RPG
Infinite Ascension 689,Sports
Infinite Ascension 689,Survival
Eternal Sprint 690,Horror
Eternal Sprint 690,Racing
Eternal Sprint 690,Battle Royale
Galactic Storm 691,Strategy
Galactic Storm 691,Battle Royale
Lunar Legends 692,TPS
Lunar Legends 692,Arcade
Lunar Legends 692,Educational
Silent Empire 693,Educational
Silent Empire 693,Racing
Crimson Trial 694,Card Game
Crimson Trial 694,Puzzle
Crimson Trial 694,Indie
Mythic Run 695,Trivia
Mythic Run 695,Simulation
First Warden 696,Music
First Warden 696,Sandbox
Digital Awakening 697,Trivia
Digital Awakening 697,Racing
Digital Awakening 697,Casual
Wild Frontier 698,MMO
Wild Frontier 698,Arcade
Wild Frontier 698,Horror
Wild Beacon 699,Survival
Wild Beacon 699,Card Game
Wild Beacon 699,Platformer
Mythic Beacon 700,Fighting
Mythic Beacon 700,Arcade
Mythic Beacon 700,FPS
Cyber Storm 701,Music
Cyber Storm 701,Open World
Iron Ascension 702,MMO
Iron Ascension 702,Educational
Iron Ascension 702,Open World
Golden Saga 703,Sandbox
Golden Saga 703,Role-Playing
Silent Run 704,Fighting
Silent Run 704,Shooter
Silent Run 704,RPG
Lost Signal 705,Strategy
Lost Signal 705,Board Game
Shadow Harbor 706,Trivia
Shadow Harbor 706,FPS
Shadow Harbor 706,Survival
Broken Run 707,Adventure
Broken Run 707,Stealth
Hidden Odyssey 708,Horror
Hidden Odyssey 708,MMO
Silent Quest 709,Music
Silent Quest 709,Card Game
Silent Quest 709,Fighting
Prime Warden 710,Educational
Prime Warden 710,FPS
Prime Warden 710,Simulation
Vivid Vanguard 711,Sandbox
Vivid Vanguard 711,Strategy
Digital Odyssey 712,Platformer
Digital Odyssey 712,Action
Phantom Rift 713,Casual
Phantom Rift 713,RPG
Lunar Storm 714,Racing
Lunar Storm 714,Trivia
Digital Empire 715,Indie
Digital Empire 715,Shooter
Digital Empire 715,Survival
Phantom Nomad 716,Racing
Phantom Nomad 716,Arcade
Crimson Horizons 717,Sandbox
Crimson Horizons 717,FPS
Iron Sprint 718,Strategy
Iron Sprint 718,Puzzle
Wild Storm 719,TPS
Wild Storm 719,Platformer
Wild Storm 719,Horror
Crimson Vanguard 720,Card Game
Crimson Vanguard 720,Fighting
Shadow Sprint 721,Fighting
Shadow Sprint 721,Shooter
Lunar Horizons 722,Music
Lunar Horizons 722,Sandbox
Lunar Horizons 722,Arcade
Silent Horizons 723,Battle Royale
Silent Horizons 723,MMO
Silent Horizons 723,Survival
Rogue Rebellion 724,Battle Royale
Rogue Rebellion 724,RPG
Broken Origin 725,Horror
Broken Origin 725,Platformer
Broken Origin 725,Simulation
Prime Frontier 726,Card Game
Prime Frontier 726,TPS
Prime Frontier 726,Adventure
Vivid Echo 727,FPS
Vivid Echo 727,Trivia
Broken Rebellion 728,Adventure
Broken Rebellion 728,Action
Last Horizons 729,Role-Playing
Last Horizons 729,Casual
Mythic Rift 730,Arcade
Mythic Rift 730,Strategy
Mythic Rift 730,Open World
Cyber Warden 731,Adventure
Cyber Warden 731,Role-Playing
Cyber Warden 731,Arcade
Phantom Ascension 732,Role-Playing
Phantom Ascension 732,Stealth
Lost Saga 733,RPG
Lost Saga 733,Educational
Silent Origin 734,Shooter
Silent Origin 734,Casual
Hidden Origin 735,Indie
Hidden Origin 735,Battle Royale
Infinite Nomad 736,Party
Infinite Nomad 736,Role-Playing
Infinite Nomad 736,Simulation
Cyber Forge 737,Card Game
Cyber Forge 737,Fighting
Cyber Forge 737,Action
Iron Warden 738,Battle Royale
Iron Warden 738,MMO
Dark Rift 739,TPS
Dark Rift 739,Indie
Vivid Ascension 740,Card Game
Vivid Ascension 740,Puzzle
Wild Rebellion 741,Survival
Wild Rebellion 741,Arcade
Wild Rebellion 741,RPG
Lost Realm 742,Indie
Lost Realm 742,Open World
Lost Realm 742,Board Game
Iron Dreams 743,Arcade
Iron Dreams 743,MMO
Iron Dreams 743,Card Game
Neon Nomad 744,Simulation
Neon Nomad 744,Racing
Golden Sprint 745,Racing
Golden Sprint 745,Role-Playing
Golden Sprint 745,Adventure
Wild Nomad 746,Shooter
Wild Nomad 746,Party
Lost Realm 747,Open World
Lost Realm 747,Board Game
Hidden Ascension 748,Educational
Hidden Ascension 748,TPS
Hidden Ascension 748,Fighting
Galactic Awakening 749,Stealth
Galactic Awakening 749,Card Game
Galactic Awakening 749,Board Game
Wild Signal 750,Platformer
Wild Signal 750,Battle Royale
Wild Signal 750,Stealth
Last Horizons 751,Simulation
Last Horizons 751,Role-Playing
Infinite Odyssey 752,Party
Infinite Odyssey 752,MMO
Infinite Odyssey 752,Simulation
Secret Run 753,Action
Secret Run 753,Stealth
Secret Run 753,Racing
Solar Quest 754,Party
Solar Quest 754,Battle Royale
Solar Quest 754,Survival
Last Echo 755,Strategy
Last Echo 755,Music
Last Echo 755,Survival
Mythic Ascension 756,TPS
Mythic Ascension 756,Sandbox
Dark Ascension 757,Action
Dark Ascension 757,Simulation
Shadow Chronicles 758,Shooter
Shadow Chronicles 758,Indie
Eternal Warden 759,TPS
Eternal Warden 759,Stealth
Infinite Saga 760,Stealth
Infinite Saga 760,Party
Infinite Saga 760,Racing
Infinite Sprint 761,TPS
Infinite Sprint 761,FPS
Lunar Legends 762,Stealth
Lunar Legends 762,Card Game
Golden Beacon 763,Shooter
Golden Beacon 763,Action
Mythic Tides 764,Simulation
Mythic Tides 764,Fighting
Mythic Tides 764,Casual
Last Storm 765,Role-Playing
Last Storm 765,Sandbox
Shadow Warden 766,Fighting
Shadow Warden 766,Open World
Golden Horizons 767,Platformer
Golden Horizons 767,Simulation
Eternal Saga 768,MMO
Eternal Saga 768,Simulation
Eternal Saga 768,Board Game
Ancient Legends 769,Casual
Ancient Legends 769,Survival
Ancient Legends 769,Educational
Cyber Realm 770,Sports
Cyber Realm 770,Survival
Cyber Realm 770,Board Game
Neon Tides 771,Educational
Neon Tides 771,RPG
Neon Tides 771,Shooter
First Signal 772,FPS
First Signal 772,RPG
First Signal 772,Platformer
Galactic Forge 773,Sports
Galactic Forge 773,Trivia
Galactic Forge 773,Platformer
Silent Storm 774,FPS
Silent Storm 774,Stealth
Phantom Trial 775,Shooter
Phantom Trial 775,Puzzle
Phantom Trial 775,Open World
Vivid Rebellion 776,Indie
Vivid Rebellion 776,Fighting
Broken Trial 777,Battle Royale
Broken Trial 777,TPS
Broken Trial 777,Stealth
Iron Storm 778,Battle Royale
Iron Storm 778,MMO
Iron Storm 778,Stealth
Lunar Odyssey 779,Card Game
Lunar Odyssey 779,Board Game
Mythic Harbor 780,Puzzle
Mythic Harbor 780,Casual
Mythic Warden 781,Fighting
Mythic Warden 781,Adventure
Mythic Warden 781,Stealth
Digital Vanguard 782,FPS
Digital Vanguard 782,Sandbox
Prime Horizons 783,Platformer
Prime Horizons 783,MMO
Vivid Legends 784,Role-Playing
Vivid Legends 784,Arcade
Wild Ascension 785,Sandbox
Wild Ascension 785,Horror
Golden Dreams 786,Open World
Golden Dreams 786,Casual
Broken Ascension 787,Indie
Broken Ascension 787,TPS
Broken Ascension 787,Trivia
Phantom Ascension 788,Board Game
Phantom Ascension 788,Sports
Cyber Saga 789,Party
Cyber Saga 789,Music
Cyber Saga 789,Trivia
Broken Forge 790,Sports
Broken Forge 790,Trivia
Broken Forge 790,Horror
Frozen Beacon 791,Sandbox
Frozen Beacon 791,Simulation
Eternal Vanguard 792,Battle Royale
Eternal Vanguard 792,Shooter
Cyber Quest 793,Fighting
Cyber Quest 793,Educational
Cyber Quest 793,Sports
Vivid Nomad 794,Sports
Vivid Nomad 794,Board Game
Shadow Empire 795,Survival
Shadow Empire 795,Battle Royale
Shadow Empire 795,Action
Broken Harbor 796,Racing
Broken Harbor 796,Platformer
Golden Beacon 797,Role-Playing
Golden Beacon 797,MMO
Solar Fall 798,Sports
Solar Fall 798,FPS
Solar Fall 798,Platformer
Cyber Rift 799,FPS
Cyber Rift 799,RPG
Solar Warden 800,Music
Solar Warden 800,Educational
Secret Legends 801,Battle Royale
Secret Legends 801,Educational
Secret Legends 801,Trivia
Golden Empire 802,Racing
Golden Empire 802,FPS
Golden Empire 802,Arcade
Galactic Tides 803,Music
Galactic Tides 803,Card Game
Digital Origin 804,Indie
Digital Origin 804,Horror
Vivid Frontier 805,TPS
Vivid Frontier 805,Arcade
Vivid Forge 806,Battle Royale
Vivid Forge 806,Educational
Wild Frontier 807,Role-Playing
Wild Frontier 807,Music
Iron Saga 808,Survival
Iron Saga 808,Trivia
Iron Saga 808,Educational
Dark Harbor 809,Sandbox
Dark Harbor 809,Party
Galactic Rebellion 810,Horror
Galactic Rebellion 810,Survival
Vivid Sprint 811,Educational
Vivid Sprint 811,Card Game
Vivid Sprint 811,Stealth
Galactic Chronicles 812,Sports
Galactic Chronicles 812,Horror
Golden Trial 813,Puzzle
Golden Trial 813,Battle Royale
Golden Trial 813,Card Game
Hidden Origin 814,Racing
Hidden Origin 814,Action
Neon Beacon 815,MMO
Neon Beacon 815,Adventure
Neon Beacon 815,Horror
Cyber Sprint 816,Fighting
Cyber Sprint 816,Adventure
Silent Forge 817,Party
Silent Forge 817,Sandbox
Silent Forge 817,Simulation
Broken Forge 818,Sports
Broken Forge 818,TPS
Prime Forge 819,TPS
Prime Forge 819,MMO
Ancient Fall 820,Educational
Ancient Fall 820,Fighting
Broken Sprint 821,Arcade
Broken Sprint 821,Card Game
Broken Sprint 821,Sports
Last Signal 822,Adventure
Last Signal 822,Board Game
Last Signal 822,Music
Phantom Horizons 823,Party
Phantom Horizons 823,Racing
Phantom Horizons 823,Role-Playing
Vivid Ascension 824,Educational
Vivid Ascension 824,Fighting
Lost Run 825,Horror
Lost Run 825,Indie
Lost Run 825,Trivia
Silent Quest 826,Horror
Silent Quest 826,Simulation
Secret Rift 827,Music
Secret Rift 827,Simulation
Mythic Quest 828,FPS
Mythic Quest 828,Educational
First Chronicles 829,MMO
First Chronicles 829,Puzzle
First Chronicles 829,Simulation
Shadow Frontier 830,Shooter
Shadow Frontier 830,Arcade
Phantom Sprint 831,Stealth
Phantom Sprint 831,Open World
Phantom Sprint 831,Sandbox
Last Forge 832,FPS
Last Forge 832,Sandbox
Infinite Saga 833,Board Game
Infinite Saga 833,Racing
Crimson Beacon 834,Platformer
Crimson Beacon 834,Role-Playing
Crimson Beacon 834,Sports
Mythic Signal 835,Battle Royale
Mythic Signal 835,Platformer
Mythic Signal 835,Horror
Dark Empire 836,Open World
Dark Empire 836,Sandbox
Broken Trial 837,Horror
Broken Trial 837,Board Game
Lost Awakening 838,Party
Lost Awakening 838,Strategy
Rogue Dreams 839,Sandbox
Rogue Dreams 839,MMO
Rogue Dreams 839,Indie
Shadow Legends 840,Simulation
Shadow Legends 840,Stealth
Eternal Tides 841,Racing
Eternal Tides 841,Sandbox
Eternal Tides 841,Adventure
Shadow Vanguard 842,Stealth
Shadow Vanguard 842,Action
Prime Trial 843,Simulation
Prime Trial 843,Fighting
Prime Trial 843,Platformer
Crimson Echo 844,Battle Royale
Crimson Echo 844,TPS
Crimson Chronicles 845,Action
Crimson Chronicles 845,Sandbox
Neon Forge 846,Open World
Neon Forge 846,Shooter
Neon Forge 846,Simulation
Cyber Run 847,TPS
Cyber Run 847,Shooter
Cyber Run 847,Racing
Prime Quest 848,Platformer
Prime Quest 848,Casual
Prime Quest 848,Racing
Golden Vanguard 849,Stealth
Golden Vanguard 849,Indie
Galactic Quest 850,Card Game
Galactic Quest 850,MMO
Wild Sprint 851,FPS
Wild Sprint 851,Strategy
Hidden Saga 852,Sandbox
Hidden Saga 852,Survival
Hidden Saga 852,Fighting
Hidden Rift 853,Arcade
Hidden Rift 853,Board Game
Dark Signal 854,FPS
Dark Signal 854,Survival
Dark Signal 854,Arcade
Solar Saga 855,Battle Royale
Solar Saga 855,Open World
Silent Awakening 856,Fighting
Silent Awakening 856,Racing
Prime Ascension 857,Shooter
Prime Ascension 857,Horror
Prime Ascension 857,Trivia
Crimson Chronicles 858,Action
Crimson Chronicles 858,Survival
Wild Dreams 859,Survival
Wild Dreams 859,Shooter
Digital Awakening 860,Action
Digital Awakening 860,Open World
Secret Rebellion 861,Puzzle
Secret Rebellion 861,Casual
Last Storm 862,MMO
Last Storm 862,Action
Last Storm 862,Strategy
Wild Forge 863,TPS
Wild Forge 863,Strategy
Mythic Realm 864,Puzzle
Mythic Realm 864,Simulation
Cyber Forge 865,Stealth
Cyber Forge 865,Arcade
Golden Frontier 866,Party
Golden Frontier 866,Action
Golden Frontier 866,RPG
Eternal Fall 867,Strategy
Eternal Fall 867,Horror
Digital Dreams 868,Arcade
Digital Dreams 868,Action
Digital Awakening 869,Casual
Digital Awakening 869,Stealth
Digital Awakening 869,FPS
Last Awakening 870,Sandbox
Last Awakening 870,Stealth
Dark Warden 871,Battle Royale
Dark Warden 871,Indie
Prime Fall 872,Platformer
Prime Fall 872,Arcade
Hidden Odyssey 873,Platformer
Hidden Odyssey 873,Horror
Digital Forge 874,Fighting
Digital Forge 874,Sandbox
Prime Nomad 875,Open World
Prime Nomad 875,Casual
First Empire 876,Trivia
First Empire 876,Adventure
First Empire 876,Platformer
Neon Harbor 877,MMO
Neon Harbor 877,Racing
Golden Warden 878,TPS
Golden Warden 878,Educational
Golden Warden 878,Puzzle
Silent Signal 879,Trivia
Silent Signal 879,Shooter
Mythic Nomad 880,Sandbox
Mythic Nomad 880,Card Game
Mythic Nomad 880,Puzzle
Solar Quest 881,Survival
Solar Quest 881,Sports
Neon Trial 882,Battle Royale
Neon Trial 882,Card Game
Neon Trial 882,Open World
Rogue Quest 883,Horror
Rogue Quest 883,Adventure
Secret Realm 884,Role-Playing
Secret Realm 884,Strategy
Secret Realm 884,Trivia
Neon Storm 885,Sports
Neon Storm 885,Arcade
Prime Nomad 886,Party
Prime Nomad 886,Open World
First Nomad 887,Sports
First Nomad 887,Educational
Prime Rift 888,MMO
Prime Rift 888,Sports
Lunar Legends 889,Fighting
Lunar Legends 889,Role-Playing
Secret Frontier 890,Shooter
Secret Frontier 890,MMO
Secret Frontier 890,RPG
Silent Sprint 891,Fighting
Silent Sprint 891,Action
Secret Empire 892,Horror
Secret Empire 892,Casual
Mythic Trial 893,Board Game
Mythic Trial 893,Casual
Mythic Trial 893,Party
Wild Empire 894,Indie
Wild Empire 894,RPG
Digital Dreams 895,Arcade
Digital Dreams 895,MMO
First Legends 896,Casual
First Legends 896,Board Game
Silent Awakening 897,Puzzle
Silent Awakening 897,Arcade
Silent Awakening 897,Board Game
Broken Harbor 898,FPS
Broken Harbor 898,Board Game
Shadow Echo 899,Sandbox
Shadow Echo 899,Platformer
Frozen Legends 900,Indie
Frozen Legends 900,Puzzle
Frozen Legends 900,Open World
Solar Ascension 901,FPS
Solar Ascension 901,Board Game
Solar Ascension 901,Sports
Silent Dreams 902,Battle Royale
Silent Dreams 902,Casual
Iron Tides 903,Stealth
Iron Tides 903,Educational
Hidden Warden 904,Music
Hidden Warden 904,FPS
Crimson Storm 905,Card Game
Crimson Storm 905,Role-Playing
Crimson Storm 905,Strategy
Lunar Horizons 906,Casual
Lunar Horizons 906,Educational
Lunar Horizons 906,RPG
Solar Awakening 907,Fighting
Solar Awakening 907,Action
Solar Awakening 907,Sandbox
First Forge 908,Platformer
First Forge 908,Educational
Broken Trial 909,Simulation
Broken Trial 909,Educational
Infinite Saga 910,Platformer
Infinite Saga 910,Indie
Infinite Saga 910,Card Game
Silent Legends 911,Role-Playing
Silent Legends 911,Survival
Silent Legends 911,Action
Phantom Quest 912,Board Game
Phantom Quest 912,Card Game
Vivid Rift 913,Party
Vivid Rift 913,RPG
First Rift 914,Adventure
First Rift 914,Casual
Cyber Forge 915,Board Game
Cyber Forge 915,Horror
Cyber Forge 915,Open World
Solar Ascension 916,Sports
Solar Ascension 916,Strategy
Solar Ascension 916,Indie
Rogue Chronicles 917,Survival
Rogue Chronicles 917,Sandbox
Solar Fall 918,Indie
Solar Fall 918,Survival
Dark Storm 919,Trivia
Dark Storm 919,Party
Ancient Frontier 920,Educational
Ancient Frontier 920,Stealth
Wild Dreams 921,Role-Playing
Wild Dreams 921,Simulation
Wild Dreams 921,Open World
Prime Harbor 922,RPG
Prime Harbor 922,Board Game
Prime Storm 923,FPS
Prime Storm 923,Battle Royale
Digital Fall 924,Open World
Digital Fall 924,Trivia
Lunar Sprint 925,Survival
Lunar Sprint 925,Board Game
Rogue Frontier 926,Strategy
Rogue Frontier 926,Battle Royale
Prime Quest 927,Arcade
Prime Quest 927,RPG
Golden Odyssey 928,TPS
Golden Odyssey 928,Music
Golden Odyssey 928,RPG
Neon Signal 929,Card Game
Neon Signal 929,FPS
Neon Signal 929,Simulation
Ancient Origin 930,TPS
Ancient Origin 930,Trivia
Neon Quest 931,Sandbox
Neon Quest 931,Survival
Neon Quest 931,Trivia
Secret Chronicles 932,Casual
Secret Chronicles 932,Card Game
Secret Warden 933,Racing
Secret Warden 933,Party
Secret Warden 933,Open World
Wild Beacon 934,MMO
Wild Beacon 934,Board Game
Mythic Sprint 935,Horror
Mythic Sprint 935,Board Game
Shadow Frontier 936,Party
Shadow Frontier 936,Horror
Shadow Frontier 936,Battle Royale
Galactic Empire 937,MMO
Galactic Empire 937,Card Game
Galactic Empire 937,FPS
Lost Awakening 938,Party
Lost Awakening 938,TPS
Golden Frontier 939,Indie
Golden Frontier 939,Shooter
Infinite Quest 940,RPG
Infinite Quest 940,Educational
Infinite Quest 940,Survival
Silent Ascension 941,Adventure
Silent Ascension 941,Sandbox
Silent Ascension 941,Trivia
Galactic Fall 942,Action
Galactic Fall 942,TPS
Galactic Fall 942,Music
Wild Dreams 943,RPG
Wild Dreams 943,Puzzle
Prime Harbor 944,FPS
Prime Harbor 944,Card Game
Prime Harbor 944,Casual
Last Ascension 945,TPS
Last Ascension 945,Arcade
Last Ascension 945,Puzzle
Shadow Vanguard 946,Platformer
Shadow Vanguard 946,Educational
Shadow Vanguard 946,Open World
First Harbor 947,Open World
First Harbor 947,Shooter
First Harbor 947,Card Game
Galactic Signal 948,Shooter
Galactic Signal 948,Strategy
Galactic Signal 948,Card Game
Shadow Sprint 949,Educational
Shadow Sprint 949,Survival
Shadow Sprint 949,RPG
Infinite Warden 950,Sports
Infinite Warden 950,Battle Royale
Infinite Warden 950,Stealth
Golden Run 951,TPS
Golden Run 951,Indie
Shadow Storm 952,Puzzle
Shadow Storm 952,TPS
Shadow Storm 952,Fighting
Lost Beacon 953,Educational
Lost Beacon 953,Arcade
Rogue Realm 954,RPG
Rogue Realm 954,Strategy
Wild Saga 955,Action
Wild Saga 955,Trivia
Wild Saga 955,Casual
Eternal Forge 956,Fighting
Eternal Forge 956,Platformer
Eternal Forge 956,RPG
Rogue Frontier 957,Party
Rogue Frontier 957,Racing
Rogue Frontier 957,Trivia
Prime Dreams 958,Platformer
Prime Dreams 958,TPS
Prime Dreams 958,Sandbox
Ancient Signal 959,Battle Royale
Ancient Signal 959,Adventure
Ancient Signal 959,Educational
Secret Dreams 960,Sandbox
Secret Dreams 960,Casual
Secret Dreams 960,RPG
Lost Fall 961,Horror
Lost Fall 961,Party
Lost Fall 961,Card Game
Hidden Realm 962,Party
Hidden Realm 962,Indie
Infinite Forge 963,Open World
Infinite Forge 963,Music
Lunar Saga 964,Open World
Lunar Saga 964,Casual
Silent Rift 965,Survival
Silent Rift 965,Music
Frozen Sprint 966,Arcade
Frozen Sprint 966,Racing
Secret Run 967,Open World
Secret Run 967,Adventure
Secret Run 967,Music
Dark Empire 968,Sandbox
Dark Empire 968,Racing
Dark Empire 968,Adventure
Solar Origin 969,TPS
Solar Origin 969,Open World
Solar Origin 969,Strategy
Eternal Legends 970,Arcade
Eternal Legends 970,Educational
Eternal Legends 970,Survival
Solar Vanguard 971,Trivia
Solar Vanguard 971,Open World
Frozen Chronicles 972,Racing
Frozen Chronicles 972,Platformer
Frozen Chronicles 972,Open World
Lunar Nomad 973,TPS
Lunar Nomad 973,Action
Ancient Realm 974,MMO
Ancient Realm 974,Racing
Digital Realm 975,Sports
Digital Realm 975,Simulation
Lunar Forge 976,Sandbox
Lunar Forge 976,Party
Eternal Origin 977,Action
Eternal Origin 977,Fighting
Phantom Legends 978,Stealth
Phantom Legends 978,RPG
Phantom Legends 978,FPS
Solar Signal 979,MMO
Solar Signal 979,Platformer
Neon Odyssey 980,Adventure
Neon Odyssey 980,Battle Royale
Neon Odyssey 980,Sports
Hidden Forge 981,Indie
Hidden Forge 981,Simulation
Galactic Legends 982,Open World
Galactic Legends 982,Casual
Galactic Legends 982,Survival
Ancient Storm 983,Sports
Ancient Storm 983,Educational
Solar Echo 984,Sandbox
Solar Echo 984,Open World
Infinite Rift 985,Casual
Infinite Rift 985,Strategy
Infinite Rift 985,Puzzle
Vivid Odyssey 986,Simulation
Vivid Odyssey 986,Shooter
Vivid Odyssey 986,FPS
Galactic Odyssey 987,Racing
Galactic Odyssey 987,Simulation
Galactic Odyssey 987,Fighting
Rogue Trial 988,Music
Rogue Trial 988,Role-Playing
Solar Quest 989,Casual
Solar Quest 989,FPS
Digital Origin 990,Adventure
Digital Origin 990,RPG
Dark Echo 991,Horror
Dark Echo 991,Platformer
Hidden Empire 992,Sandbox
Hidden Empire 992,Educational
Galactic Harbor 993,Adventure
Galactic Harbor 993,Trivia
Galactic Harbor 993,Simulation
Shadow Tides 994,Stealth
Shadow Tides 994,Strategy
Infinite Harbor 995,Role-Playing
Infinite Harbor 995,Racing
Silent Horizons 996,Puzzle
Silent Horizons 996,Shooter
Wild Nomad 997,Casual
Wild Nomad 997,Horror
Wild Nomad 997,RPG
Rogue Tides 998,Music
Rogue Tides 998,Casual
Digital Frontier 999,Indie
Digital Frontier 999,Sports
Wild Tides 1000,RPG
Wild Tides 1000,Fighting
Eternal Run 1001,FPS
Eternal Run 1001,Role-Playing
Eternal Run 1001,TPS
Lost Harbor 1002,Open World
Lost Harbor 1002,Battle Royale
Solar Forge 1003,Action
Solar Forge 1003,Arcade
Solar Forge 1003,Stealth
Prime Tides 1004,Educational
Prime Tides 1004,Battle Royale
Mythic Saga 1005,Board Game
Mythic Saga 1005,Simulation
Secret Odyssey 1006,Simulation
Secret Odyssey 1006,Trivia
Lost Horizons 1007,TPS
Lost Horizons 1007,Fighting
Lost Horizons 1007,Sandbox
Vivid Fall 1008,Horror
Vivid Fall 1008,Survival
Vivid Fall 1008,Puzzle
Shadow Rift 1009,MMO
Shadow Rift 1009,Sandbox
Infinite Horizons 1010,Open World
Infinite Horizons 1010,Action
Last Saga 1011,Horror
Last Saga 1011,Platformer
Last Saga 1011,Casual
Silent Signal 1012,RPG
Silent Signal 1012,Platformer
Silent Signal 1012,Adventure
Silent Origin 1013,Stealth
Silent Origin 1013,Racing
Neon Legends 1014,Stealth
Neon Legends 1014,Action
Neon Legends 1014,Music
Silent Legends 1015,Indie
Silent Legends 1015,MMO
Hidden Run 1016,Open World
Hidden Run 1016,Puzzle
Hidden Run 1016,Trivia
Secret Vanguard 1017,Fighting
Secret Vanguard 1017,TPS
Secret Vanguard 1017,Simulation
Ancient Beacon 1018,Card Game
Ancient Beacon 1018,Racing
Broken Fall 1019,FPS
Broken Fall 1019,Adventure
Neon Tides 1020,Arcade
Neon Tides 1020,Stealth
Mythic Saga 1021,Party
Mythic Saga 1021,Sports
Iron Run 1022,Arcade
Iron Run 1022,Fighting
Iron Run 1022,Survival
Shadow Frontier 1023,Battle Royale
Shadow Frontier 1023,Open World
Solar Beacon 1024,Arcade
Solar Beacon 1024,Simulation
Solar Beacon 1024,Stealth
Infinite Forge 1025,RPG
Infinite Forge 1025,Action
Infinite Forge 1025,Sports
Secret Sprint 1026,Sports
Secret Sprint 1026,Simulation
Secret Sprint 1026,Adventure
Silent Nomad 1027,Horror
Silent Nomad 1027,Platformer
Ancient Harbor 1028,Survival
Ancient Harbor 1028,Strategy
Ancient Harbor 1028,Educational
Vivid Realm 1029,Adventure
Vivid Realm 1029,Stealth
Vivid Realm 1029,TPS
Shadow Saga 1030,Educational
Shadow Saga 1030,Action
Shadow Saga 1030,Trivia
Silent Quest 1031,Platformer
Silent Quest 1031,Open World
Silent Quest 1031,Strategy
Shadow Origin 1032,Adventure
Shadow Origin 1032,Racing
Lunar Saga 1033,Racing
Lunar Saga 1033,Shooter
Cyber Rebellion 1034,Adventure
Cyber Rebellion 1034,Educational
First Frontier 1035,Music
First Frontier 1035,Board Game
Broken Rebellion 1036,Strategy
Broken Rebellion 1036,Survival
Broken Rift 1037,Role-Playing
Broken Rift 1037,MMO
Hidden Dreams 1038,Open World
Hidden Dreams 1038,Fighting
Hidden Dreams 1038,Indie
Galactic Rift 1039,Fighting
Galactic Rift 1039,RPG
Galactic Rift 1039,Battle Royale
Golden Chronicles 1040,Arcade
Golden Chronicles 1040,Role-Playing
Golden Chronicles 1040,Battle Royale
Silent Warden 1041,RPG
Silent Warden 1041,Trivia
Silent Chronicles 1042,TPS
Silent Chronicles 1042,FPS
Shadow Frontier 1043,Action
Shadow Frontier 1043,Card Game
First Harbor 1044,Action
First Harbor 1044,Music
Rogue Trial 1045,Sports
Rogue Trial 1045,Trivia
Galactic Ascension 1046,Card Game
Galactic Ascension 1046,Adventure
Lost Vanguard 1047,Simulation
Lost Vanguard 1047,Board Game
Lost Vanguard 1047,Party
Ancient Ascension 1048,Educational
Ancient Ascension 1048,Battle Royale
Broken Rift 1049,Educational
Broken Rift 1049,Indie
Infinite Rebellion 1050,Puzzle
Infinite Rebellion 1050,FPS
Rogue Forge 1051,Music
Rogue Forge 1051,Battle Royale
Prime Nomad 1052,Board Game
Prime Nomad 1052,Educational
Shadow Forge 1053,Board Game
Shadow Forge 1053,MMO
Shadow Forge 1053,Trivia
First Empire 1054,Survival
First Empire 1054,Racing
Mythic Run 1055,Sandbox
Mythic Run 1055,Open World
Mythic Dreams 1056,Sandbox
Mythic Dreams 1056,Battle Royale
Infinite Vanguard 1057,Role-Playing
Infinite Vanguard 1057,Sports
Infinite Vanguard 1057,Stealth
Iron Realm 1058,MMO
Iron Realm 1058,Adventure
Iron Realm 1058,Board Game
Galactic Rift 1059,Stealth
Galactic Rift 1059,Sandbox
Golden Quest 1060,Party
Golden Quest 1060,RPG
Vivid Frontier 1061,Battle Royale
Vivid Frontier 1061,Board Game
Rogue Forge 1062,Stealth
Rogue Forge 1062,Action
Ancient Dreams 1063,Stealth
Ancient Dreams 1063,Arcade
Ancient Dreams 1063,Sandbox
Infinite Nomad 1064,TPS
Infinite Nomad 1064,Stealth
Infinite Nomad 1064,Board Game
Hidden Vanguard 1065,Shooter
Hidden Vanguard 1065,Educational
Hidden Vanguard 1065,Simulation
Eternal Trial 1066,Shooter
Eternal Trial 1066,Trivia
Eternal Trial 1066,Arcade
Shadow Forge 1067,Sports
Shadow Forge 1067,Horror
Shadow Forge 1067,Educational
Ancient Nomad 1068,MMO
Ancient Nomad 1068,Educational
Lunar Run 1069,Music
Lunar Run 1069,MMO
Lunar Run 1069,Board Game
Neon Rift 1070,Action
Neon Rift 1070,Educational
Secret Ascension 1071,Sandbox
Secret Ascension 1071,FPS
Dark Run 1072,Platformer
Dark Run 1072,Music
Prime Warden 1073,Indie
Prime Warden 1073,Card Game
Last Storm 1074,Stealth
Last Storm 1074,Role-Playing
Dark Echo 1075,FPS
Dark Echo 1075,Party
Hidden Beacon 1076,Educational
Hidden Beacon 1076,Trivia
Phantom Awakening 1077,Puzzle
Phantom Awakening 1077,Simulation
Broken Dreams 1078,Adventure
Broken Dreams 1078,Casual
Dark Echo 1079,Party
Dark Echo 1079,Casual
Vivid Legends 1080,Board Game
Vivid Legends 1080,Survival
Vivid Legends 1080,Open World
Digital Rift 1081,Sandbox
Digital Rift 1081,TPS
Digital Rift 1081,Indie
Cyber Chronicles 1082,Strategy
Cyber Chronicles 1082,Educational
Galactic Harbor 1083,Platformer
Galactic Harbor 1083,Racing
Secret Odyssey 1084,Role-Playing
Secret Odyssey 1084,TPS
Secret Odyssey 1084,Party
Silent Harbor 1085,Adventure
Silent Harbor 1085,Platformer
Silent Harbor 1085,Survival
Iron Realm 1086,Survival
Iron Realm 1086,MMO
Iron Realm 1086,Party
Cyber Rebellion 1087,Racing
Cyber Rebellion 1087,Role-Playing
Wild Origin 1088,TPS
Wild Origin 1088,Survival
Wild Origin 1088,Puzzle
Crimson Dreams 1089,Card Game
Crimson Dreams 1089,RPG
Crimson Dreams 1089,Arcade
Mythic Harbor 1090,Role-Playing
Mythic Harbor 1090,Simulation
Broken Nomad 1091,Party
Broken Nomad 1091,Racing
Digital Run 1092,Board Game
Digital Run 1092,Sports
Digital Run 1092,Indie
Silent Signal 1093,Shooter
Silent Signal 1093,Simulation
Silent Signal 1093,MMO
Lost Legends 1094,Fighting
Lost Legends 1094,Horror
Lost Legends 1094,Open World
Crimson Nomad 1095,Role-Playing
Crimson Nomad 1095,Arcade
Crimson Nomad 1095,Survival
Neon Empire 1096,Role-Playing
Neon Empire 1096,RPG
Neon Empire 1096,FPS
Prime Chronicles 1097,FPS
Prime Chronicles 1097,MMO
Hidden Saga 1098,MMO
Hidden Saga 1098,Action
Hidden Saga 1098,Party
Prime Rebellion 1099,Trivia
Prime Rebellion 1099,Sandbox
Golden Run 1100,Action
Golden Run 1100,Sandbox
Wild Rebellion 1101,Battle Royale
Wild Rebellion 1101,Open World
Hidden Realm 1102,Card Game
Hidden Realm 1102,Board Game
Phantom Tides 1103,Sports
Phantom Tides 1103,Adventure
Infinite Dreams 1104,TPS
Infinite Dreams 1104,Strategy
Shadow Frontier 1105,Adventure
Shadow Frontier 1105,Music
Shadow Frontier 1105,Arcade
Mythic Rift 1106,Puzzle
Mythic Rift 1106,Fighting
Prime Vanguard 1107,MMO
Prime Vanguard 1107,RPG
Golden Tides 1108,Educational
Golden Tides 1108,FPS
Prime Awakening 1109,Sandbox
Prime Awakening 1109,Simulation
Lost Quest 1110,Puzzle
Lost Quest 1110,Stealth
Lost Quest 1110,Role-Playing
Cyber Run 1111,Platformer
Cyber Run 1111,Role-Playing
Cyber Run 1111,Adventure
Lost Odyssey 1112,RPG
Lost Odyssey 1112,Trivia
Lost Odyssey 1112,Action
Frozen Awakening 1113,Music
Frozen Awakening 1113,Adventure
Frozen Nomad 1114,Music
Frozen Nomad 1114,MMO
Frozen Nomad 1114,Battle Royale
Galactic Nomad 1115,Battle Royale
Galactic Nomad 1115,Sports
Hidden Awakening 1116,Adventure
Hidden Awakening 1116,Simulation
Broken Frontier 1117,Puzzle
Broken Frontier 1117,RPG
Dark Horizons 1118,Open World
Dark Horizons 1118,Indie
First Rebellion 1119,Fighting
First Rebellion 1119,Sandbox
First Rebellion 1119,Open World
Crimson Legends 1120,Adventure
Crimson Legends 1120,Role-Playing
Crimson Legends 1120,Action
Cyber Ascension 1121,Sports
Cyber Ascension 1121,FPS
Cyber Ascension 1121,Board Game
Last Quest 1122,Horror
Last Quest 1122,Board Game
Last Quest 1122,FPS
Iron Ascension 1123,Music
Iron Ascension 1123,Shooter
Iron Ascension 1123,TPS
Lunar Rift 1124,Sandbox
Lunar Rift 1124,TPS
Solar Dreams 1125,Trivia
Solar Dreams 1125,Platformer
Solar Dreams 1125,TPS
Silent Fall 1126,FPS
Silent Fall 1126,Stealth
Vivid Harbor 1127,Card Game
Vivid Harbor 1127,Battle Royale
Lost Rebellion 1128,Battle Royale
Lost Rebellion 1128,Puzzle
Lost Rebellion 1128,Shooter
Dark Saga 1129,Sports
Dark Saga 1129,Horror
Dark Saga 1129,Simulation
Silent Forge 1130,Open World
Silent Forge 1130,FPS
Broken Vanguard 1131,Shooter
Broken Vanguard 1131,Open World
Broken Vanguard 1131,TPS
Shadow Vanguard 1132,Puzzle
Shadow Vanguard 1132,Role-Playing
Cyber Beacon 1133,Strategy
Cyber Beacon 1133,Horror
Secret Rebellion 1134,Racing
Secret Rebellion 1134,Educational
Secret Rebellion 1134,Puzzle
Mythic Frontier 1135,Casual
Mythic Frontier 1135,Open World
Cyber Odyssey 1136,Role-Playing
Cyber Odyssey 1136,Board Game
Cyber Odyssey 1136,Racing
Broken Echo 1137,Trivia
Broken Echo 1137,Indie
Solar Run 1138,Indie
Solar Run 1138,Fighting
Solar Run 1138,Card Game
Wild Warden 1139,Stealth
Wild Warden 1139,Casual
Last Dreams 1140,Battle Royale
Last Dreams 1140,RPG
Last Dreams 1140,Indie
Silent Rebellion 1141,FPS
Silent Rebellion 1141,Educational
Silent Rebellion 1141,Survival
Vivid Frontier 1142,Battle Royale
Vivid Frontier 1142,Open World
Eternal Rebellion 1143,Indie
Eternal Rebellion 1143,Trivia
Eternal Rebellion 1143,Action
Digital Fall 1144,Platformer
Digital Fall 1144,Music
Digital Fall 1144,Indie
Iron Chronicles 1145,Casual
Iron Chronicles 1145,Educational
Cyber Forge 1146,Open World
Cyber Forge 1146,Adventure
Mythic Harbor 1147,Party
Mythic Harbor 1147,Puzzle
Mythic Harbor 1147,FPS
Broken Quest 1148,Party
Broken Quest 1148,Role-Playing
Broken Quest 1148,Shooter
Broken Nomad 1149,FPS
Broken Nomad 1149,Adventure
Crimson Chronicles 1150,Racing
Crimson Chronicles 1150,Arcade
Iron Sprint 1151,Party
Iron Sprint 1151,Survival
Iron Sprint 1151,Sports
Infinite Tides 1152,Adventure
Infinite Tides 1152,Open World
Iron Realm 1153,Shooter
Iron Realm 1153,Platformer
Silent Nomad 1154,FPS
Silent Nomad 1154,RPG
Rogue Dreams 1155,Racing
Rogue Dreams 1155,Sports
First Warden 1156,Indie
First Warden 1156,Fighting
Secret Warden 1157,Educational
Secret Warden 1157,Battle Royale
Galactic Quest 1158,Strategy
Galactic Quest 1158,Board Game
Infinite Legends 1159,Sandbox
Infinite Legends 1159,Adventure
Hidden Realm 1160,Party
Hidden Realm 1160,Horror
Hidden Realm 1160,Casual
Crimson Run 1161,Role-Playing
Crimson Run 1161,MMO
Crimson Run 1161,Shooter
Galactic Nomad 1162,Stealth
Galactic Nomad 1162,Board Game
Phantom Sprint 1163,MMO
Phantom Sprint 1163,Open World
Silent Echo 1164,Platformer
Silent Echo 1164,FPS
Silent Echo 1164,Fighting
Phantom Sprint 1165,Role-Playing
Phantom Sprint 1165,Fighting
Phantom Sprint 1165,Horror
Golden Saga 1166,Stealth
Golden Saga 1166,Strategy
Golden Saga 1166,Party
Phantom Vanguard 1167,Adventure
Phantom Vanguard 1167,Arcade
Phantom Vanguard 1167,Open World
Phantom Vanguard 1168,Sandbox
Phantom Vanguard 1168,Racing
Wild Rift 1169,Sandbox
Wild Rift 1169,Trivia
Wild Rift 1169,Card Game
Silent Vanguard 1170,Board Game
Silent Vanguard 1170,Indie
Secret Sprint 1171,Simulation
Secret Sprint 1171,Open World
Neon Origin 1172,Shooter
Neon Origin 1172,Simulation
Neon Origin 1172,Horror
Vivid Sprint 1173,Music
Vivid Sprint 1173,Open World
Vivid Sprint 1173,Trivia
Broken Legends 1174,Platformer
Broken Legends 1174,Card Game
Wild Chronicles 1175,MMO
Wild Chronicles 1175,Arcade
Golden Saga 1176,RPG
Golden Saga 1176,Party
Secret Awakening 1177,Trivia
Secret Awakening 1177,Music
Secret Awakening 1177,Casual
Solar Storm 1178,Strategy
Solar Storm 1178,Sandbox
Digital Empire 1179,Role-Playing
Digital Empire 1179,Card Game
Digital Empire 1179,Indie
Rogue Tides 1180,Music
Rogue Tides 1180,Open World
Rogue Tides 1180,Shooter
Silent Awakening 1181,MMO
Silent Awakening 1181,Shooter
Silent Awakening 1181,Educational
Wild Saga 1182,Action
Wild Saga 1182,Puzzle
Lost Empire 1183,Fighting
Lost Empire 1183,Trivia
Rogue Warden 1184,Strategy
Rogue Warden 1184,Music
Mythic Chronicles 1185,Trivia
Mythic Chronicles 1185,Shooter
Mythic Chronicles 1185,Open World
Secret Forge 1186,Casual
Secret Forge 1186,Board Game
Vivid Chronicles 1187,Shooter
Vivid Chronicles 1187,Stealth
Neon Run 1188,Sports
Neon Run 1188,Music
Iron Fall 1189,Adventure
Iron Fall 1189,Casual
Wild Vanguard 1190,Casual
Wild Vanguard 1190,Simulation
Ancient Trial 1191,Board Game
Ancient Trial 1191,Sports
Ancient Trial 1191,Stealth
First Signal 1192,Arcade
First Signal 1192,Stealth
Lost Saga 1193,Party
Lost Saga 1193,TPS
Lost Saga 1193,FPS
Solar Vanguard 1194,MMO
Solar Vanguard 1194,Party
Secret Realm 1195,Music
Secret Realm 1195,Platformer
Broken Run 1196,Platformer
Broken Run 1196,Party
Golden Tides 1197,Educational
Golden Tides 1197,Indie
Galactic Empire 1198,Role-Playing
Galactic Empire 1198,Fighting
Wild Frontier 1199,Strategy
Wild Frontier 1199,Trivia
Solar Signal 1200,Simulation
Solar Signal 1200,Battle Royale
Solar Signal 1200,Trivia
Lunar Origin 1201,Sandbox
Lunar Origin 1201,Racing
Last Chronicles 1202,Board Game
Last Chronicles 1202,Trivia
Iron Sprint 1203,Platformer
Iron Sprint 1203,FPS
Crimson Empire 1204,Sandbox
Crimson Empire 1204,Educational
Eternal Beacon 1205,Role-Playing
Eternal Beacon 1205,Sandbox
Wild Saga 1206,Shooter
Wild Saga 1206,Survival
Iron Tides 1207,Party
Iron Tides 1207,FPS
Iron Tides 1207,Action
Neon Echo 1208,Arcade
Neon Echo 1208,Shooter
Rogue Dreams 1209,Party
Rogue Dreams 1209,Puzzle
Rogue Dreams 1209,Casual
Mythic Fall 1210,FPS
Mythic Fall 1210,Fighting
Shadow Nomad 1211,Casual
Shadow Nomad 1211,Open World
Broken Rift 1212,Strategy
Broken Rift 1212,Trivia
Neon Empire 1213,Horror
Neon Empire 1213,Stealth
Neon Empire 1213,MMO
Solar Sprint 1214,Simulation
Solar Sprint 1214,Sandbox
Solar Sprint 1214,Trivia
Secret Origin 1215,Board Game
Secret Origin 1215,Adventure
Silent Origin 1216,Casual
Silent Origin 1216,Educational
Silent Origin 1216,Action
Infinite Ascension 1217,Platformer
Infinite Ascension 1217,FPS
Infinite Ascension 1217,Shooter
Prime Fall 1218,Card Game
Prime Fall 1218,Platformer
Mythic Storm 1219,Strategy
Mythic Storm 1219,Survival
Mythic Storm 1219,Adventure
First Forge 1220,Simulation
First Forge 1220,Educational
Prime Run 1221,Puzzle
Prime Run 1221,Fighting
Prime Run 1221,Adventure
Vivid Legends 1222,Educational
Vivid Legends 1222,Open World
Broken Chronicles 1223,Board Game
Broken Chronicles 1223,Trivia
Digital Rift 1224,Indie
Digital Rift 1224,Trivia
Digital Rift 1224,Music
Galactic Dreams 1225,Stealth
Galactic Dreams 1225,TPS
Mythic Sprint 1226,Puzzle
Mythic Sprint 1226,Educational
Mythic Sprint 1226,Card Game
Last Rift 1227,Stealth
Last Rift 1227,Racing
Last Rift 1227,Card Game
Cyber Legends 1228,Casual
Cyber Legends 1228,Strategy
Neon Beacon 1229,Role-Playing
Neon Beacon 1229,Racing
Silent Awakening 1230,Action
Silent Awakening 1230,Music
Ancient Fall 1231,Sports
Ancient Fall 1231,MMO
Secret Trial 1232,MMO
Secret Trial 1232,Indie
Secret Trial 1232,Casual
Broken Warden 1233,Survival
Broken Warden 1233,Stealth
Galactic Rift 1234,Sandbox
Galactic Rift 1234,Board Game
Last Warden 1235,FPS
Last Warden 1235,Card Game
First Rift 1236,Party
First Rift 1236,Survival
Iron Chronicles 1237,Horror
Iron Chronicles 1237,Stealth
Secret Rift 1238,Arcade
Secret Rift 1238,Puzzle
Shadow Tides 1239,Trivia
Shadow Tides 1239,Action
Rogue Odyssey 1240,Card Game
Rogue Odyssey 1240,MMO
Rogue Awakening 1241,Sports
Rogue Awakening 1241,Platformer
Rogue Awakening 1241,Simulation
Crimson Realm 1242,Sports
Crimson Realm 1242,Trivia
Broken Nomad 1243,Sandbox
Broken Nomad 1243,MMO
Broken Nomad 1243,Survival
Golden Realm 1244,Adventure
Golden Realm 1244,Trivia
Eternal Legends 1245,Arcade
Eternal Legends 1245,FPS
Eternal Legends 1245,Shooter
Galactic Chronicles 1246,Trivia
Galactic Chronicles 1246,Sandbox
Mythic Forge 1247,Indie
Mythic Forge 1247,Puzzle
Mythic Forge 1247,Sports
Solar Frontier 1248,Board Game
Solar Frontier 1248,Sports
Iron Nomad 1249,Arcade
Iron Nomad 1249,MMO
Iron Nomad 1249,Puzzle
Ancient Warden 1250,Adventure
Ancient Warden 1250,Platformer
First Signal 1251,Fighting
First Signal 1251,Role-Playing
Iron Empire 1252,Arcade
Iron Empire 1252,Open World
Iron Empire 1252,Sports
Prime Origin 1253,MMO
Prime Origin 1253,Card Game
Prime Origin 1253,Board Game
Silent Nomad 1254,Casual
Silent Nomad 1254,Battle Royale
Neon Legends 1255,Sports
Neon Legends 1255,Racing
Neon Legends 1255,Battle Royale
Neon Fall 1256,Action
Neon Fall 1256,Racing
Galactic Echo 1257,Survival
Galactic Echo 1257,Party
Galactic Echo 1257,Stealth
Crimson Warden 1258,Simulation
Crimson Warden 1258,Casual
Crimson Warden 1258,Educational
Last Nomad 1259,Battle Royale
Last Nomad 1259,Music
Last Nomad 1259,MMO
Neon Trial 1260,Stealth
Neon Trial 1260,MMO
Silent Echo 1261,Indie
Silent Echo 1261,Platformer
Silent Echo 1261,Sports
First Saga 1262,Party
First Saga 1262,Educational
Lost Rebellion 1263,Action
Lost Rebellion 1263,Battle Royale
Lost Rebellion 1263,Fighting
Rogue Rift 1264,Party
Rogue Rift 1264,Trivia
First Quest 1265,MMO
First Quest 1265,Fighting
Wild Run 1266,Educational
Wild Run 1266,Role-Playing
Wild Run 1266,Battle Royale
Mythic Nomad 1267,Sports
Mythic Nomad 1267,Open World
First Trial 1268,Arcade
First Trial 1268,Fighting
Wild Quest 1269,TPS
Wild Quest 1269,Horror
Ancient Quest 1270,Indie
Ancient Quest 1270,TPS
Ancient Quest 1270,Sandbox
Mythic Trial 1271,Fighting
Mythic Trial 1271,Platformer
Solar Horizons 1272,Sports
Solar Horizons 1272,Racing
Solar Horizons 1272,TPS
Silent Warden 1273,Casual
Silent Warden 1273,Card Game
Frozen Dreams 1274,Music
Frozen Dreams 1274,TPS
Frozen Dreams 1274,Sandbox
Prime Vanguard 1275,Adventure
Prime Vanguard 1275,Shooter
Prime Vanguard 1275,Platformer
Wild Saga 1276,Party
Wild Saga 1276,Horror
Phantom Awakening 1277,Music
Phantom Awakening 1277,Racing
Phantom Awakening 1277,Adventure
Phantom Fall 1278,Indie
Phantom Fall 1278,Educational
Phantom Fall 1278,Fighting
Iron Tides 1279,Open World
Iron Tides 1279,Arcade
Iron Tides 1279,Simulation
Shadow Echo 1280,Horror
Shadow Echo 1280,Arcade
Lunar Realm 1281,Educational
Lunar Realm 1281,Trivia
Lunar Realm 1281,Action
Solar Run 1282,Sports
Solar Run 1282,Casual
Galactic Forge 1283,Indie
Galactic Forge 1283,Battle Royale
Hidden Empire 1284,Platformer
Hidden Empire 1284,Puzzle
Hidden Empire 1284,Trivia
Secret Horizons 1285,FPS
Secret Horizons 1285,Battle Royale
Vivid Dreams 1286,Open World
Vivid Dreams 1286,Fighting
Vivid Dreams 1286,RPG
Ancient Frontier 1287,Board Game
Ancient Frontier 1287,Trivia
Ancient Frontier 1287,Educational
Last Forge 1288,Puzzle
Last Forge 1288,Strategy
Last Forge 1288,Stealth
Iron Forge 1289,MMO
Iron Forge 1289,Card Game
Infinite Awakening 1290,Horror
Infinite Awakening 1290,Casual
Infinite Awakening 1290,RPG
Silent Nomad 1291,Casual
Silent Nomad 1291,Card Game
Crimson Storm 1292,Card Game
Crimson Storm 1292,TPS
Wild Signal 1293,Party
Wild Signal 1293,Survival
Iron Legends 1294,Card Game
Iron Legends 1294,Platformer
Iron Legends 1294,Survival
Lunar Rebellion 1295,Puzzle
Lunar Rebellion 1295,Shooter
Lunar Rebellion 1295,Party
Silent Quest 1296,Board Game
Silent Quest 1296,Shooter
Silent Quest 1296,Battle Royale
Lunar Saga 1297,Music
Lunar Saga 1297,Battle Royale
Lunar Saga 1297,Fighting
Silent Dreams 1298,Sandbox
Silent Dreams 1298,Sports
Dark Rebellion 1299,Role-Playing
Dark Rebellion 1299,Sandbox
Dark Rebellion 1299,Sports
Lost Fall 1300,FPS
Lost Fall 1300,Platformer
Iron Dreams 1301,Educational
Iron Dreams 1301,Trivia
Eternal Fall 1302,Action
Eternal Fall 1302,Open World
Eternal Fall 1302,Card Game
Silent Dreams 1303,Sports
Silent Dreams 1303,Fighting
Eternal Odyssey 1304,Shooter
Eternal Odyssey 1304,Platformer
Eternal Odyssey 1304,RPG
Broken Frontier 1305,Open World
Broken Frontier 1305,Arcade
Broken Frontier 1305,Shooter
Lunar Beacon 1306,Stealth
Lunar Beacon 1306,Shooter
Lunar Beacon 1306,Adventure
Secret Origin 1307,Action
Secret Origin 1307,TPS
Solar Legends 1308,Platformer
Solar Legends 1308,Racing
Galactic Empire 1309,Simulation
Galactic Empire 1309,Sandbox
Mythic Warden 1310,Card Game
Mythic Warden 1310,Fighting
Golden Beacon 1311,Action
Golden Beacon 1311,Sandbox
Lunar Legends 1312,Battle Royale
Lunar Legends 1312,Party
Phantom Beacon 1313,Card Game
Phantom Beacon 1313,Indie
Golden Saga 1314,MMO
Golden Saga 1314,Fighting
Neon Odyssey 1315,Stealth
Neon Odyssey 1315,MMO
Silent Chronicles 1316,Platformer
Silent Chronicles 1316,Board Game
Silent Chronicles 1316,MMO
Dark Storm 1317,Role-Playing
Dark Storm 1317,Adventure
Dark Storm 1317,MMO
Frozen Warden 1318,Strategy
Frozen Warden 1318,Horror
Frozen Warden 1318,Arcade
Galactic Ascension 1319,Educational
Galactic Ascension 1319,Shooter
First Run 1320,Racing
First Run 1320,Platformer
First Run 1320,Survival
Iron Rebellion 1321,Simulation
Iron Rebellion 1321,TPS
Infinite Nomad 1322,Music
Infinite Nomad 1322,Sports
Infinite Nomad 1322,Party
Mythic Quest 1323,Role-Playing
Mythic Quest 1323,Platformer
Mythic Quest 1323,Trivia
Mythic Frontier 1324,FPS
Mythic Frontier 1324,Stealth
Lost Quest 1325,Horror
Lost Quest 1325,Educational
Lost Quest 1325,Sandbox
Shadow Sprint 1326,Open World
Shadow Sprint 1326,Board Game
Shadow Sprint 1326,Puzzle
Solar Run 1327,Music
Solar Run 1327,Platformer
Wild Chronicles 1328,FPS
Wild Chronicles 1328,RPG
Infinite Warden 1329,Horror
Infinite Warden 1329,Action
Silent Horizons 1330,Platformer
Silent Horizons 1330,Board Game
Silent Horizons 1330,TPS
Neon Ascension 1331,TPS
Neon Ascension 1331,Survival
Dark Sprint 1332,Sandbox
Dark Sprint 1332,TPS
Iron Vanguard 1333,Strategy
Iron Vanguard 1333,Puzzle
Eternal Beacon 1334,Board Game
Eternal Beacon 1334,Arcade
Galactic Awakening 1335,Role-Playing
Galactic Awakening 1335,MMO
Shadow Odyssey 1336,Horror
Shadow Odyssey 1336,Sports
Neon Dreams 1337,Simulation
Neon Dreams 1337,Battle Royale
Neon Dreams 1337,Card Game
Eternal Vanguard 1338,Horror
Eternal Vanguard 1338,Simulation
Eternal Vanguard 1338,Casual
Shadow Echo 1339,Educational
Shadow Echo 1339,Board Game
Shadow Echo 1339,Open World
Prime Rift 1340,TPS
Prime Rift 1340,Party
Prime Rift 1340,Sports
Silent Tides 1341,Role-Playing
Silent Tides 1341,Survival
Silent Tides 1341,TPS
Rogue Chronicles 1342,Card Game
Rogue Chronicles 1342,Role-Playing
Iron Ascension 1343,Sandbox
Iron Ascension 1343,Sports
Iron Ascension 1343,Role-Playing
Iron Trial 1344,Trivia
Iron Trial 1344,Horror
Iron Ascension 1345,Sandbox
Iron Ascension 1345,Puzzle
Dark Fall 1346,Adventure
Dark Fall 1346,Casual
Vivid Horizons 1347,Casual
Vivid Horizons 1347,Open World
Lost Sprint 1348,TPS
Lost Sprint 1348,Survival
Cyber Dreams 1349,Board Game
Cyber Dreams 1349,Shooter
Cyber Dreams 1349,Educational
Hidden Harbor 1350,Party
Hidden Harbor 1350,Battle Royale
Dark Dreams 1351,Simulation
Dark Dreams 1351,Puzzle
Dark Dreams 1351,Adventure
Solar Chronicles 1352,Battle Royale
Solar Chronicles 1352,Horror
Rogue Quest 1353,Fighting
Rogue Quest 1353,Sports
Rogue Quest 1353,Battle Royale
First Rift 1354,Casual
First Rift 1354,Sports
First Rift 1354,Battle Royale
Secret Frontier 1355,Board Game
Secret Frontier 1355,Puzzle
Secret Frontier 1355,Action
Phantom Vanguard 1356,Sports
Phantom Vanguard 1356,RPG
Phantom Vanguard 1356,Racing
First Nomad 1357,Stealth
First Nomad 1357,Fighting
First Nomad 1357,Puzzle
Broken Legends 1358,Casual
Broken Legends 1358,Action
Broken Legends 1358,RPG
Lost Dreams 1359,Sports
Lost Dreams 1359,Casual
Ancient Origin 1360,Arcade
Ancient Origin 1360,MMO
Ancient Origin 1360,Board Game
Lunar Sprint 1361,Sandbox
Lunar Sprint 1361,Arcade
Crimson Warden 1362,Horror
Crimson Warden 1362,Music
Crimson Warden 1362,RPG
Phantom Rift 1363,RPG
Phantom Rift 1363,Adventure
Wild Beacon 1364,Puzzle
Wild Beacon 1364,Trivia
Wild Beacon 1364,Arcade
Golden Sprint 1365,Trivia
Golden Sprint 1365,Shooter
Crimson Trial 1366,Casual
Crimson Trial 1366,Trivia
Galactic Chronicles 1367,Board Game
Galactic Chronicles 1367,Simulation
Galactic Chronicles 1367,Platformer
Last Nomad 1368,Action
Last Nomad 1368,Role-Playing
Wild Empire 1369,FPS
Wild Empire 1369,Role-Playing
Mythic Realm 1370,Casual
Mythic Realm 1370,Strategy
Mythic Realm 1370,Racing
Lost Trial 1371,Battle Royale
Lost Trial 1371,Fighting
Lost Trial 1371,Shooter
Frozen Signal 1372,Sandbox
Frozen Signal 1372,Horror
Frozen Signal 1372,Music
Lost Origin 1373,Racing
Lost Origin 1373,FPS
Mythic Tides 1374,FPS
Mythic Tides 1374,Stealth
Mythic Tides 1374,Sandbox
Cyber Warden 1375,Educational
Cyber Warden 1375,Stealth
Ancient Horizons 1376,Role-Playing
Ancient Horizons 1376,Sports
Hidden Empire 1377,Puzzle
Hidden Empire 1377,Arcade
Phantom Sprint 1378,Indie
Phantom Sprint 1378,Strategy
Frozen Awakening 1379,Indie
Frozen Awakening 1379,Sports
Rogue Forge 1380,Board Game
Rogue Forge 1380,Sandbox
Rogue Forge 1380,Racing
Phantom Empire 1381,Fighting
Phantom Empire 1381,Adventure
Vivid Sprint 1382,RPG
Vivid Sprint 1382,Card Game
Broken Storm 1383,Adventure
Broken Storm 1383,Sports
Infinite Trial 1384,FPS
Infinite Trial 1384,Adventure
Infinite Trial 1384,MMO
Rogue Rebellion 1385,Party
Rogue Rebellion 1385,Sandbox
Silent Fall 1386,Survival
Silent Fall 1386,Open World
First Saga 1387,Casual
First Saga 1387,Horror
Silent Fall 1388,Strategy
Silent Fall 1388,Arcade
Broken Echo 1389,Open World
Broken Echo 1389,RPG
Golden Beacon 1390,Adventure
Golden Beacon 1390,Party
Golden Beacon 1390,Simulation
Golden Dreams 1391,Racing
Golden Dreams 1391,Platformer
Solar Tides 1392,MMO
Solar Tides 1392,Battle Royale
Hidden Trial 1393,Racing
Hidden Trial 1393,Strategy
Hidden Trial 1393,Educational
Silent Harbor 1394,Fighting
Silent Harbor 1394,Indie
Silent Harbor 1394,Stealth
Shadow Chronicles 1395,TPS
Shadow Chronicles 1395,Survival
Shadow Chronicles 1395,Music
Shadow Run 1396,Puzzle
Shadow Run 1396,Trivia
Lunar Echo 1397,Sandbox
Lunar Echo 1397,Role-Playing
Lunar Echo 1397,Trivia
Ancient Awakening 1398,Action
Ancient Awakening 1398,Card Game
Broken Frontier 1399,Sandbox
Broken Frontier 1399,MMO
Broken Frontier 1399,Board Game
Silent Origin 1400,FPS
Silent Origin 1400,Strategy
Prime Awakening 1401,Casual
Prime Awakening 1401,Indie
Prime Awakening 1401,Music
Mythic Saga 1402,Platformer
Mythic Saga 1402,Arcade
Neon Beacon 1403,Strategy
Neon Beacon 1403,Fighting
Neon Beacon 1403,Battle Royale
Shadow Echo 1404,Sports
Shadow Echo 1404,Action
Last Saga 1405,Fighting
Last Saga 1405,Shooter
Last Saga 1405,Casual
Rogue Saga 1406,Horror
Rogue Saga 1406,Stealth
Lost Harbor 1407,Music
Lost Harbor 1407,Role-Playing
Vivid Dreams 1408,Party
Vivid Dreams 1408,Music
Neon Rebellion 1409,Horror
Neon Rebellion 1409,Adventure
Neon Rebellion 1409,Arcade
Hidden Sprint 1410,Educational
Hidden Sprint 1410,Horror
Hidden Sprint 1410,Indie
Solar Empire 1411,Horror
Solar Empire 1411,Sandbox
Solar Empire 1411,Card Game
Silent Rift 1412,Simulation
Silent Rift 1412,Fighting
Silent Rift 1412,Role-Playing
Secret Fall 1413,Indie
Secret Fall 1413,Battle Royale
Secret Fall 1413,Racing
Rogue Tides 1414,Action
Rogue Tides 1414,Arcade
Solar Harbor 1415,Music
Solar Harbor 1415,TPS
Prime Echo 1416,Role-Playing
Prime Echo 1416,TPS
Dark Legends 1417,Open World
Dark Legends 1417,Battle Royale
Dark Legends 1417,Indie
Vivid Run 1418,Indie
Vivid Run 1418,Board Game
Prime Trial 1419,Educational
Prime Trial 1419,Card Game
Prime Trial 1419,Action
Wild Empire 1420,Indie
Wild Empire 1420,Card Game
Wild Empire 1420,RPG
Galactic Chronicles 1421,Card Game
Galactic Chronicles 1421,Indie
Galactic Chronicles 1421,Racing
Eternal Nomad 1422,Survival
Eternal Nomad 1422,Card Game
Secret Dreams 1423,Action
Secret Dreams 1423,Horror
Rogue Fall 1424,Shooter
Rogue Fall 1424,Survival
Digital Empire 1425,Card Game
Digital Empire 1425,Arcade
Digital Empire 1425,Survival
Neon Legends 1426,FPS
Neon Legends 1426,Fighting
Prime Saga 1427,Simulation
Prime Saga 1427,Indie
Prime Saga 1427,Fighting
Rogue Dreams 1428,Educational
Rogue Dreams 1428,Adventure
Wild Nomad 1429,Strategy
Wild Nomad 1429,Battle Royale
Silent Vanguard 1430,Party
Silent Vanguard 1430,Arcade
Silent Vanguard 1430,Action
Galactic Tides 1431,RPG
Galactic Tides 1431,Music
Galactic Tides 1431,Card Game
Rogue Fall 1432,Shooter
Rogue Fall 1432,TPS
Rogue Fall 1432,Adventure
Broken Sprint 1433,Racing
Broken Sprint 1433,Fighting
Hidden Quest 1434,Puzzle
Hidden Quest 1434,Racing
Infinite Odyssey 1435,Casual
Infinite Odyssey 1435,Indie
Infinite Odyssey 1435,Survival
First Echo 1436,MMO
First Echo 1436,Indie
Golden Tides 1437,Puzzle
Golden Tides 1437,Board Game
Cyber Ascension 1438,Sandbox
Cyber Ascension 1438,Party
Cyber Ascension 1438,MMO
Infinite Storm 1439,Board Game
Infinite Storm 1439,TPS
Phantom Storm 1440,Educational
Phantom Storm 1440,Platformer
Last Saga 1441,Action
Last Saga 1441,Arcade
Frozen Run 1442,Sports
Frozen Run 1442,Simulation
Mythic Beacon 1443,Board Game
Mythic Beacon 1443,Platformer
Golden Realm 1444,Arcade
Golden Realm 1444,Sandbox
Golden Realm 1444,Simulation
Infinite Legends 1445,MMO
Infinite Legends 1445,Platformer
Infinite Legends 1445,Battle Royale
Vivid Chronicles 1446,Platformer
Vivid Chronicles 1446,Card Game
Wild Echo 1447,FPS
Wild Echo 1447,Indie
Silent Beacon 1448,RPG
Silent Beacon 1448,Stealth
Wild Chronicles 1449,Racing
Wild Chronicles 1449,Trivia
Wild Chronicles 1449,Puzzle
Solar Rift 1450,Sports
Solar Rift 1450,Indie
Vivid Origin 1451,Stealth
Vivid Origin 1451,Music
Vivid Origin 1451,MMO
Prime Dreams 1452,Racing
Prime Dreams 1452,MMO
Last Chronicles 1453,Racing
Last Chronicles 1453,Survival
Last Chronicles 1453,Board Game
Ancient Ascension 1454,TPS
Ancient Ascension 1454,Racing
Mythic Signal 1455,Fighting
Mythic Signal 1455,MMO
Mythic Forge 1456,Shooter
Mythic Forge 1456,Sandbox
Crimson Beacon 1457,Shooter
Crimson Beacon 1457,Educational
Last Beacon 1458,Puzzle
Last Beacon 1458,Stealth
Secret Echo 1459,Casual
Secret Echo 1459,Shooter
Solar Dreams 1460,Battle Royale
Solar Dreams 1460,Music
Iron Quest 1461,Shooter
Iron Quest 1461,Strategy
Iron Quest 1461,Survival
Infinite Realm 1462,Indie
Infinite Realm 1462,Role-Playing
Solar Legends 1463,Survival
Solar Legends 1463,Fighting
Eternal Trial 1464,Platformer
Eternal Trial 1464,Horror
Golden Odyssey 1465,RPG
Golden Odyssey 1465,Educational
Golden Odyssey 1465,Music
Rogue Ascension 1466,Strategy
Rogue Ascension 1466,Shooter
Digital Dreams 1467,Puzzle
Digital Dreams 1467,Action
Wild Trial 1468,Strategy
Wild Trial 1468,Battle Royale
Ancient Legends 1469,Shooter
Ancient Legends 1469,Casual
Ancient Legends 1469,Role-Playing
Neon Signal 1470,Sports
Neon Signal 1470,MMO
Silent Chronicles 1471,Puzzle
Silent Chronicles 1471,Sandbox
Mythic Fall 1472,Survival
Mythic Fall 1472,Board Game
Last Harbor 1473,Stealth
Last Harbor 1473,MMO
Golden Tides 1474,Strategy
Golden Tides 1474,Puzzle
Shadow Nomad 1475,Action
Shadow Nomad 1475,Card Game
Shadow Warden 1476,Survival
Shadow Warden 1476,Role-Playing
Digital Chronicles 1477,FPS
Digital Chronicles 1477,Sports
Galactic Origin 1478,Battle Royale
Galactic Origin 1478,Action
Secret Chronicles 1479,Platformer
Secret Chronicles 1479,Sandbox
Secret Chronicles 1479,TPS
Wild Saga 1480,Horror
Wild Saga 1480,Trivia
Prime Tides 1481,Battle Royale
Prime Tides 1481,Survival
Rogue Legends 1482,Fighting
Rogue Legends 1482,Survival
Silent Warden 1483,Shooter
Silent Warden 1483,Trivia
Phantom Ascension 1484,Indie
Phantom Ascension 1484,Card Game
Phantom Ascension 1484,Fighting
Secret Vanguard 1485,Role-Playing
Secret Vanguard 1485,Shooter
Crimson Nomad 1486,Racing
Crimson Nomad 1486,Puzzle
Crimson Nomad 1486,Board Game
Galactic Rebellion 1487,Shooter
Galactic Rebellion 1487,TPS
Galactic Rebellion 1487,Open World
Iron Forge 1488,Platformer
Iron Forge 1488,Card Game
Lost Warden 1489,Open World
Lost Warden 1489,Stealth
Infinite Tides 1490,Action
Infinite Tides 1490,Fighting
Infinite Tides 1490,Card Game
Galactic Awakening 1491,FPS
Galactic Awakening 1491,Stealth
Crimson Echo 1492,Simulation
Crimson Echo 1492,Music
Crimson Echo 1492,Indie
Broken Beacon 1493,Fighting
Broken Beacon 1493,Party
Eternal Dreams 1494,RPG
Eternal Dreams 1494,Music
Iron Signal 1495,Open World
Iron Signal 1495,Simulation
Iron Signal 1495,Sandbox
Mythic Forge 1496,Card Game
Mythic Forge 1496,Battle Royale
Silent Storm 1497,Educational
Silent Storm 1497,Battle Royale
Silent Storm 1497,Card Game
Frozen Sprint 1498,Survival
Frozen Sprint 1498,Casual
Frozen Sprint 1498,Party
Ancient Storm 1499,Horror
Ancient Storm 1499,Open World
Galactic Sprint 1500,Adventure
Galactic Sprint 1500,RPG
Galactic Sprint 1500,Platformer
Mythic Run 1501,TPS
Mythic Run 1501,Educational
Mythic Run 1501,Action
Ancient Chronicles 1502,RPG
Ancient Chronicles 1502,Racing
Ancient Chronicles 1502,Shooter
Iron Sprint 1503,Sandbox
Iron Sprint 1503,FPS
Crimson Vanguard 1504,Stealth
Crimson Vanguard 1504,Open World
Digital Legends 1505,Horror
Digital Legends 1505,Adventure
Digital Legends 1505,MMO
Crimson Rift 1506,Racing
Crimson Rift 1506,Stealth
Neon Harbor 1507,Casual
Neon Harbor 1507,Shooter
Neon Harbor 1507,Card Game
Silent Run 1508,Indie
Silent Run 1508,Action
Silent Run 1508,Fighting
Broken Warden 1509,Party
Broken Warden 1509,TPS
Digital Empire 1510,Shooter
Digital Empire 1510,Racing
Lunar Forge 1511,Music
Lunar Forge 1511,Arcade
Lunar Forge 1511,Educational
Dark Chronicles 1512,Sandbox
Dark Chronicles 1512,Stealth
Lost Sprint 1513,Music
Lost Sprint 1513,Trivia
Phantom Vanguard 1514,Sandbox
Phantom Vanguard 1514,Open World
Hidden Sprint 1515,Board Game
Hidden Sprint 1515,Sandbox
Frozen Nomad 1516,Casual
Frozen Nomad 1516,Sports
Digital Rebellion 1517,Horror
Digital Rebellion 1517,Shooter
Neon Sprint 1518,Battle Royale
Neon Sprint 1518,Survival
Dark Horizons 1519,Platformer
Dark Horizons 1519,Puzzle
Silent Sprint 1520,Role-Playing
Silent Sprint 1520,Battle Royale
Ancient Awakening 1521,Music
Ancient Awakening 1521,Arcade
Ancient Awakening 1521,Sandbox
Secret Awakening 1522,Horror
Secret Awakening 1522,Card Game
Secret Awakening 1522,Stealth
Golden Quest 1523,Platformer
Golden Quest 1523,Sports
Solar Trial 1524,Action
Solar Trial 1524,Strategy
Prime Fall 1525,Trivia
Prime Fall 1525,Battle Royale
Mythic Saga 1526,Board Game
Mythic Saga 1526,Trivia
Mythic Saga 1526,Sandbox
Silent Beacon 1527,TPS
Silent Beacon 1527,Educational
Silent Beacon 1527,Racing
Lost Echo 1528,Educational
Lost Echo 1528,RPG
Wild Rebellion 1529,Puzzle
Wild Rebellion 1529,Sandbox
Wild Rebellion 1529,Indie
Golden Saga 1530,Sports
Golden Saga 1530,Fighting
Frozen Origin 1531,Strategy
Frozen Origin 1531,Arcade
Neon Legends 1532,Racing
Neon Legends 1532,MMO
Broken Forge 1533,Sports
Broken Forge 1533,Stealth
Last Origin 1534,Battle Royale
Last Origin 1534,Party
First Forge 1535,Sandbox
First Forge 1535,Role-Playing
First Forge 1535,Open World
Rogue Fall 1536,Card Game
Rogue Fall 1536,Adventure
Rogue Fall 1536,Role-Playing
Galactic Nomad 1537,Educational
Galactic Nomad 1537,MMO
Rogue Tides 1538,Strategy
Rogue Tides 1538,Simulation
Rogue Tides 1538,Open World
Ancient Frontier 1539,Puzzle
Ancient Frontier 1539,TPS
Ancient Frontier 1539,Platformer
Broken Quest 1540,Role-Playing
Broken Quest 1540,Battle Royale
Wild Frontier 1541,Adventure
Wild Frontier 1541,Card Game
Wild Frontier 1541,Shooter
Hidden Saga 1542,Indie
Hidden Saga 1542,RPG
Hidden Saga 1542,Puzzle
Eternal Legends 1543,Role-Playing
Eternal Legends 1543,Sandbox
Infinite Empire 1544,Puzzle
Infinite Empire 1544,Sports
Infinite Empire 1544,TPS
Mythic Fall 1545,TPS
Mythic Fall 1545,Card Game
Mythic Fall 1545,Board Game
Vivid Run 1546,Platformer
Vivid Run 1546,Sandbox
Vivid Run 1546,Horror
Shadow Quest 1547,Casual
Shadow Quest 1547,Board Game
Shadow Quest 1547,Arcade
Vivid Signal 1548,Racing
Vivid Signal 1548,TPS
Vivid Signal 1548,Music
Crimson Warden 1549,MMO
Crimson Warden 1549,Casual
Broken Vanguard 1550,Horror
Broken Vanguard 1550,Card Game
First Origin 1551,Music
First Origin 1551,RPG
Frozen Nomad 1552,Strategy
Frozen Nomad 1552,Open World
Frozen Nomad 1552,Racing
Crimson Horizons 1553,Simulation
Crimson Horizons 1553,Stealth
Iron Saga 1554,Survival
Iron Saga 1554,Shooter
Iron Saga 1554,TPS
Golden Signal 1555,Sandbox
Golden Signal 1555,Music
Mythic Horizons 1556,Role-Playing
Mythic Horizons 1556,Platformer
Dark Chronicles 1557,Simulation
Dark Chronicles 1557,Board Game
Cyber Tides 1558,Role-Playing
Cyber Tides 1558,Arcade
Cyber Tides 1558,Party
Wild Quest 1559,Educational
Wild Quest 1559,Adventure
Wild Quest 1559,Open World
Frozen Vanguard 1560,Casual
Frozen Vanguard 1560,FPS
Frozen Vanguard 1560,Shooter
Rogue Empire 1561,Battle Royale
Rogue Empire 1561,Trivia
Lost Awakening 1562,Battle Royale
Lost Awakening 1562,RPG
Golden Run 1563,Stealth
Golden Run 1563,Strategy
Silent Warden 1564,Trivia
Silent Warden 1564,Survival
Secret Rift 1565,Survival
Secret Rift 1565,Sandbox
Golden Awakening 1566,Strategy
Golden Awakening 1566,RPG
Golden Awakening 1566,Card Game
Ancient Odyssey 1567,Adventure
Ancient Odyssey 1567,Indie
Vivid Frontier 1568,Horror
Vivid Frontier 1568,Casual
Shadow Legends 1569,Battle Royale
Shadow Legends 1569,Indie
Silent Storm 1570,Trivia
Silent Storm 1570,Music
First Dreams 1571,Battle Royale
First Dreams 1571,Arcade
Phantom Fall 1572,Party
Phantom Fall 1572,Trivia
Phantom Fall 1572,MMO
Rogue Empire 1573,Indie
Rogue Empire 1573,Platformer
Rogue Empire 1573,Sandbox
Cyber Empire 1574,Music
Cyber Empire 1574,Battle Royale
Digital Ascension 1575,Puzzle
Digital Ascension 1575,MMO
Digital Ascension 1575,Open World
Frozen Dreams 1576,Battle Royale
Frozen Dreams 1576,Music
Frozen Dreams 1576,Educational
Ancient Awakening 1577,Music
Ancient Awakening 1577,MMO
Silent Fall 1578,Strategy
Silent Fall 1578,TPS
Iron Saga 1579,Fighting
Iron Saga 1579,Sports
Phantom Ascension 1580,Strategy
Phantom Ascension 1580,Sports
Hidden Warden 1581,TPS
Hidden Warden 1581,Battle Royale
Neon Rift 1582,Arcade
Neon Rift 1582,Action
Neon Rift 1582,MMO
Neon Frontier 1583,Indie
Neon Frontier 1583,Sports
Neon Frontier 1583,Survival
Galactic Frontier 1584,RPG
Galactic Frontier 1584,Adventure
Cyber Dreams 1585,Open World
Cyber Dreams 1585,Survival
Cyber Dreams 1585,Stealth
Solar Origin 1586,Simulation
Solar Origin 1586,MMO
Solar Origin 1586,Stealth
Ancient Dreams 1587,Battle Royale
Ancient Dreams 1587,Arcade
Phantom Legends 1588,Racing
Phantom Legends 1588,Arcade
Frozen Run 1589,Horror
Frozen Run 1589,Educational
Iron Fall 1590,Puzzle
Iron Fall 1590,Survival
Iron Empire 1591,Open World
Iron Empire 1591,Party
Iron Empire 1591,Simulation
Lost Empire 1592,Indie
Lost Empire 1592,Sandbox
Lost Empire 1592,Action
Galactic Beacon 1593,Racing
Galactic Beacon 1593,Open World
Galactic Beacon 1593,Battle Royale
Broken Trial 1594,Arcade
Broken Trial 1594,Indie
Golden Tides 1595,Arcade
Golden Tides 1595,Action
Golden Tides 1595,Educational
Wild Legends 1596,Fighting
Wild Legends 1596,Music
Neon Signal 1597,Adventure
Neon Signal 1597,Party
Iron Legends 1598,Indie
Iron Legends 1598,Battle Royale
Iron Legends 1598,Stealth
Broken Run 1599,Sandbox
Broken Run 1599,Indie
Broken Run 1599,Stealth
Broken Echo 1600,RPG
Broken Echo 1600,Fighting
Broken Echo 1600,Sports
Cyber Run 1601,Casual
Cyber Run 1601,Arcade
First Warden 1602,Sandbox
First Warden 1602,Adventure
First Warden 1602,RPG
Mythic Vanguard 1603,Board Game
Mythic Vanguard 1603,Party
Mythic Vanguard 1603,Fighting
Broken Tides 1604,Shooter
Broken Tides 1604,FPS
Lunar Tides 1605,Sandbox
Lunar Tides 1605,Stealth
Ancient Horizons 1606,Puzzle
Ancient Horizons 1606,MMO
Last Vanguard 1607,Stealth
Last Vanguard 1607,Trivia
Mythic Horizons 1608,FPS
Mythic Horizons 1608,Stealth
Mythic Horizons 1608,Horror
Lunar Odyssey 1609,Music
Lunar Odyssey 1609,Casual
Rogue Origin 1610,Card Game
Rogue Origin 1610,Shooter
Prime Frontier 1611,Survival
Prime Frontier 1611,Platformer
Prime Frontier 1611,Educational
Shadow Vanguard 1612,Music
Shadow Vanguard 1612,Survival
Mythic Trial 1613,Shooter
Mythic Trial 1613,Role-Playing
Silent Harbor 1614,Party
Silent Harbor 1614,Sports
Silent Harbor 1614,Strategy
Vivid Beacon 1615,RPG
Vivid Beacon 1615,Shooter
Secret Odyssey 1616,RPG
Secret Odyssey 1616,Horror
Neon Horizons 1617,Trivia
Neon Horizons 1617,Casual
Hidden Sprint 1618,Puzzle
Hidden Sprint 1618,Platformer
Solar Nomad 1619,Indie
Solar Nomad 1619,Simulation
Solar Nomad 1619,Adventure
Digital Vanguard 1620,Sports
Digital Vanguard 1620,Survival
Eternal Harbor 1621,Fighting
Eternal Harbor 1621,Adventure
Eternal Harbor 1621,Racing
Lost Vanguard 1622,Battle Royale
Lost Vanguard 1622,Survival
Golden Echo 1623,Board Game
Golden Echo 1623,Shooter
Golden Echo 1623,Horror
Iron Sprint 1624,Trivia
Iron Sprint 1624,Horror
First Run 1625,Fighting
First Run 1625,Action
First Run 1625,FPS
Phantom Warden 1626,Indie
Phantom Warden 1626,Adventure
Phantom Warden 1626,Educational
Cyber Legends 1627,Arcade
Cyber Legends 1627,Shooter
Cyber Legends 1627,Indie
Lunar Rift 1628,Battle Royale
Lunar Rift 1628,Survival
Lunar Rift 1628,Fighting
Eternal Empire 1629,Stealth
Eternal Empire 1629,Party
Digital Beacon 1630,TPS
Digital Beacon 1630,Simulation
Infinite Realm 1631,Survival
Infinite Realm 1631,Battle Royale
Dark Saga 1632,Strategy
Dark Saga 1632,Simulation
Broken Rebellion 1633,MMO
Broken Rebellion 1633,Racing
Galactic Rebellion 1634,TPS
Galactic Rebellion 1634,RPG
Last Realm 1635,Action
Last Realm 1635,Adventure
Shadow Tides 1636,Horror
Shadow Tides 1636,Arcade
Shadow Tides 1636,Board Game
Phantom Run 1637,Battle Royale
Phantom Run 1637,Trivia
Golden Forge 1638,FPS
Golden Forge 1638,Trivia
Golden Forge 1638,Racing
Vivid Harbor 1639,Music
Vivid Harbor 1639,Stealth
First Empire 1640,Shooter
First Empire 1640,Simulation
Last Legends 1641,Horror
Last Legends 1641,Sandbox
Iron Realm 1642,Indie
Iron Realm 1642,Party
Ancient Origin 1643,Simulation
Ancient Origin 1643,Board Game
Prime Horizons 1644,Card Game
Prime Horizons 1644,Arcade
Prime Horizons 1644,Fighting
Iron Fall 1645,Sports
Iron Fall 1645,Platformer
Broken Echo 1646,Racing
Broken Echo 1646,Strategy
Broken Echo 1646,Adventure
Wild Ascension 1647,Fighting
Wild Ascension 1647,Sandbox
Broken Ascension 1648,Indie
Broken Ascension 1648,Battle Royale
Rogue Rift 1649,Board Game
Rogue Rift 1649,Adventure
Rogue Rift 1649,Action
Phantom Forge 1650,RPG
Phantom Forge 1650,Puzzle
First Rift 1651,Racing
First Rift 1651,Shooter
Secret Trial 1652,Adventure
Secret Trial 1652,Racing
Secret Trial 1652,Battle Royale
Last Storm 1653,Shooter
Last Storm 1653,Racing
Neon Horizons 1654,Board Game
Neon Horizons 1654,Indie
Frozen Quest 1655,Strategy
Frozen Quest 1655,TPS
Hidden Ascension 1656,Board Game
Hidden Ascension 1656,Casual
Hidden Ascension 1656,Party
Mythic Quest 1657,Shooter
Mythic Quest 1657,Horror
Mythic Nomad 1658,Indie
Mythic Nomad 1658,Role-Playing
Mythic Beacon 1659,TPS
Mythic Beacon 1659,Music
Frozen Beacon 1660,TPS
Frozen Beacon 1660,Trivia
Frozen Beacon 1660,Action
Last Horizons 1661,Fighting
Last Horizons 1661,Educational
Broken Horizons 1662,Party
Broken Horizons 1662,Casual
Rogue Ascension 1663,TPS
Rogue Ascension 1663,Horror
Rogue Ascension 1663,Indie
Solar Harbor 1664,Open World
Solar Harbor 1664,Strategy
Solar Harbor 1664,Music
Hidden Awakening 1665,RPG
Hidden Awakening 1665,Open World
Hidden Awakening 1665,Survival
Infinite Vanguard 1666,Board Game
Infinite Vanguard 1666,TPS
Prime Ascension 1667,Puzzle
Prime Ascension 1667,Horror
Prime Ascension 1667,Card Game
Cyber Signal 1668,Puzzle
Cyber Signal 1668,Battle Royale
Cyber Signal 1668,Arcade
Cyber Warden 1669,Strategy
Cyber Warden 1669,Horror
Cyber Warden 1669,Music
Rogue Nomad 1670,MMO
Rogue Nomad 1670,Casual
Rogue Nomad 1670,Fighting
Solar Legends 1671,Open World
Solar Legends 1671,Sports
Mythic Empire 1672,Action
Mythic Empire 1672,Platformer
Mythic Beacon 1673,Simulation
Mythic Beacon 1673,TPS
Silent Dreams 1674,Racing
Silent Dreams 1674,TPS
Silent Dreams 1674,FPS
Wild Sprint 1675,Party
Wild Sprint 1675,Horror
Hidden Harbor 1676,Shooter
Hidden Harbor 1676,Battle Royale
Hidden Harbor 1676,Simulation
Golden Realm 1677,MMO
Golden Realm 1677,Racing
Frozen Warden 1678,RPG
Frozen Warden 1678,Adventure
Frozen Warden 1678,Fighting
Ancient Storm 1679,FPS
Ancient Storm 1679,Trivia
Ancient Storm 1679,Educational
Ancient Beacon 1680,Open World
Ancient Beacon 1680,Party
Ancient Beacon 1680,Card Game
Hidden Legends 1681,Racing
Hidden Legends 1681,Role-Playing
Infinite Run 1682,Action
Infinite Run 1682,Fighting
Infinite Run 1682,Sports
First Vanguard 1683,Party
First Vanguard 1683,Horror
Eternal Quest 1684,Arcade
Eternal Quest 1684,Open World
Eternal Quest 1684,Stealth
Lost Rift 1685,Casual
Lost Rift 1685,Horror
Lost Rift 1685,Indie
Silent Tides 1686,Open World
Silent Tides 1686,Battle Royale
Eternal Sprint 1687,Platformer
Eternal Sprint 1687,Action
Eternal Empire 1688,Stealth
Eternal Empire 1688,Board Game
Infinite Rebellion 1689,TPS
Infinite Rebellion 1689,Party
Infinite Rebellion 1689,Survival
Broken Beacon 1690,Indie
Broken Beacon 1690,Adventure
Broken Beacon 1690,Survival
Golden Frontier 1691,Fighting
Golden Frontier 1691,Puzzle
Golden Frontier 1691,Music
Prime Nomad 1692,Role-Playing
Prime Nomad 1692,Card Game
Galactic Odyssey 1693,RPG
Galactic Odyssey 1693,Open World
Ancient Echo 1694,Fighting
Ancient Echo 1694,Simulation
Shadow Sprint 1695,Horror
Shadow Sprint 1695,Battle Royale
Silent Signal 1696,Board Game
Silent Signal 1696,Battle Royale
Silent Signal 1696,Action
Golden Horizons 1697,Platformer
Golden Horizons 1697,Sports
Secret Realm 1698,Card Game
Secret Realm 1698,Music
Phantom Awakening 1699,Simulation
Phantom Awakening 1699,Strategy
Broken Awakening 1700,RPG
Broken Awakening 1700,Indie
Secret Empire 1701,Trivia
Secret Empire 1701,Open World
Phantom Chronicles 1702,Racing
Phantom Chronicles 1702,RPG
Secret Vanguard 1703,Stealth
Secret Vanguard 1703,Fighting
Secret Vanguard 1703,FPS
Eternal Ascension 1704,FPS
Eternal Ascension 1704,Platformer
Eternal Ascension 1704,Trivia
First Harbor 1705,Action
First Harbor 1705,Racing
Vivid Empire 1706,Horror
Vivid Empire 1706,Platformer
Crimson Rebellion 1707,Puzzle
Crimson Rebellion 1707,Stealth
Crimson Rebellion 1707,Horror
Silent Warden 1708,Open World
Silent Warden 1708,TPS
Crimson Empire 1709,Role-Playing
Crimson Empire 1709,Music
Lunar Fall 1710,Music
Lunar Fall 1710,Racing
Solar Horizons 1711,Simulation
Solar Horizons 1711,Battle Royale
Crimson Harbor 1712,Action
Crimson Harbor 1712,Open World
Crimson Harbor 1712,Simulation
Vivid Awakening 1713,Educational
Vivid Awakening 1713,Racing
Vivid Awakening 1713,Survival
Silent Empire 1714,Fighting
Silent Empire 1714,Open World
Silent Empire 1714,Battle Royale
Dark Awakening 1715,Horror
Dark Awakening 1715,Battle Royale
Dark Awakening 1715,Survival
Digital Run 1716,Educational
Digital Run 1716,Racing
Digital Run 1716,Battle Royale
Infinite Origin 1717,Sports
Infinite Origin 1717,Battle Royale
Infinite Origin 1717,Racing
Mythic Saga 1718,Party
Mythic Saga 1718,Educational
Secret Ascension 1719,Racing
Secret Ascension 1719,FPS
Iron Horizons 1720,Stealth
Iron Horizons 1720,Open World
Iron Horizons 1720,Survival
Silent Legends 1721,Strategy
Silent Legends 1721,RPG
Vivid Tides 1722,FPS
Vivid Tides 1722,Action
Wild Storm 1723,Party
Wild Storm 1723,Stealth
Frozen Trial 1724,Battle Royale
Frozen Trial 1724,Action
Infinite Origin 1725,Racing
Infinite Origin 1725,Card Game
Infinite Origin 1725,Battle Royale
Crimson Harbor 1726,Puzzle
Crimson Harbor 1726,Trivia
Wild Sprint 1727,Indie
Wild Sprint 1727,MMO
Wild Sprint 1727,Board Game
Hidden Beacon 1728,Sandbox
Hidden Beacon 1728,Racing
Crimson Odyssey 1729,Party
Crimson Odyssey 1729,Horror
Crimson Odyssey 1729,FPS
First Origin 1730,Shooter
First Origin 1730,Role-Playing
Solar Awakening 1731,Stealth
Solar Awakening 1731,Casual
Digital Rift 1732,Arcade
Digital Rift 1732,FPS
Phantom Realm 1733,FPS
Phantom Realm 1733,Racing
Phantom Realm 1733,Music
Crimson Run 1734,Stealth
Crimson Run 1734,Puzzle
Vivid Sprint 1735,Indie
Vivid Sprint 1735,Sandbox
Vivid Sprint 1735,Open World
Silent Fall 1736,TPS
Silent Fall 1736,MMO
Silent Fall 1736,Strategy
Lunar Rebellion 1737,Horror
Lunar Rebellion 1737,Indie
Iron Origin 1738,Fighting
Iron Origin 1738,Sandbox
Silent Fall 1739,Stealth
Silent Fall 1739,RPG
Prime Frontier 1740,Shooter
Prime Frontier 1740,Trivia
Prime Frontier 1740,Music
Crimson Legends 1741,Sandbox
Crimson Legends 1741,Fighting
Crimson Legends 1741,MMO
Golden Origin 1742,MMO
Golden Origin 1742,Board Game
Eternal Odyssey 1743,Indie
Eternal Odyssey 1743,Casual
Hidden Fall 1744,Sandbox
Hidden Fall 1744,Platformer
Hidden Fall 1744,Simulation
Eternal Saga 1745,RPG
Eternal Saga 1745,Action
Phantom Storm 1746,Survival
Phantom Storm 1746,Stealth
Phantom Storm 1746,Horror
Broken Awakening 1747,Role-Playing
Broken Awakening 1747,MMO
Broken Awakening 1747,Racing
Digital Harbor 1748,Casual
Digital Harbor 1748,Board Game
Digital Odyssey 1749,Educational
Digital Odyssey 1749,Role-Playing
Hidden Sprint 1750,Trivia
Hidden Sprint 1750,Indie
Rogue Beacon 1751,Fighting
Rogue Beacon 1751,Educational
Eternal Empire 1752,Arcade
Eternal Empire 1752,Shooter
Prime Frontier 1753,FPS
Prime Frontier 1753,Arcade
Wild Awakening 1754,Platformer
Wild Awakening 1754,FPS
Crimson Fall 1755,Adventure
Crimson Fall 1755,Survival
Prime Tides 1756,Platformer
Prime Tides 1756,Adventure
Silent Signal 1757,Adventure
Silent Signal 1757,Party
Last Nomad 1758,TPS
Last Nomad 1758,RPG
Last Nomad 1758,Arcade
Mythic Beacon 1759,Shooter
Mythic Beacon 1759,Survival
Mythic Beacon 1759,Casual
Infinite Sprint 1760,TPS
Infinite Sprint 1760,Sports
Infinite Sprint 1760,Shooter
Mythic Dreams 1761,Puzzle
Mythic Dreams 1761,Indie
Mythic Dreams 1761,Card Game
Neon Quest 1762,Shooter
Neon Quest 1762,Party
Eternal Legends 1763,Platformer
Eternal Legends 1763,Sports
Golden Legends 1764,Sports
Golden Legends 1764,Arcade
Golden Legends 1764,Strategy
Wild Harbor 1765,Survival
Wild Harbor 1765,Adventure
Wild Harbor 1765,Arcade
Neon Dreams 1766,Educational
Neon Dreams 1766,Role-Playing
Shadow Beacon 1767,MMO
Shadow Beacon 1767,Adventure
Ancient Horizons 1768,Card Game
Ancient Horizons 1768,Puzzle
Phantom Ascension 1769,Puzzle
Phantom Ascension 1769,Survival
Solar Rift 1770,Board Game
Solar Rift 1770,Puzzle
Lunar Realm 1771,Adventure
Lunar Realm 1771,Racing
Phantom Quest 1772,Shooter
Phantom Quest 1772,Educational
Prime Nomad 1773,Stealth
Prime Nomad 1773,Battle Royale
Neon Forge 1774,Strategy
Neon Forge 1774,Open World
Neon Forge 1774,Battle Royale
Solar Chronicles 1775,Stealth
Solar Chronicles 1775,Role-Playing
Solar Chronicles 1775,Sports
Iron Saga 1776,Casual
Iron Saga 1776,Platformer
Iron Beacon 1777,Indie
Iron Beacon 1777,Fighting
Rogue Chronicles 1778,Arcade
Rogue Chronicles 1778,Open World
Rogue Chronicles 1778,Survival
Digital Frontier 1779,Horror
Digital Frontier 1779,MMO
Digital Frontier 1779,Casual
Lost Warden 1780,Party
Lost Warden 1780,Sandbox
Ancient Signal 1781,Role-Playing
Ancient Signal 1781,TPS
Ancient Signal 1781,RPG
Iron Realm 1782,Adventure
Iron Realm 1782,Casual
Iron Realm 1782,Arcade
Digital Ascension 1783,Platformer
Digital Ascension 1783,Party
Galactic Echo 1784,Racing
Galactic Echo 1784,Horror
Galactic Echo 1784,Simulation
Broken Forge 1785,Stealth
Broken Forge 1785,Sandbox
Broken Forge 1785,Open World
Iron Saga 1786,Strategy
Iron Saga 1786,Arcade
Infinite Rift 1787,Platformer
Infinite Rift 1787,Battle Royale
Frozen Beacon 1788,Card Game
Frozen Beacon 1788,Action
Digital Horizons 1789,Platformer
Digital Horizons 1789,Casual
Silent Signal 1790,Racing
Silent Signal 1790,Casual
Silent Signal 1790,Party
Iron Saga 1791,Board Game
Iron Saga 1791,Action
Solar Empire 1792,Card Game
Solar Empire 1792,Puzzle
Wild Legends 1793,Card Game
Wild Legends 1793,Educational
Wild Legends 1793,Strategy
Iron Rebellion 1794,Role-Playing
Iron Rebellion 1794,Trivia
Iron Rebellion 1794,Horror
Wild Vanguard 1795,Survival
Wild Vanguard 1795,Battle Royale
Lost Ascension 1796,Casual
Lost Ascension 1796,Role-Playing
Lost Ascension 1796,FPS
Wild Rift 1797,RPG
Wild Rift 1797,Indie
Solar Awakening 1798,Racing
Solar Awakening 1798,Trivia
First Odyssey 1799,Casual
First Odyssey 1799,Battle Royale
Cyber Storm 1800,Board Game
Cyber Storm 1800,Horror
Lunar Odyssey 1801,RPG
Lunar Odyssey 1801,Strategy
First Realm 1802,Battle Royale
First Realm 1802,Casual
First Realm 1802,RPG
Digital Chronicles 1803,Trivia
Digital Chronicles 1803,RPG
Lost Rebellion 1804,Educational
Lost Rebellion 1804,Role-Playing
Rogue Beacon 1805,Casual
Rogue Beacon 1805,Open World
Silent Ascension 1806,Music
Silent Ascension 1806,Action
Lost Signal 1807,TPS
Lost Signal 1807,Puzzle
Silent Horizons 1808,Simulation
Silent Horizons 1808,FPS
Silent Horizons 1808,Card Game
Lost Awakening 1809,Sports
Lost Awakening 1809,Indie
Shadow Echo 1810,Card Game
Shadow Echo 1810,MMO
Shadow Echo 1810,Trivia
Phantom Legends 1811,Casual
Phantom Legends 1811,Card Game
Phantom Legends 1811,Trivia
Phantom Sprint 1812,Action
Phantom Sprint 1812,Music
Phantom Sprint 1812,Trivia
First Sprint 1813,Strategy
First Sprint 1813,FPS
First Sprint 1813,Stealth
Shadow Dreams 1814,RPG
Shadow Dreams 1814,Fighting
Silent Fall 1815,Simulation
Silent Fall 1815,Role-Playing
Wild Forge 1816,Shooter
Wild Forge 1816,RPG
Wild Forge 1816,Horror
Cyber Fall 1817,Simulation
Cyber Fall 1817,Adventure
Silent Rift 1818,Card Game
Silent Rift 1818,Indie
Prime Forge 1819,Adventure
Prime Forge 1819,Open World
Prime Forge 1819,Arcade
Ancient Legends 1820,Card Game
Ancient Legends 1820,Open World
Secret Forge 1821,Trivia
Secret Forge 1821,Music
Rogue Frontier 1822,Party
Rogue Frontier 1822,MMO
Crimson Ascension 1823,Simulation
Crimson Ascension 1823,Sandbox
Cyber Tides 1824,MMO
Cyber Tides 1824,Action
Galactic Harbor 1825,Strategy
Galactic Harbor 1825,Role-Playing
Eternal Warden 1826,Board Game
Eternal Warden 1826,Sports
Eternal Warden 1826,Stealth
Dark Nomad 1827,Battle Royale
Dark Nomad 1827,Simulation
Dark Nomad 1827,Adventure
Dark Awakening 1828,Trivia
Dark Awakening 1828,Adventure
Dark Awakening 1828,Survival
Wild Rift 1829,Arcade
Wild Rift 1829,Horror
First Ascension 1830,Stealth
First Ascension 1830,Platformer
First Ascension 1830,Music
Shadow Ascension 1831,Sports
Shadow Ascension 1831,Strategy
Shadow Ascension 1831,MMO
Cyber Warden 1832,Arcade
Cyber Warden 1832,TPS
Eternal Quest 1833,Role-Playing
Eternal Quest 1833,Board Game
Wild Dreams 1834,Battle Royale
Wild Dreams 1834,Simulation
Galactic Storm 1835,Sandbox
Galactic Storm 1835,TPS
Galactic Storm 1835,Indie
Frozen Signal 1836,Open World
Frozen Signal 1836,FPS
First Nomad 1837,Trivia
First Nomad 1837,Fighting
First Nomad 1837,Racing
Infinite Empire 1838,Platformer
Infinite Empire 1838,Horror
Solar Rift 1839,Battle Royale
Solar Rift 1839,Party
Shadow Run 1840,RPG
Shadow Run 1840,Battle Royale
Shadow Run 1840,Trivia
Phantom Signal 1841,Stealth
Phantom Signal 1841,Casual
Silent Odyssey 1842,Strategy
Silent Odyssey 1842,Casual
Eternal Realm 1843,Open World
Eternal Realm 1843,Platformer
Silent Frontier 1844,MMO
Silent Frontier 1844,Open World
Silent Frontier 1844,Sandbox
Neon Empire 1845,FPS
Neon Empire 1845,Card Game
Wild Run 1846,Card Game
Wild Run 1846,Action
Wild Run 1846,Board Game
Prime Beacon 1847,Survival
Prime Beacon 1847,TPS
Vivid Empire 1848,Indie
Vivid Empire 1848,Survival
Eternal Harbor 1849,Adventure
Eternal Harbor 1849,Puzzle
Eternal Harbor 1849,Horror
Lost Fall 1850,Sports
Lost Fall 1850,Role-Playing
Wild Quest 1851,Indie
Wild Quest 1851,Adventure
Ancient Realm 1852,Casual
Ancient Realm 1852,Stealth
Ancient Realm 1852,Action
Phantom Forge 1853,Survival
Phantom Forge 1853,Casual
Phantom Empire 1854,Strategy
Phantom Empire 1854,Sandbox
Galactic Tides 1855,Indie
Galactic Tides 1855,Action
Galactic Tides 1855,Shooter
Mythic Quest 1856,Casual
Mythic Quest 1856,Stealth
Lunar Harbor 1857,Board Game
Lunar Harbor 1857,MMO
Lunar Harbor 1857,Sandbox
Digital Origin 1858,FPS
Digital Origin 1858,Music
Digital Run 1859,Shooter
Digital Run 1859,Adventure
Digital Run 1859,Casual
Phantom Rift 1860,Arcade
Phantom Rift 1860,Fighting
Phantom Rift 1860,Shooter
Lunar Origin 1861,Platformer
Lunar Origin 1861,Shooter
Eternal Awakening 1862,Board Game
Eternal Awakening 1862,Horror
Silent Legends 1863,Survival
Silent Legends 1863,Action
Prime Tides 1864,Casual
Prime Tides 1864,Card Game
Eternal Rebellion 1865,Arcade
Eternal Rebellion 1865,Trivia
Eternal Rebellion 1865,Party
Mythic Storm 1866,Arcade
Mythic Storm 1866,Simulation
Lost Ascension 1867,Educational
Lost Ascension 1867,Shooter
Lost Ascension 1867,Platformer
Digital Signal 1868,FPS
Digital Signal 1868,MMO
First Echo 1869,FPS
First Echo 1869,TPS
Secret Rift 1870,Arcade
Secret Rift 1870,Horror
Shadow Ascension 1871,Adventure
Shadow Ascension 1871,Music
Golden Empire 1872,FPS
Golden Empire 1872,Shooter
Rogue Sprint 1873,Simulation
Rogue Sprint 1873,Open World
Prime Fall 1874,Action
Prime Fall 1874,Puzzle
Prime Fall 1874,FPS
Solar Tides 1875,Trivia
Solar Tides 1875,Card Game
Broken Beacon 1876,Educational
Broken Beacon 1876,Trivia
Broken Beacon 1876,Stealth
Shadow Rebellion 1877,Card Game
Shadow Rebellion 1877,Racing
Galactic Awakening 1878,TPS
Galactic Awakening 1878,MMO
Galactic Awakening 1878,Puzzle
Cyber Echo 1879,Indie
Cyber Echo 1879,Survival
Phantom Ascension 1880,Board Game
Phantom Ascension 1880,FPS
Phantom Ascension 1880,Casual
Golden Quest 1881,Adventure
Golden Quest 1881,Strategy
Vivid Quest 1882,Card Game
Vivid Quest 1882,Puzzle
Mythic Forge 1883,Party
Mythic Forge 1883,TPS
Last Legends 1884,Music
Last Legends 1884,Puzzle
Solar Saga 1885,Survival
Solar Saga 1885,Board Game
Solar Saga 1885,Party
Lost Ascension 1886,Trivia
Lost Ascension 1886,Action
Shadow Rebellion 1887,Casual
Shadow Rebellion 1887,Open World
Ancient Tides 1888,FPS
Ancient Tides 1888,Casual
Galactic Fall 1889,Survival
Galactic Fall 1889,Role-Playing
Eternal Storm 1890,Survival
Eternal Storm 1890,Simulation
Frozen Origin 1891,MMO
Frozen Origin 1891,Survival
Frozen Origin 1891,Stealth
Secret Chronicles 1892,Racing
Secret Chronicles 1892,Puzzle
Wild Forge 1893,Simulation
Wild Forge 1893,Shooter
Rogue Chronicles 1894,Survival
Rogue Chronicles 1894,Board Game
Rogue Chronicles 1894,MMO
Ancient Harbor 1895,TPS
Ancient Harbor 1895,Casual
Lunar Realm 1896,Music
Lunar Realm 1896,TPS
Lunar Realm 1896,Adventure
Lost Storm 1897,Horror
Lost Storm 1897,Survival
Cyber Rift 1898,Music
Cyber Rift 1898,Battle Royale
Neon Run 1899,Open World
Neon Run 1899,Puzzle
Lost Forge 1900,Role-Playing
Lost Forge 1900,Board Game
Silent Realm 1901,Trivia
Silent Realm 1901,Music
Solar Nomad 1902,Racing
Solar Nomad 1902,Role-Playing
Solar Nomad 1902,Sandbox
Digital Harbor 1903,Platformer
Digital Harbor 1903,Simulation
Digital Harbor 1903,Shooter
Prime Ascension 1904,Racing
Prime Ascension 1904,Platformer
Frozen Horizons 1905,Arcade
Frozen Horizons 1905,Battle Royale
Frozen Forge 1906,Adventure
Frozen Forge 1906,Action
Broken Awakening 1907,Battle Royale
Broken Awakening 1907,Arcade
Dark Realm 1908,FPS
Dark Realm 1908,Puzzle
Frozen Harbor 1909,Board Game
Frozen Harbor 1909,Role-Playing
Frozen Harbor 1909,Educational
Infinite Harbor 1910,Horror
Infinite Harbor 1910,Card Game
Phantom Horizons 1911,Indie
Phantom Horizons 1911,Simulation
Eternal Beacon 1912,Horror
Eternal Beacon 1912,Trivia
Neon Beacon 1913,Fighting
Neon Beacon 1913,Platformer
Neon Beacon 1913,Racing
Frozen Fall 1914,Racing
Frozen Fall 1914,Battle Royale
Frozen Fall 1914,Strategy
Eternal Ascension 1915,Horror
Eternal Ascension 1915,Trivia
Broken Nomad 1916,Platformer
Broken Nomad 1916,FPS
Mythic Fall 1917,FPS
Mythic Fall 1917,Fighting
Mythic Fall 1917,Puzzle
Wild Ascension 1918,Fighting
Wild Ascension 1918,Simulation
Wild Ascension 1918,Battle Royale
Secret Dreams 1919,Strategy
Secret Dreams 1919,Action
Secret Dreams 1919,FPS
Mythic Storm 1920,Simulation
Mythic Storm 1920,Trivia
Rogue Tides 1921,Shooter
Rogue Tides 1921,Trivia
Rogue Tides 1921,Board Game
Silent Horizons 1922,Battle Royale
Silent Horizons 1922,Strategy
Silent Horizons 1922,Casual
Wild Frontier 1923,Trivia
Wild Frontier 1923,Sandbox
Wild Frontier 1923,TPS
Solar Harbor 1924,Shooter
Solar Harbor 1924,Card Game
Solar Harbor 1924,Action
Golden Nomad 1925,MMO
Golden Nomad 1925,Trivia
Golden Nomad 1925,Casual
Lunar Origin 1926,Fighting
Lunar Origin 1926,Shooter
Frozen Dreams 1927,Casual
Frozen Dreams 1927,Card Game
Frozen Dreams 1927,Racing
Broken Rebellion 1928,TPS
Broken Rebellion 1928,Educational
Broken Rebellion 1928,Board Game
Lost Vanguard 1929,RPG
Lost Vanguard 1929,Indie
Lost Vanguard 1929,MMO
Vivid Quest 1930,Card Game
Vivid Quest 1930,Puzzle
First Legends 1931,Simulation
First Legends 1931,Strategy
Dark Storm 1932,Stealth
Dark Storm 1932,Trivia
Dark Storm 1932,Party
Ancient Vanguard 1933,Role-Playing
Ancient Vanguard 1933,Racing
Digital Harbor 1934,RPG
Digital Harbor 1934,Card Game
Shadow Awakening 1935,Battle Royale
Shadow Awakening 1935,Party
Shadow Awakening 1935,Role-Playing
Galactic Realm 1936,TPS
Galactic Realm 1936,Action
Broken Quest 1937,Casual
Broken Quest 1937,Open World
Broken Quest 1937,RPG
Cyber Vanguard 1938,Card Game
Cyber Vanguard 1938,Puzzle
Lunar Quest 1939,Stealth
Lunar Quest 1939,Horror
Golden Ascension 1940,Party
Golden Ascension 1940,Indie
Golden Ascension 1940,FPS
Secret Rift 1941,Stealth
Secret Rift 1941,Casual
Secret Rift 1941,Racing
Broken Storm 1942,Horror
Broken Storm 1942,Party
Broken Storm 1942,Music
Phantom Warden 1943,Puzzle
Phantom Warden 1943,Indie
Golden Harbor 1944,Horror
Golden Harbor 1944,Card Game
Golden Harbor 1944,Simulation
Secret Harbor 1945,Indie
Secret Harbor 1945,Sandbox
Golden Saga 1946,Party
Golden Saga 1946,MMO
Crimson Harbor 1947,Battle Royale
Crimson Harbor 1947,Indie
Solar Dreams 1948,Arcade
Solar Dreams 1948,TPS
Solar Dreams 1948,Simulation
Crimson Legends 1949,Puzzle
Crimson Legends 1949,Battle Royale
First Ascension 1950,TPS
First Ascension 1950,Platformer
Golden Echo 1951,Strategy
Golden Echo 1951,Role-Playing
Silent Ascension 1952,Party
Silent Ascension 1952,Open World
Silent Ascension 1952,MMO
Secret Empire 1953,MMO
Secret Empire 1953,Action
Secret Empire 1953,Platformer
Iron Empire 1954,Fighting
Iron Empire 1954,Shooter
Lunar Forge 1955,Fighting
Lunar Forge 1955,MMO
Silent Warden 1956,Sports
Silent Warden 1956,Party
Silent Warden 1956,Music
Prime Empire 1957,Shooter
Prime Empire 1957,Educational
Phantom Odyssey 1958,Stealth
Phantom Odyssey 1958,Survival
Shadow Legends 1959,Sandbox
Shadow Legends 1959,Adventure
Shadow Legends 1959,MMO
Lunar Sprint 1960,MMO
Lunar Sprint 1960,Music
Eternal Chronicles 1961,Sandbox
Eternal Chronicles 1961,Arcade
Last Legends 1962,Role-Playing
Last Legends 1962,Battle Royale
Dark Realm 1963,Adventure
Dark Realm 1963,TPS
Dark Realm 1963,Music
Iron Saga 1964,Role-Playing
Iron Saga 1964,Open World
Rogue Empire 1965,Racing
Rogue Empire 1965,Sandbox
Rogue Empire 1965,Trivia
Neon Sprint 1966,Horror
Neon Sprint 1966,FPS
Prime Run 1967,Horror
Prime Run 1967,Indie
Golden Rift 1968,Simulation
Golden Rift 1968,Survival
Golden Rift 1968,Strategy
Golden Odyssey 1969,Adventure
Golden Odyssey 1969,Music
Golden Odyssey 1969,Arcade
Dark Ascension 1970,Board Game
Dark Ascension 1970,Role-Playing
Ancient Rebellion 1971,Shooter
Ancient Rebellion 1971,Fighting
Dark Odyssey 1972,Arcade
Dark Odyssey 1972,Strategy
Iron Harbor 1973,Survival
Iron Harbor 1973,Role-Playing
Hidden Ascension 1974,Puzzle
Hidden Ascension 1974,Horror
Mythic Odyssey 1975,Casual
Mythic Odyssey 1975,Card Game
Iron Warden 1976,Trivia
Iron Warden 1976,Puzzle
Last Rift 1977,Educational
Last Rift 1977,Puzzle
Shadow Trial 1978,Racing
Shadow Trial 1978,Role-Playing
Crimson Frontier 1979,FPS
Crimson Frontier 1979,Card Game
Infinite Tides 1980,Casual
Infinite Tides 1980,Strategy
Galactic Quest 1981,Horror
Galactic Quest 1981,Fighting
Galactic Quest 1981,Arcade
Frozen Run 1982,Shooter
Frozen Run 1982,Casual
Iron Storm 1983,Educational
Iron Storm 1983,Sports
Lunar Dreams 1984,Arcade
Lunar Dreams 1984,FPS
Lunar Dreams 1984,Educational
Hidden Trial 1985,Action
Hidden Trial 1985,Indie
Cyber Chronicles 1986,Racing
Cyber Chronicles 1986,Casual
Rogue Fall 1987,Fighting
Rogue Fall 1987,Puzzle
Rogue Fall 1987,FPS
Wild Vanguard 1988,Horror
Wild Vanguard 1988,Battle Royale
Eternal Beacon 1989,Sandbox
Eternal Beacon 1989,Horror
Eternal Beacon 1989,Arcade
Eternal Awakening 1990,Stealth
Eternal Awakening 1990,TPS
Prime Warden 1991,Party
Prime Warden 1991,Role-Playing
Vivid Chronicles 1992,Music
Vivid Chronicles 1992,Party
Vivid Chronicles 1992,Survival
Secret Forge 1993,Sandbox
Secret Forge 1993,Trivia
Secret Nomad 1994,Simulation
Secret Nomad 1994,Strategy
Secret Nomad 1994,Horror
Lost Chronicles 1995,Simulation
Lost Chronicles 1995,Music
Cyber Fall 1996,Racing
Cyber Fall 1996,Educational
Cyber Fall 1996,Stealth
Cyber Ascension 1997,Fighting
Cyber Ascension 1997,Party
Cyber Ascension 1997,Simulation
Golden Empire 1998,Puzzle
Golden Empire 1998,RPG
Secret Odyssey 1999,Trivia
Secret Odyssey 1999,Racing
Secret Odyssey 1999,Strategy
Last Echo 2000,Sports
Last Echo 2000,Fighting
Silent Horizons 2001,Platformer
Silent Horizons 2001,Shooter
Silent Horizons 2001,MMO
Vivid Rebellion 2002,Board Game
Vivid Rebellion 2002,Educational
Secret Trial 2003,Educational
Secret Trial 2003,Racing
Broken Vanguard 2004,Puzzle
Broken Vanguard 2004,Battle Royale
Broken Vanguard 2004,Board Game
Vivid Frontier 2005,Board Game
Vivid Frontier 2005,Party
Vivid Frontier 2005,Racing
Silent Tides 2006,MMO
Silent Tides 2006,Educational
Silent Tides 2006,Puzzle
Lost Quest 2007,Battle Royale
Lost Quest 2007,Card Game
Frozen Signal 2008,Action
Frozen Signal 2008,Educational
Vivid Beacon 2009,Survival
Vivid Beacon 2009,Stealth
Silent Vanguard 2010,Indie
Silent Vanguard 2010,Horror
Silent Vanguard 2010,Survival
Golden Storm 2011,Open World
Golden Storm 2011,Educational
Lost Chronicles 2012,Sandbox
Lost Chronicles 2012,Simulation
Prime Storm 2013,MMO
Prime Storm 2013,Card Game
Silent Ascension 2014,Card Game
Silent Ascension 2014,Sports
Digital Rift 2015,TPS
Digital Rift 2015,MMO
Digital Rift 2015,Simulation
Lost Echo 2016,Arcade
Lost Echo 2016,Trivia
Vivid Origin 2017,Card Game
Vivid Origin 2017,Party
Dark Realm 2018,MMO
Dark Realm 2018,Sports
Digital Legends 2019,Casual
Digital Legends 2019,Shooter
Phantom Warden 2020,Simulation
Phantom Warden 2020,Stealth
Phantom Warden 2020,Shooter
Last Warden 2021,Racing
Last Warden 2021,FPS
Last Warden 2021,Card Game
Cyber Chronicles 2022,Puzzle
Cyber Chronicles 2022,Battle Royale
Mythic Echo 2023,TPS
Mythic Echo 2023,RPG
Mythic Echo 2023,Arcade
Digital Quest 2024,Sports
Digital Quest 2024,Open World
Digital Warden 2025,Board Game
Digital Warden 2025,Survival
Digital Warden 2025,Open World
Vivid Fall 2026,Adventure
Vivid Fall 2026,Board Game
Vivid Fall 2026,Shooter
Prime Signal 2027,Fighting
Prime Signal 2027,Strategy
Ancient Origin 2028,Shooter
Ancient Origin 2028,TPS
Cyber Nomad 2029,Racing
Cyber Nomad 2029,Platformer
Cyber Nomad 2029,Party
First Legends 2030,Shooter
First Legends 2030,RPG
First Legends 2030,Board Game
Solar Beacon 2031,Role-Playing
Solar Beacon 2031,Strategy
Solar Beacon 2031,Party
First Chronicles 2032,Card Game
First Chronicles 2032,Casual
First Chronicles 2032,Stealth
Iron Harbor 2033,Simulation
Iron Harbor 2033,Shooter
Rogue Empire 2034,Action
Rogue Empire 2034,Card Game
Infinite Rebellion 2035,Fighting
Infinite Rebellion 2035,Educational
Eternal Warden 2036,Role-Playing
Eternal Warden 2036,Music
Silent Origin 2037,Action
Silent Origin 2037,Puzzle
Silent Origin 2037,MMO
Neon Nomad 2038,Fighting
Neon Nomad 2038,Casual
Neon Nomad 2038,Survival
Neon Run 2039,Party
Neon Run 2039,Strategy
Cyber Nomad 2040,Stealth
Cyber Nomad 2040,Battle Royale
Broken Odyssey 2041,Horror
Broken Odyssey 2041,Trivia
Secret Storm 2042,Arcade
Secret Storm 2042,MMO
Solar Saga 2043,Sandbox
Solar Saga 2043,Horror
Solar Saga 2043,RPG
Golden Quest 2044,Sports
Golden Quest 2044,Role-Playing
Golden Quest 2044,FPS
Rogue Ascension 2045,RPG
Rogue Ascension 2045,Indie
Cyber Rebellion 2046,Strategy
Cyber Rebellion 2046,Racing
Crimson Rift 2047,Stealth
Crimson Rift 2047,Racing
Crimson Rift 2047,Trivia
Digital Rift 2048,Platformer
Digital Rift 2048,RPG
Digital Rift 2048,Music
Cyber Chronicles 2049,Survival
Cyber Chronicles 2049,Educational
Phantom Run 2050,Music
Phantom Run 2050,Horror
Mythic Trial 2051,Horror
Mythic Trial 2051,Casual
Eternal Beacon 2052,Role-Playing
Eternal Beacon 2052,Racing
Silent Chronicles 2053,Puzzle
Silent Chronicles 2053,Role-Playing
Silent Chronicles 2053,Music
Hidden Legends 2054,FPS
Hidden Legends 2054,Role-Playing
Cyber Beacon 2055,Fighting
Cyber Beacon 2055,Indie
Solar Sprint 2056,MMO
Solar Sprint 2056,Action
Solar Sprint 2056,TPS
Galactic Harbor 2057,Puzzle
Galactic Harbor 2057,Sports
Cyber Origin 2058,Music
Cyber Origin 2058,Card Game
Rogue Frontier 2059,Racing
Rogue Frontier 2059,FPS
Silent Odyssey 2060,Open World
Silent Odyssey 2060,Casual
Silent Odyssey 2060,Music
Mythic Saga 2061,Strategy
Mythic Saga 2061,Horror
Mythic Saga 2061,Card Game
Rogue Nomad 2062,Strategy
Rogue Nomad 2062,Role-Playing
Hidden Frontier 2063,FPS
Hidden Frontier 2063,Strategy
Galactic Chronicles 2064,Party
Galactic Chronicles 2064,Action
Crimson Rebellion 2065,Sports
Crimson Rebellion 2065,Battle Royale
Wild Ascension 2066,Shooter
Wild Ascension 2066,Music
Ancient Tides 2067,Indie
Ancient Tides 2067,Role-Playing
Ancient Tides 2067,Shooter
Shadow Frontier 2068,FPS
Shadow Frontier 2068,Action
Shadow Frontier 2068,Role-Playing
Dark Chronicles 2069,Battle Royale
Dark Chronicles 2069,Party
Rogue Ascension 2070,Strategy
Rogue Ascension 2070,Casual
Rogue Ascension 2070,Trivia
Silent Run 2071,Arcade
Silent Run 2071,Trivia
Neon Trial 2072,Arcade
Neon Trial 2072,Educational
Neon Trial 2072,Sandbox
Broken Forge 2073,Puzzle
Broken Forge 2073,Arcade
Broken Forge 2073,TPS
Cyber Odyssey 2074,Open World
Cyber Odyssey 2074,FPS
Cyber Odyssey 2074,RPG
Mythic Rebellion 2075,Platformer
Mythic Rebellion 2075,Board Game
Mythic Rebellion 2075,Music
Cyber Nomad 2076,Open World
Cyber Nomad 2076,Trivia
Silent Harbor 2077,Educational
Silent Harbor 2077,FPS
Silent Ascension 2078,Survival
Silent Ascension 2078,Educational
Silent Ascension 2078,Open World
Silent Quest 2079,Educational
Silent Quest 2079,Sports
Digital Tides 2080,RPG
Digital Tides 2080,Open World
Digital Tides 2080,Survival
Crimson Rift 2081,Casual
Crimson Rift 2081,Sports
Cyber Echo 2082,Educational
Cyber Echo 2082,Sports
Cyber Echo 2082,Stealth
Galactic Storm 2083,Open World
Galactic Storm 2083,Sports
Mythic Storm 2084,Party
Mythic Storm 2084,Casual
Golden Legends 2085,RPG
Golden Legends 2085,Educational
Silent Echo 2086,Board Game
Silent Echo 2086,Shooter
Silent Echo 2086,Trivia
Shadow Storm 2087,Music
Shadow Storm 2087,Strategy
Shadow Awakening 2088,Indie
Shadow Awakening 2088,TPS
Shadow Awakening 2088,Horror
Golden Trial 2089,Open World
Golden Trial 2089,Educational
Silent Dreams 2090,Sports
Silent Dreams 2090,Indie
Silent Dreams 2090,Board Game
Hidden Quest 2091,Action
Hidden Quest 2091,Strategy
First Sprint 2092,Platformer
First Sprint 2092,Puzzle
Golden Run 2093,Strategy
Golden Run 2093,Arcade
Golden Run 2093,Educational
Neon Realm 2094,Racing
Neon Realm 2094,TPS
Neon Realm 2094,Casual
Wild Frontier 2095,Arcade
Wild Frontier 2095,Card Game
Galactic Awakening 2096,Arcade
Galactic Awakening 2096,RPG
Dark Fall 2097,Platformer
Dark Fall 2097,Stealth
Broken Warden 2098,Sandbox
Broken Warden 2098,MMO
Neon Fall 2099,Open World
Neon Fall 2099,MMO
Neon Fall 2099,Stealth
Solar Forge 2100,Adventure
Solar Forge 2100,Trivia
Solar Forge 2100,Indie
Broken Saga 2101,Open World
Broken Saga 2101,FPS
Broken Rebellion 2102,Horror
Broken Rebellion 2102,Party
Lunar Warden 2103,Music
Lunar Warden 2103,Card Game
Vivid Sprint 2104,Trivia
Vivid Sprint 2104,Arcade
Vivid Sprint 2104,RPG
Neon Legends 2105,Racing
Neon Legends 2105,Sandbox
Mythic Origin 2106,Card Game
Mythic Origin 2106,Stealth
Mythic Origin 2106,Shooter
Neon Beacon 2107,Music
Neon Beacon 2107,Adventure
Frozen Horizons 2108,Racing
Frozen Horizons 2108,Simulation
Broken Echo 2109,Arcade
Broken Echo 2109,Music
Cyber Origin 2110,Board Game
Cyber Origin 2110,Casual
Cyber Origin 2110,Indie
Mythic Harbor 2111,FPS
Mythic Harbor 2111,Survival
Mythic Harbor 2111,Casual
Last Sprint 2112,Shooter
Last Sprint 2112,Battle Royale
Last Sprint 2112,Platformer
Golden Vanguard 2113,TPS
Golden Vanguard 2113,Battle Royale
Solar Quest 2114,FPS
Solar Quest 2114,Shooter
Broken Fall 2115,TPS
Broken Fall 2115,Shooter
Broken Fall 2115,Educational
Hidden Warden 2116,Horror
Hidden Warden 2116,Arcade
Hidden Warden 2116,TPS
Solar Fall 2117,Fighting
Solar Fall 2117,Shooter
Solar Fall 2117,Card Game
Rogue Frontier 2118,Shooter
Rogue Frontier 2118,Card Game
Digital Realm 2119,Adventure
Digital Realm 2119,Sandbox
Digital Ascension 2120,Shooter
Digital Ascension 2120,Action
Digital Ascension 2120,Indie
Crimson Rift 2121,Educational
Crimson Rift 2121,Music
Phantom Ascension 2122,TPS
Phantom Ascension 2122,Action
Dark Harbor 2123,Shooter
Dark Harbor 2123,Open World
Wild Beacon 2124,Party
Wild Beacon 2124,FPS
Wild Beacon 2124,Survival
Frozen Saga 2125,Fighting
Frozen Saga 2125,TPS
Solar Awakening 2126,Platformer
Solar Awakening 2126,Board Game
Solar Awakening 2126,Action
Lunar Beacon 2127,Casual
Lunar Beacon 2127,Arcade
Silent Warden 2128,MMO
Silent Warden 2128,Card Game
Vivid Trial 2129,Indie
Vivid Trial 2129,Music
Vivid Trial 2129,Party
Solar Rebellion 2130,Fighting
Solar Rebellion 2130,MMO
Prime Horizons 2131,Battle Royale
Prime Horizons 2131,MMO
Galactic Sprint 2132,Survival
Galactic Sprint 2132,RPG
Mythic Quest 2133,Battle Royale
Mythic Quest 2133,FPS
Hidden Rift 2134,Stealth
Hidden Rift 2134,FPS
Galactic Beacon 2135,Battle Royale
Galactic Beacon 2135,Party
Shadow Trial 2136,Trivia
Shadow Trial 2136,Shooter
Cyber Chronicles 2137,Action
Cyber Chronicles 2137,Music
Cyber Chronicles 2137,Fighting
Wild Run 2138,Adventure
Wild Run 2138,Casual
Golden Vanguard 2139,Role-Playing
Golden Vanguard 2139,Horror
Golden Vanguard 2139,Action
Cyber Ascension 2140,Survival
Cyber Ascension 2140,Racing
Cyber Ascension 2140,Sports
Iron Forge 2141,Sandbox
Iron Forge 2141,Shooter
Iron Forge 2141,Arcade
Last Rebellion 2142,Strategy
Last Rebellion 2142,Adventure
Ancient Empire 2143,Board Game
Ancient Empire 2143,Simulation
Ancient Empire 2143,Stealth
Solar Dreams 2144,Fighting
Solar Dreams 2144,Card Game
Last Signal 2145,TPS
Last Signal 2145,RPG
Solar Ascension 2146,Racing
Solar Ascension 2146,Board Game
Neon Sprint 2147,Survival
Neon Sprint 2147,Educational
Silent Frontier 2148,Stealth
Silent Frontier 2148,Shooter
Phantom Quest 2149,Casual
Phantom Quest 2149,Board Game
Phantom Quest 2149,Survival
Prime Rift 2150,Battle Royale
Prime Rift 2150,Adventure
Prime Rift 2150,Fighting
Rogue Echo 2151,Card Game
Rogue Echo 2151,Simulation
Secret Run 2152,Racing
Secret Run 2152,Arcade
Secret Run 2152,Casual
Lost Vanguard 2153,Music
Lost Vanguard 2153,Shooter
Secret Rift 2154,FPS
Secret Rift 2154,Simulation
Secret Fall 2155,Sandbox
Secret Fall 2155,Indie
Secret Fall 2155,RPG
Phantom Origin 2156,Arcade
Phantom Origin 2156,Role-Playing
Solar Rebellion 2157,Role-Playing
Solar Rebellion 2157,Action
Infinite Odyssey 2158,Music
Infinite Odyssey 2158,Stealth
Infinite Storm 2159,Casual
Infinite Storm 2159,MMO
Eternal Tides 2160,Card Game
Eternal Tides 2160,FPS
First Tides 2161,Survival
First Tides 2161,Puzzle
Ancient Vanguard 2162,Shooter
Ancient Vanguard 2162,RPG
Ancient Vanguard 2162,Board Game
Last Vanguard 2163,RPG
Last Vanguard 2163,TPS
Eternal Saga 2164,Party
Eternal Saga 2164,Racing
Rogue Fall 2165,Card Game
Rogue Fall 2165,Arcade
Rogue Fall 2165,Action
Wild Nomad 2166,Shooter
Wild Nomad 2166,Racing
Prime Vanguard 2167,Educational
Prime Vanguard 2167,Card Game
Prime Vanguard 2167,TPS
Last Tides 2168,Sandbox
Last Tides 2168,Music
Galactic Dreams 2169,Racing
Galactic Dreams 2169,Card Game
Dark Horizons 2170,Casual
Dark Horizons 2170,Trivia
Infinite Awakening 2171,Indie
Infinite Awakening 2171,TPS
Shadow Chronicles 2172,Stealth
Shadow Chronicles 2172,Adventure
Shadow Chronicles 2172,Sports
Infinite Warden 2173,Action
Infinite Warden 2173,Battle Royale
Infinite Warden 2173,Survival
First Legends 2174,Music
First Legends 2174,Platformer
First Legends 2174,Stealth
Rogue Awakening 2175,Adventure
Rogue Awakening 2175,Music
Rogue Awakening 2175,Role-Playing
Broken Saga 2176,Trivia
Broken Saga 2176,Sandbox
Broken Saga 2176,MMO
Solar Realm 2177,Strategy
Solar Realm 2177,Sports
Solar Realm 2177,FPS
Iron Horizons 2178,Board Game
Iron Horizons 2178,Battle Royale
Rogue Horizons 2179,Strategy
Rogue Horizons 2179,Card Game
Infinite Saga 2180,Strategy
Infinite Saga 2180,Simulation
First Beacon 2181,Educational
First Beacon 2181,Shooter
Wild Origin 2182,TPS
Wild Origin 2182,RPG
Silent Awakening 2183,Puzzle
Silent Awakening 2183,Open World
Lost Trial 2184,Battle Royale
Lost Trial 2184,Racing
Last Frontier 2185,Fighting
Last Frontier 2185,Music
Last Frontier 2185,Stealth
Dark Forge 2186,Educational
Dark Forge 2186,Action
Dark Forge 2186,Platformer
Broken Sprint 2187,Party
Broken Sprint 2187,Indie
Broken Sprint 2187,Action
Infinite Rift 2188,Role-Playing
Infinite Rift 2188,Indie
Solar Echo 2189,Casual
Solar Echo 2189,Indie
First Quest 2190,TPS
First Quest 2190,Horror
Iron Echo 2191,Action
Iron Echo 2191,Arcade
Ancient Echo 2192,Adventure
Ancient Echo 2192,Music
Broken Ascension 2193,Educational
Broken Ascension 2193,Party
Shadow Saga 2194,MMO
Shadow Saga 2194,Open World
Eternal Trial 2195,Educational
Eternal Trial 2195,Party
Eternal Trial 2195,Battle Royale
Cyber Sprint 2196,Racing
Cyber Sprint 2196,Casual
Crimson Echo 2197,Shooter
Crimson Echo 2197,Party
Secret Rift 2198,Horror
Secret Rift 2198,Educational
Secret Rift 2198,Racing
Shadow Fall 2199,Card Game
Shadow Fall 2199,Platformer
Dark Harbor 2200,Sandbox
Dark Harbor 2200,Open World
Dark Harbor 2200,Action
Neon Signal 2201,Board Game
Neon Signal 2201,Shooter
Neon Signal 2201,FPS
Frozen Saga 2202,Sports
Frozen Saga 2202,Party
Digital Rebellion 2203,Action
Digital Rebellion 2203,Racing
Cyber Odyssey 2204,Educational
Cyber Odyssey 2204,MMO
Last Realm 2205,Party
Last Realm 2205,Fighting
Last Realm 2205,Casual
Frozen Storm 2206,Survival
Frozen Storm 2206,Casual
Frozen Storm 2206,Shooter
Phantom Beacon 2207,Role-Playing
Phantom Beacon 2207,Stealth
Solar Trial 2208,Party
Solar Trial 2208,Platformer
Silent Vanguard 2209,Party
Silent Vanguard 2209,Arcade
Silent Vanguard 2209,Shooter
Infinite Trial 2210,Shooter
Infinite Trial 2210,Board Game
Infinite Trial 2210,Adventure
Vivid Ascension 2211,Open World
Vivid Ascension 2211,RPG
Crimson Dreams 2212,Battle Royale
Crimson Dreams 2212,RPG
Crimson Dreams 2212,Racing
Broken Realm 2213,Sports
Broken Realm 2213,TPS
Wild Frontier 2214,TPS
Wild Frontier 2214,Board Game
Hidden Rift 2215,Action
Hidden Rift 2215,Card Game
Vivid Horizons 2216,Platformer
Vivid Horizons 2216,Simulation
Vivid Horizons 2216,Stealth
Iron Sprint 2217,Indie
Iron Sprint 2217,Adventure
Iron Sprint 2217,Strategy
Broken Run 2218,Sports
Broken Run 2218,Racing
Broken Run 2218,Arcade
Cyber Run 2219,Adventure
Cyber Run 2219,Board Game
Cyber Run 2219,Simulation
Cyber Vanguard 2220,FPS
Cyber Vanguard 2220,Open World
Cyber Vanguard 2220,Survival
Infinite Dreams 2221,Fighting
Infinite Dreams 2221,Action
Rogue Forge 2222,Arcade
Rogue Forge 2222,Board Game
Rogue Forge 2222,Sports
Wild Run 2223,Horror
Wild Run 2223,Card Game
Wild Run 2223,Survival
Crimson Warden 2224,Action
Crimson Warden 2224,Fighting
Prime Beacon 2225,FPS
Prime Beacon 2225,TPS
Solar Awakening 2226,Casual
Solar Awakening 2226,Horror
Neon Vanguard 2227,Casual
Neon Vanguard 2227,Arcade
Silent Rift 2228,Sports
Silent Rift 2228,Open World
Galactic Origin 2229,Trivia
Galactic Origin 2229,Sports
Infinite Quest 2230,Simulation
Infinite Quest 2230,Card Game
Mythic Frontier 2231,FPS
Mythic Frontier 2231,Horror
Mythic Frontier 2231,Racing
Crimson Dreams 2232,Trivia
Crimson Dreams 2232,Platformer
Last Legends 2233,Puzzle
Last Legends 2233,Simulation
Iron Fall 2234,Open World
Iron Fall 2234,MMO
Shadow Run 2235,Adventure
Shadow Run 2235,Indie
Galactic Vanguard 2236,Card Game
Galactic Vanguard 2236,Survival
Galactic Vanguard 2236,Trivia
Cyber Rebellion 2237,Casual
Cyber Rebellion 2237,Trivia
Crimson Horizons 2238,Party
Crimson Horizons 2238,Card Game
Secret Ascension 2239,Sandbox
Secret Ascension 2239,Adventure
Last Sprint 2240,Trivia
Last Sprint 2240,Adventure
Crimson Ascension 2241,Horror
Crimson Ascension 2241,Puzzle
Crimson Ascension 2241,Party
Crimson Horizons 2242,Educational
Crimson Horizons 2242,Racing
Mythic Legends 2243,Horror
Mythic Legends 2243,Educational
Mythic Legends 2243,Indie
Crimson Origin 2244,FPS
Crimson Origin 2244,Educational
Crimson Origin 2244,Board Game
Lunar Saga 2245,Casual
Lunar Saga 2245,Party
Neon Empire 2246,Simulation
Neon Empire 2246,Shooter
Neon Empire 2246,Arcade
Vivid Dreams 2247,TPS
Vivid Dreams 2247,Open World
Vivid Dreams 2247,Platformer
Dark Horizons 2248,Arcade
Dark Horizons 2248,Strategy
Galactic Realm 2249,Role-Playing
Galactic Realm 2249,MMO
Lunar Fall 2250,Simulation
Lunar Fall 2250,Card Game
Ancient Tides 2251,Indie
Ancient Tides 2251,Party
Ancient Tides 2251,Card Game
Secret Horizons 2252,Trivia
Secret Horizons 2252,Shooter
Shadow Rift 2253,RPG
Shadow Rift 2253,Horror
Shadow Rift 2253,Card Game
Golden Rebellion 2254,Party
Golden Rebellion 2254,Platformer
Golden Rebellion 2254,Sports
Last Warden 2255,Horror
Last Warden 2255,TPS
Last Warden 2255,Educational
Wild Horizons 2256,Indie
Wild Horizons 2256,Party
Wild Horizons 2256,Casual
Crimson Chronicles 2257,Battle Royale
Crimson Chronicles 2257,Role-Playing
Digital Odyssey 2258,Platformer
Digital Odyssey 2258,RPG
Solar Nomad 2259,Adventure
Solar Nomad 2259,Trivia
Eternal Awakening 2260,RPG
Eternal Awakening 2260,Stealth
Lost Storm 2261,Card Game
Lost Storm 2261,Arcade
Lost Storm 2261,FPS
Eternal Ascension 2262,Puzzle
Eternal Ascension 2262,Shooter
Mythic Echo 2263,Educational
Mythic Echo 2263,Survival
Mythic Echo 2263,Strategy
Phantom Saga 2264,Platformer
Phantom Saga 2264,Action
Phantom Saga 2264,Arcade
Digital Harbor 2265,Puzzle
Digital Harbor 2265,Party
Digital Harbor 2265,MMO
Phantom Nomad 2266,Battle Royale
Phantom Nomad 2266,Strategy
Golden Ascension 2267,Card Game
Golden Ascension 2267,Platformer
Golden Ascension 2267,Battle Royale
Iron Frontier 2268,RPG
Iron Frontier 2268,Simulation
Digital Frontier 2269,Puzzle
Digital Frontier 2269,Stealth
Digital Frontier 2269,Sandbox
Hidden Nomad 2270,Fighting
Hidden Nomad 2270,Trivia
Ancient Warden 2271,Educational
Ancient Warden 2271,Trivia
Rogue Ascension 2272,FPS
Rogue Ascension 2272,Trivia
Rogue Ascension 2272,Horror
Lunar Nomad 2273,Horror
Lunar Nomad 2273,FPS
Lost Nomad 2274,Indie
Lost Nomad 2274,Trivia
Lost Nomad 2274,Racing
First Saga 2275,Platformer
First Saga 2275,Party
Ancient Realm 2276,Card Game
Ancient Realm 2276,Adventure
Shadow Frontier 2277,Sandbox
Shadow Frontier 2277,Simulation
First Warden 2278,Educational
First Warden 2278,Indie
First Warden 2278,Platformer
Secret Nomad 2279,Indie
Secret Nomad 2279,Arcade
Eternal Awakening 2280,Music
Eternal Awakening 2280,Trivia
Vivid Empire 2281,Horror
Vivid Empire 2281,RPG
Wild Storm 2282,Horror
Wild Storm 2282,Puzzle
Wild Storm 2282,Board Game
Rogue Forge 2283,Simulation
Rogue Forge 2283,Racing
Rogue Forge 2283,Party
Lunar Chronicles 2284,Card Game
Lunar Chronicles 2284,Puzzle
Wild Forge 2285,Casual
Wild Forge 2285,Fighting
Wild Forge 2285,Music
Infinite Nomad 2286,FPS
Infinite Nomad 2286,Adventure
Solar Quest 2287,Adventure
Solar Quest 2287,Sandbox
Frozen Trial 2288,Platformer
Frozen Trial 2288,Board Game
First Vanguard 2289,Puzzle
First Vanguard 2289,MMO
Last Dreams 2290,RPG
Last Dreams 2290,Sandbox
Last Dreams 2290,Battle Royale
Vivid Beacon 2291,Board Game
Vivid Beacon 2291,Shooter
Neon Sprint 2292,Card Game
Neon Sprint 2292,Board Game
Neon Sprint 2292,Strategy
Shadow Echo 2293,Simulation
Shadow Echo 2293,Racing
Neon Legends 2294,Platformer
Neon Legends 2294,Casual
Neon Legends 2294,Stealth
Solar Realm 2295,Music
Solar Realm 2295,Strategy
Solar Realm 2295,Simulation
Lunar Realm 2296,RPG
Lunar Realm 2296,Fighting
Solar Empire 2297,Action
Solar Empire 2297,Trivia
Digital Dreams 2298,Educational
Digital Dreams 2298,Stealth
Ancient Storm 2299,FPS
Ancient Storm 2299,Battle Royale
Neon Ascension 2300,Survival
Neon Ascension 2300,Puzzle
Neon Ascension 2300,Strategy
Crimson Origin 2301,Trivia
Crimson Origin 2301,Indie
Crimson Origin 2301,Simulation
Last Awakening 2302,Open World
Last Awakening 2302,Music
Mythic Vanguard 2303,Racing
Mythic Vanguard 2303,Casual
Hidden Forge 2304,Puzzle
Hidden Forge 2304,Arcade
Iron Signal 2305,Strategy
Iron Signal 2305,Sandbox
Prime Warden 2306,Shooter
Prime Warden 2306,Strategy
Prime Warden 2306,Music
Infinite Legends 2307,TPS
Infinite Legends 2307,Arcade
Infinite Legends 2307,Adventure
Phantom Trial 2308,Puzzle
Phantom Trial 2308,Horror
Shadow Empire 2309,Fighting
Shadow Empire 2309,Casual
Hidden Forge 2310,Horror
Hidden Forge 2310,FPS
Secret Legends 2311,Board Game
Secret Legends 2311,Arcade
Secret Legends 2311,Horror
Last Forge 2312,Casual
Last Forge 2312,Sports
Last Forge 2312,Strategy
Galactic Quest 2313,MMO
Galactic Quest 2313,Open World
Galactic Beacon 2314,Horror
Galactic Beacon 2314,Casual
Broken Warden 2315,Open World
Broken Warden 2315,Music
Broken Warden 2315,Sandbox
Eternal Nomad 2316,Indie
Eternal Nomad 2316,Stealth
Eternal Nomad 2316,Party
Lunar Rift 2317,Arcade
Lunar Rift 2317,Casual
Cyber Horizons 2318,Indie
Cyber Horizons 2318,Action
Cyber Horizons 2318,Puzzle
Galactic Vanguard 2319,Battle Royale
Galactic Vanguard 2319,RPG
Galactic Vanguard 2319,Role-Playing
Secret Storm 2320,Stealth
Secret Storm 2320,Indie
Secret Rebellion 2321,Puzzle
Secret Rebellion 2321,Racing
Secret Rebellion 2321,Role-Playing
Cyber Saga 2322,Horror
Cyber Saga 2322,Trivia
Silent Sprint 2323,Music
Silent Sprint 2323,MMO
Solar Signal 2324,Sports
Solar Signal 2324,Role-Playing
Phantom Chronicles 2325,RPG
Phantom Chronicles 2325,Educational
Phantom Chronicles 2325,Fighting
Cyber Tides 2326,MMO
Cyber Tides 2326,Survival
First Storm 2327,Indie
First Storm 2327,FPS
First Storm 2327,Open World
Last Signal 2328,Card Game
Last Signal 2328,Role-Playing
Last Signal 2328,Open World
Rogue Saga 2329,Adventure
Rogue Saga 2329,Party
Rogue Saga 2329,RPG
Golden Origin 2330,Board Game
Golden Origin 2330,Party
Golden Origin 2330,MMO
Digital Odyssey 2331,Open World
Digital Odyssey 2331,Action
Vivid Nomad 2332,Adventure
Vivid Nomad 2332,Horror
Vivid Nomad 2332,Casual
Vivid Harbor 2333,Racing
Vivid Harbor 2333,FPS
Vivid Harbor 2333,Role-Playing
Silent Harbor 2334,Horror
Silent Harbor 2334,Arcade
Wild Sprint 2335,Adventure
Wild Sprint 2335,Sports
Prime Beacon 2336,Adventure
Prime Beacon 2336,FPS
Rogue Forge 2337,Open World
Rogue Forge 2337,Battle Royale
Rogue Forge 2337,Fighting
Silent Trial 2338,RPG
Silent Trial 2338,Stealth
Silent Trial 2338,Fighting
Ancient Fall 2339,Adventure
Ancient Fall 2339,Sports
Frozen Rebellion 2340,Open World
Frozen Rebellion 2340,Board Game
Frozen Rebellion 2340,Fighting
Lunar Realm 2341,TPS
Lunar Realm 2341,Educational
Golden Storm 2342,TPS
Golden Storm 2342,Role-Playing
Broken Warden 2343,FPS
Broken Warden 2343,Racing
Mythic Origin 2344,Puzzle
Mythic Origin 2344,Educational
Ancient Vanguard 2345,Indie
Ancient Vanguard 2345,Stealth
Galactic Vanguard 2346,Stealth
Galactic Vanguard 2346,Survival
Galactic Vanguard 2346,Fighting
Vivid Horizons 2347,Shooter
Vivid Horizons 2347,Board Game
Vivid Horizons 2347,Arcade
Solar Origin 2348,Battle Royale
Solar Origin 2348,Action
Solar Origin 2348,MMO
Silent Rift 2349,Party
Silent Rift 2349,Sandbox
Phantom Empire 2350,Puzzle
Phantom Empire 2350,Sports
Lost Frontier 2351,Survival
Lost Frontier 2351,Stealth
Lost Frontier 2351,Puzzle
Secret Trial 2352,Simulation
Secret Trial 2352,Battle Royale
Lunar Saga 2353,Puzzle
Lunar Saga 2353,Shooter
Lunar Saga 2353,Card Game
Dark Frontier 2354,Educational
Dark Frontier 2354,TPS
Vivid Echo 2355,Indie
Vivid Echo 2355,Open World
Wild Saga 2356,Indie
Wild Saga 2356,Music
Wild Saga 2356,FPS
Dark Rebellion 2357,Stealth
Dark Rebellion 2357,Fighting
Dark Rebellion 2357,Educational
Frozen Beacon 2358,TPS
Frozen Beacon 2358,Platformer
Galactic Signal 2359,Open World
Galactic Signal 2359,Sandbox
Secret Awakening 2360,Educational
Secret Awakening 2360,Arcade
Crimson Forge 2361,Shooter
Crimson Forge 2361,FPS
Crimson Forge 2361,RPG
Silent Storm 2362,Survival
Silent Storm 2362,Party
Silent Sprint 2363,Role-Playing
Silent Sprint 2363,Puzzle
Rogue Storm 2364,Shooter
Rogue Storm 2364,Survival
Rogue Storm 2364,Arcade
Silent Dreams 2365,Casual
Silent Dreams 2365,RPG
Silent Dreams 2365,FPS
Prime Signal 2366,Fighting
Prime Signal 2366,Role-Playing
Prime Signal 2366,Casual
Secret Echo 2367,Casual
Secret Echo 2367,Stealth
Lost Fall 2368,TPS
Lost Fall 2368,Simulation
Secret Awakening 2369,Shooter
Secret Awakening 2369,Action
First Beacon 2370,TPS
First Beacon 2370,Survival
First Beacon 2370,Casual
Phantom Quest 2371,Indie
Phantom Quest 2371,Action
Phantom Quest 2371,Card Game
Shadow Sprint 2372,RPG
Shadow Sprint 2372,Casual
Silent Beacon 2373,Indie
Silent Beacon 2373,RPG
Infinite Odyssey 2374,Stealth
Infinite Odyssey 2374,Open World
Frozen Horizons 2375,Party
Frozen Horizons 2375,Role-Playing
Frozen Horizons 2375,Board Game
Silent Legends 2376,MMO
Silent Legends 2376,Sports
Digital Quest 2377,RPG
Digital Quest 2377,Casual
Digital Quest 2377,Simulation
Iron Rift 2378,Indie
Iron Rift 2378,TPS
Wild Odyssey 2379,Board Game
Wild Odyssey 2379,TPS
Wild Odyssey 2379,Simulation
Dark Beacon 2380,MMO
Dark Beacon 2380,Music
Broken Warden 2381,Board Game
Broken Warden 2381,Adventure
Infinite Forge 2382,Racing
Infinite Forge 2382,Fighting
Shadow Beacon 2383,MMO
Shadow Beacon 2383,Indie
Galactic Horizons 2384,Survival
Galactic Horizons 2384,Open World
Silent Quest 2385,Racing
Silent Quest 2385,Party
Silent Quest 2385,Stealth
Cyber Chronicles 2386,Puzzle
Cyber Chronicles 2386,Sandbox
First Trial 2387,Party
First Trial 2387,Platformer
First Trial 2387,Music
Infinite Frontier 2388,Adventure
Infinite Frontier 2388,Trivia
Broken Dreams 2389,Platformer
Broken Dreams 2389,RPG
Silent Awakening 2390,Casual
Silent Awakening 2390,Trivia
Galactic Fall 2391,Open World
Galactic Fall 2391,Indie
Galactic Fall 2391,Educational
Phantom Warden 2392,TPS
Phantom Warden 2392,Arcade
Phantom Warden 2392,Open World
Phantom Forge 2393,Horror
Phantom Forge 2393,Arcade
Phantom Forge 2393,Casual
Galactic Sprint 2394,Survival
Galactic Sprint 2394,MMO
Prime Legends 2395,Adventure
Prime Legends 2395,Board Game
Prime Legends 2395,Horror
Silent Tides 2396,Card Game
Silent Tides 2396,Battle Royale
Digital Odyssey 2397,Survival
Digital Odyssey 2397,TPS
Neon Sprint 2398,TPS
Neon Sprint 2398,Stealth
Neon Sprint 2398,Shooter
Crimson Saga 2399,FPS
Crimson Saga 2399,Shooter
Crimson Saga 2399,Racing
Rogue Harbor 2400,Trivia
Rogue Harbor 2400,Fighting
Rogue Harbor 2400,Sports
Frozen Sprint 2401,Horror
Frozen Sprint 2401,Stealth
First Legends 2402,Stealth
First Legends 2402,Horror
Shadow Run 2403,Shooter
Shadow Run 2403,Casual
Prime Saga 2404,Adventure
Prime Saga 2404,Puzzle
Vivid Realm 2405,Open World
Vivid Realm 2405,Party
Silent Signal 2406,Shooter
Silent Signal 2406,Educational
Infinite Legends 2407,Card Game
Infinite Legends 2407,Horror
Infinite Legends 2407,Simulation
Phantom Frontier 2408,Platformer
Phantom Frontier 2408,Role-Playing
Digital Harbor 2409,Role-Playing
Digital Harbor 2409,RPG
Digital Harbor 2409,Party
Cyber Dreams 2410,Open World
Cyber Dreams 2410,Action
Shadow Origin 2411,Stealth
Shadow Origin 2411,Horror
Shadow Origin 2411,TPS
Solar Legends 2412,Fighting
Solar Legends 2412,Platformer
Eternal Storm 2413,MMO
Eternal Storm 2413,Platformer
Eternal Storm 2413,Adventure
Secret Chronicles 2414,TPS
Secret Chronicles 2414,Shooter
Eternal Ascension 2415,Trivia
Eternal Ascension 2415,Sports
Eternal Ascension 2415,Arcade
Neon Run 2416,RPG
Neon Run 2416,Party
First Run 2417,Music
First Run 2417,Board Game
First Run 2417,Stealth
Mythic Nomad 2418,Racing
Mythic Nomad 2418,Sports
Last Odyssey 2419,Open World
Last Odyssey 2419,RPG
Last Odyssey 2419,Sandbox
Vivid Forge 2420,Indie
Vivid Forge 2420,Shooter
Vivid Forge 2420,Simulation
Prime Signal 2421,MMO
Prime Signal 2421,Strategy
Mythic Realm 2422,Adventure
Mythic Realm 2422,Trivia
Iron Run 2423,Casual
Iron Run 2423,Party
Iron Run 2423,FPS
Iron Realm 2424,Battle Royale
Iron Realm 2424,Arcade
Iron Realm 2424,Music
First Fall 2425,Horror
First Fall 2425,Simulation
Mythic Sprint 2426,Role-Playing
Mythic Sprint 2426,Party
Lost Trial 2427,Educational
Lost Trial 2427,Board Game
Silent Trial 2428,Indie
Silent Trial 2428,Arcade
Silent Trial 2428,Trivia
Eternal Horizons 2429,Arcade
Eternal Horizons 2429,Indie
Cyber Frontier 2430,FPS
Cyber Frontier 2430,Action
Eternal Horizons 2431,Simulation
Eternal Horizons 2431,Music
Secret Run 2432,Sports
Secret Run 2432,Horror
Silent Tides 2433,Stealth
Silent Tides 2433,Strategy
Silent Tides 2433,Casual
Silent Odyssey 2434,Platformer
Silent Odyssey 2434,Board Game
Rogue Origin 2435,Arcade
Rogue Origin 2435,Racing
Rogue Origin 2435,Adventure
Galactic Fall 2436,Card Game
Galactic Fall 2436,Action
Vivid Warden 2437,Music
Vivid Warden 2437,Battle Royale
Vivid Warden 2437,Board Game
Digital Rebellion 2438,Horror
Digital Rebellion 2438,Strategy
Digital Rebellion 2438,Fighting
Rogue Ascension 2439,Role-Playing
Rogue Ascension 2439,Action
Prime Echo 2440,Simulation
Prime Echo 2440,Board Game
Phantom Horizons 2441,Simulation
Phantom Horizons 2441,Strategy
Phantom Horizons 2441,Survival
Phantom Chronicles 2442,Educational
Phantom Chronicles 2442,Puzzle
Dark Vanguard 2443,Trivia
Dark Vanguard 2443,Racing
Silent Odyssey 2444,Strategy
Silent Odyssey 2444,Puzzle
Silent Odyssey 2444,Educational
Hidden Realm 2445,Arcade
Hidden Realm 2445,Simulation
Lost Empire 2446,Fighting
Lost Empire 2446,Role-Playing
Solar Fall 2447,Educational
Solar Fall 2447,Puzzle
Solar Fall 2447,Fighting
Iron Awakening 2448,Sports
Iron Awakening 2448,Stealth
Iron Awakening 2448,Horror
Secret Beacon 2449,Adventure
Secret Beacon 2449,Sports
Iron Nomad 2450,Survival
Iron Nomad 2450,Role-Playing
Shadow Rebellion 2451,Horror
Shadow Rebellion 2451,Platformer
Shadow Rebellion 2451,Party
Last Fall 2452,Indie
Last Fall 2452,Simulation
Silent Sprint 2453,Platformer
Silent Sprint 2453,Simulation
Ancient Ascension 2454,Simulation
Ancient Ascension 2454,Board Game
Neon Legends 2455,Fighting
Neon Legends 2455,Survival
Hidden Chronicles 2456,Music
Hidden Chronicles 2456,Battle Royale
Hidden Chronicles 2456,Adventure
Mythic Chronicles 2457,Battle Royale
Mythic Chronicles 2457,Platformer
Iron Realm 2458,Action
Iron Realm 2458,Board Game
Solar Legends 2459,Board Game
Solar Legends 2459,Battle Royale
Solar Legends 2459,Card Game
Ancient Origin 2460,Open World
Ancient Origin 2460,Trivia
Ancient Origin 2460,Stealth
Cyber Vanguard 2461,Adventure
Cyber Vanguard 2461,Stealth
Secret Nomad 2462,Platformer
Secret Nomad 2462,Educational
Lunar Sprint 2463,Indie
Lunar Sprint 2463,Role-Playing
Lunar Sprint 2463,Sports
Prime Sprint 2464,Party
Prime Sprint 2464,Role-Playing
Silent Awakening 2465,Educational
Silent Awakening 2465,Card Game
Silent Awakening 2465,Sandbox
Last Rebellion 2466,Casual
Last Rebellion 2466,Sports
First Forge 2467,Horror
First Forge 2467,Casual
First Forge 2467,Racing
Eternal Empire 2468,Fighting
Eternal Empire 2468,Indie
Eternal Chronicles 2469,Fighting
Eternal Chronicles 2469,Action
Eternal Chronicles 2469,TPS
Shadow Frontier 2470,Shooter
Shadow Frontier 2470,Party
Shadow Frontier 2470,Puzzle
Wild Run 2471,Sandbox
Wild Run 2471,Platformer
Wild Run 2471,Role-Playing
Neon Empire 2472,Stealth
Neon Empire 2472,Platformer
Neon Empire 2472,Music
Mythic Rift 2473,Board Game
Mythic Rift 2473,Educational
Mythic Rift 2473,RPG
First Rift 2474,Simulation
First Rift 2474,Card Game
First Echo 2475,Party
First Echo 2475,Fighting
Infinite Odyssey 2476,Shooter
Infinite Odyssey 2476,Sports
Last Legends 2477,Shooter
Last Legends 2477,Stealth
Last Odyssey 2478,Casual
Last Odyssey 2478,Platformer
Last Odyssey 2478,TPS
Crimson Horizons 2479,Platformer
Crimson Horizons 2479,Battle Royale
Crimson Horizons 2479,Strategy
Rogue Tides 2480,Simulation
Rogue Tides 2480,Battle Royale
Iron Trial 2481,Role-Playing
Iron Trial 2481,Card Game
Lunar Harbor 2482,Board Game
Lunar Harbor 2482,Role-Playing
Lunar Harbor 2482,Platformer
Hidden Echo 2483,MMO
Hidden Echo 2483,Party
Hidden Echo 2483,Adventure
Rogue Legends 2484,Strategy
Rogue Legends 2484,Adventure
Rogue Legends 2484,FPS
First Nomad 2485,Puzzle
First Nomad 2485,Survival
Vivid Storm 2486,Battle Royale
Vivid Storm 2486,Fighting
Vivid Storm 2486,Stealth
First Signal 2487,Fighting
First Signal 2487,Action
Infinite Nomad 2488,Sandbox
Infinite Nomad 2488,Indie
Silent Odyssey 2489,Puzzle
Silent Odyssey 2489,Racing
Broken Trial 2490,Card Game
Broken Trial 2490,Adventure
Shadow Storm 2491,Arcade
Shadow Storm 2491,MMO
Iron Chronicles 2492,Strategy
Iron Chronicles 2492,Survival
Iron Chronicles 2492,Indie
Hidden Beacon 2493,Fighting
Hidden Beacon 2493,Educational
Hidden Beacon 2493,Trivia
Digital Sprint 2494,TPS
Digital Sprint 2494,Simulation
Silent Horizons 2495,Educational
Silent Horizons 2495,Action
Wild Tides 2496,Battle Royale
Wild Tides 2496,Shooter
Wild Tides 2496,Educational
Rogue Empire 2497,Arcade
Rogue Empire 2497,Sports
Golden Forge 2498,Sandbox
Golden Forge 2498,Card Game
Digital Echo 2499,MMO
Digital Echo 2499,Board Game
Digital Echo 2499,Open World
Rogue Echo 2500,Fighting
Rogue Echo 2500,Card Game
Rogue Echo 2500,Racing
