title,description,esrb_rating,players,rating
The Last of Us,The Last of Us blends immersive worldbuilding with satisfying mechanics suitable for newcomers and veterans.,Mature 17+,1,4.9
God of War,"God of War delivers an engaging experience that balances storytelling and gameplay in a rich setting. a stylish, focused title, god of war emphasizes creative problem solving and emergent play.",Everyone 10+,8,4.6
Halo Infinite,"Halo Infinite mixes narrative and action in a polished package with memorable moments. experience halo infinite: a tense, skill-based game where decisions matter and every encounter counts.",Everyone 10+,1,3.8
Red Dead Redemption 2,Red Dead Redemption 2 delivers an engaging experience that balances storytelling and gameplay in a rich setting. red dead redemption 2 delivers an engaging experience that balances storytelling and gameplay in a rich setting.,Rating Pending,1,3.7
The Witcher 3: Wild Hunt,"Experience The Witcher 3: Wild Hunt: a tense, skill-based game where decisions matter and every encounter counts.",Mature 17+,1,2.8
Breath of the Wild,"Experience Breath of the Wild: a tense, skill-based game where decisions matter and every encounter counts. breath of the wild mixes narrative and action in a polished package with memorable moments.",Everyone,1,4.9
Elden Ring,Elden Ring mixes narrative and action in a polished package with memorable moments.,Mature 17+,1,3.9
Hades,Hades is a compact but deep adventure focused on exploration and character progression.,Everyone,8,4.0
Stardew Valley,"In Stardew Valley, players navigate challenging environments while uncovering secrets and facing tough choices.",Teen,1,4.6
Celeste,Celeste is a compact but deep adventure focused on exploration and character progression. celeste blends immersive worldbuilding with satisfying mechanics suitable for newcomers and veterans.,Mature 17+,8,4.1
Minecraft,"Experience Minecraft: a tense, skill-based game where decisions matter and every encounter counts. experience minecraft: a tense, skill-based game where decisions matter and every encounter counts.",Everyone,1,3.3
Fortnite,"In Fortnite, players navigate challenging environments while uncovering secrets and facing tough choices.",Rating Pending,1,4.4
Apex Legends,Apex Legends blends immersive worldbuilding with satisfying mechanics suitable for newcomers and veterans.,Mature 17+,1,4.8
Overwatch,Play Overwatch to test your reflexes and strategy across varied levels and scenarios.,Everyone,1,4.4
Grand Theft Auto V,"In Grand Theft Auto V, players navigate challenging environments while uncovering secrets and facing tough choices.",Mature 17+,1,2.2
Cyberpunk 2077,Cyberpunk 2077 blends immersive worldbuilding with satisfying mechanics suitable for newcomers and veterans.,Everyone,8,2.5
Dark Souls III,"In Dark Souls III, players navigate challenging environments while uncovering secrets and facing tough choices. a stylish, focused title, dark souls iii emphasizes creative problem solving and emergent play.",Everyone,8,3.8
Persona 5,"Persona 5 mixes narrative and action in a polished package with memorable moments. experience persona 5: a tense, skill-based game where decisions matter and every encounter counts.",Mature 17+,1,3.6
Animal Crossing: New Horizons,Animal Crossing: New Horizons blends immersive worldbuilding with satisfying mechanics suitable for newcomers and veterans.,Mature 17+,1,3.3
Among Us,"Experience Among Us: a tense, skill-based game where decisions matter and every encounter counts.",Mature 17+,1,3.7
Super Mario Odyssey,Play Super Mario Odyssey to test your reflexes and strategy across varied levels and scenarios.,Everyone,1,2.8
Metroid Dread,"Metroid Dread is a compact but deep adventure focused on exploration and character progression. experience metroid dread: a tense, skill-based game where decisions matter and every encounter counts.",Everyone,4,3.7
Doom Eternal,Doom Eternal mixes narrative and action in a polished package with memorable moments.,Mature 17+,2,2.9
Counter-Strike: Global Offensive,Counter-Strike: Global Offensive delivers an engaging experience that balances storytelling and gameplay in a rich setting.,Everyone 10+,1,2.4
Valorant,"A stylish, focused title, Valorant emphasizes creative problem solving and emergent play.",Everyone,1,4.6
League of Legends,Play League of Legends to test your reflexes and strategy across varied levels and scenarios.,Everyone,1,4.9
World of Warcraft,World of Warcraft is a compact but deep adventure focused on exploration and character progression.,Mature 17+,2,3.9
Final Fantasy VII Remake,Final Fantasy VII Remake blends immersive worldbuilding with satisfying mechanics suitable for newcomers and veterans.,Rating Pending,1,3.8
Assassin's Creed Valhalla,Play Assassin's Creed Valhalla to test your reflexes and strategy across varied levels and scenarios. assassin's creed valhalla is a compact but deep adventure focused on exploration and character progression.,Everyone 10+,1,4.9
Batman: Arkham City,Batman: Arkham City mixes narrative and action in a polished package with memorable moments.,Mature 17+,1,2.6
Ghost of Tsushima,"In Ghost of Tsushima, players navigate challenging environments while uncovering secrets and facing tough choices.",Everyone,1,4.2
Untitled Goose Game,"In Untitled Goose Game, players navigate challenging environments while uncovering secrets and facing tough choices.",Teen,1,4.2
Oxenfree,Play Oxenfree to test your reflexes and strategy across varied levels and scenarios.,Everyone,1,3.7
Disco Elysium,"Disco Elysium mixes narrative and action in a polished package with memorable moments. a stylish, focused title, disco elysium emphasizes creative problem solving and emergent play.",Mature 17+,1,4.2
Return of the Obra Dinn,Return of the Obra Dinn delivers an engaging experience that balances storytelling and gameplay in a rich setting.,Everyone,8,3.4
Slay the Spire,"In Slay the Spire, players navigate challenging environments while uncovering secrets and facing tough choices.",Rating Pending,4,3.7
Dishonored 2,Dishonored 2 is a compact but deep adventure focused on exploration and character progression. play dishonored 2 to test your reflexes and strategy across varied levels and scenarios.,Everyone,1,3.6
Metal Gear Solid V,Metal Gear Solid V blends immersive worldbuilding with satisfying mechanics suitable for newcomers and veterans.,Everyone,1,4.6
Control,"A stylish, focused title, Control emphasizes creative problem solving and emergent play. control delivers an engaging experience that balances storytelling and gameplay in a rich setting.",Everyone,1,3.3
Spelunky 2,Spelunky 2 blends immersive worldbuilding with satisfying mechanics suitable for newcomers and veterans. spelunky 2 mixes narrative and action in a polished package with memorable moments.,Everyone,3,3.6
Dead Cells,Dead Cells blends immersive worldbuilding with satisfying mechanics suitable for newcomers and veterans.,Everyone,1,2.4
"Papers, Please","Experience Papers, Please: a tense, skill-based game where decisions matter and every encounter counts.",Mature 17+,3,3.7
Limbo,Limbo delivers an engaging experience that balances storytelling and gameplay in a rich setting.,Mature 17+,4,3.0
Inside,Inside is a compact but deep adventure focused on exploration and character progression.,Everyone,2,3.0
The Legend of Zelda: Tears of the Kingdom,"A stylish, focused title, The Legend of Zelda: Tears of the Kingdom emphasizes creative problem solving and emergent play.",Early Childhood,1,4.6
Sekiro: Shadows Die Twice,"In Sekiro: Shadows Die Twice, players navigate challenging environments while uncovering secrets and facing tough choices.",Teen,1,3.9
Resident Evil Village,Resident Evil Village mixes narrative and action in a polished package with memorable moments.,Teen,1,3.1
Forza Horizon 5,Forza Horizon 5 mixes narrative and action in a polished package with memorable moments. play forza horizon 5 to test your reflexes and strategy across varied levels and scenarios.,Mature 17+,1,4.1
Need for Speed Heat,Need for Speed Heat blends immersive worldbuilding with satisfying mechanics suitable for newcomers and veterans.,Mature 17+,4,4.1
FIFA 22,"A stylish, focused title, FIFA 22 emphasizes creative problem solving and emergent play.",Everyone 10+,1,4.1
Madden NFL 22,Madden NFL 22 mixes narrative and action in a polished package with memorable moments.,Mature 17+,2,4.2
NBA 2K22,NBA 2K22 is a compact but deep adventure focused on exploration and character progression.,Teen,1,4.1
Secret Frontier 53,Secret Frontier 53 delivers an engaging experience that balances storytelling and gameplay in a rich setting.,Mature 17+,1,3.6
Dark Harbor 54,"In Dark Harbor 54, players navigate challenging environments while uncovering secrets and facing tough choices.",Everyone,1,3.8
Hidden Quest 55,Play Hidden Quest 55 to test your reflexes and strategy across varied levels and scenarios. hidden quest 55 blends immersive worldbuilding with satisfying mechanics suitable for newcomers and veterans.,Mature 17+,1,4.3
Eternal Legends 56,"Experience Eternal Legends 56: a tense, skill-based game where decisions matter and every encounter counts.",Teen,1,4.8
First Frontier 57,First Frontier 57 delivers an engaging experience that balances storytelling and gameplay in a rich setting.,Everyone,1,4.0
Prime Harbor 58,Prime Harbor 58 blends immersive worldbuilding with satisfying mechanics suitable for newcomers and veterans.,Everyone 10+,1,3.1
Silent Ascension 59,Silent Ascension 59 mixes narrative and action in a polished package with memorable moments.,Early Childhood,8,4.3
Silent Vanguard 60,"A stylish, focused title, Silent Vanguard 60 emphasizes creative problem solving and emergent play. silent vanguard 60 blends immersive worldbuilding with satisfying mechanics suitable for newcomers and veterans.",Teen,3,3.7
Shadow Empire 61,"Experience Shadow Empire 61: a tense, skill-based game where decisions matter and every encounter counts.",Mature 17+,4,3.8
Dark Chronicles 62,Dark Chronicles 62 mixes narrative and action in a polished package with memorable moments.,Mature 17+,1,3.2
Frozen Quest 63,"A stylish, focused title, Frozen Quest 63 emphasizes creative problem solving and emergent play.",Teen,1,4.8
Iron Run 64,Iron Run 64 blends immersive worldbuilding with satisfying mechanics suitable for newcomers and veterans.,Teen,4,4.7
Dark Ascension 65,Dark Ascension 65 blends immersive worldbuilding with satisfying mechanics suitable for newcomers and veterans.,Mature 17+,1,3.7
Frozen Beacon 66,"In Frozen Beacon 66, players navigate challenging environments while uncovering secrets and facing tough choices.",Everyone,1,4.2
Secret Beacon 67,"Secret Beacon 67 is a compact but deep adventure focused on exploration and character progression. experience secret beacon 67: a tense, skill-based game where decisions matter and every encounter counts.",Everyone 10+,8,4.7
Ancient Rebellion 68,Ancient Rebellion 68 is a compact but deep adventure focused on exploration and character progression.,Teen,1,4.9
Eternal Saga 69,Eternal Saga 69 is a compact but deep adventure focused on exploration and character progression.,Everyone,1,4.3
Digital Storm 70,Digital Storm 70 mixes narrative and action in a polished package with memorable moments.,Everyone 10+,1,4.8
Solar Forge 71,"Experience Solar Forge 71: a tense, skill-based game where decisions matter and every encounter counts. solar forge 71 delivers an engaging experience that balances storytelling and gameplay in a rich setting.",Teen,1,4.6
Dark Nomad 72,Dark Nomad 72 blends immersive worldbuilding with satisfying mechanics suitable for newcomers and veterans. dark nomad 72 delivers an engaging experience that balances storytelling and gameplay in a rich setting.,Everyone,1,4.3
Solar Echo 73,Solar Echo 73 is a compact but deep adventure focused on exploration and character progression.,Mature 17+,1,4.0
Last Rebellion 74,Last Rebellion 74 is a compact but deep adventure focused on exploration and character progression. last rebellion 74 delivers an engaging experience that balances storytelling and gameplay in a rich setting.,Teen,1,4.7
Broken Storm 75,Broken Storm 75 blends immersive worldbuilding with satisfying mechanics suitable for newcomers and veterans.,Teen,1,4.2
Galactic Realm 76,Galactic Realm 76 is a compact but deep adventure focused on exploration and character progression. galactic realm 76 delivers an engaging experience that balances storytelling and gameplay in a rich setting.,Everyone,1,3.8
Phantom Origin 77,"In Phantom Origin 77, players navigate challenging environments while uncovering secrets and facing tough choices.",Teen,1,4.0
Infinite Chronicles 78,"Experience Infinite Chronicles 78: a tense, skill-based game where decisions matter and every encounter counts.",Everyone 10+,1,3.5
Cyber Frontier 79,"Experience Cyber Frontier 79: a tense, skill-based game where decisions matter and every encounter counts. in cyber frontier 79, players navigate challenging environments while uncovering secrets and facing tough choices.",Mature 17+,4,3.3
Rogue Forge 80,"Experience Rogue Forge 80: a tense, skill-based game where decisions matter and every encounter counts.",Rating Pending,1,1.9
Rogue Run 81,Play Rogue Run 81 to test your reflexes and strategy across varied levels and scenarios.,Everyone,1,4.5
Hidden Trial 82,Hidden Trial 82 is a compact but deep adventure focused on exploration and character progression.,Mature 17+,8,3.8
Lost Harbor 83,"In Lost Harbor 83, players navigate challenging environments while uncovering secrets and facing tough choices.",Rating Pending,1,3.0
Wild Ascension 84,Wild Ascension 84 is a compact but deep adventure focused on exploration and character progression. wild ascension 84 delivers an engaging experience that balances storytelling and gameplay in a rich setting.,Rating Pending,2,3.0
Infinite Fall 85,Infinite Fall 85 is a compact but deep adventure focused on exploration and character progression.,Mature 17+,1,3.9
Silent Ascension 86,"A stylish, focused title, Silent Ascension 86 emphasizes creative problem solving and emergent play.",Everyone,1,3.4
Mythic Warden 87,"Experience Mythic Warden 87: a tense, skill-based game where decisions matter and every encounter counts.",Teen,1,4.6
Secret Run 88,"Experience Secret Run 88: a tense, skill-based game where decisions matter and every encounter counts.",Teen,1,4.8
Silent Forge 89,"A stylish, focused title, Silent Forge 89 emphasizes creative problem solving and emergent play.",Mature 17+,1,4.3
Rogue Vanguard 90,Rogue Vanguard 90 mixes narrative and action in a polished package with memorable moments.,Everyone,1,3.9
Frozen Beacon 91,"A stylish, focused title, Frozen Beacon 91 emphasizes creative problem solving and emergent play.",Early Childhood,1,2.0
Silent Empire 92,Silent Empire 92 blends immersive worldbuilding with satisfying mechanics suitable for newcomers and veterans.,Teen,1,3.0
Prime Quest 93,"A stylish, focused title, Prime Quest 93 emphasizes creative problem solving and emergent play.",Mature 17+,1,4.2
Phantom Awakening 94,"Experience Phantom Awakening 94: a tense, skill-based game where decisions matter and every encounter counts. play phantom awakening 94 to test your reflexes and strategy across varied levels and scenarios.",Mature 17+,8,4.3
Silent Forge 95,"Silent Forge 95 mixes narrative and action in a polished package with memorable moments. experience silent forge 95: a tense, skill-based game where decisions matter and every encounter counts.",Everyone,8,3.0
Eternal Forge 96,"In Eternal Forge 96, players navigate challenging environments while uncovering secrets and facing tough choices.",Everyone,1,3.9
Infinite Fall 97,"A stylish, focused title, Infinite Fall 97 emphasizes creative problem solving and emergent play. infinite fall 97 delivers an engaging experience that balances storytelling and gameplay in a rich setting.",Teen,1,3.3
Hidden Saga 98,Hidden Saga 98 is a compact but deep adventure focused on exploration and character progression.,Everyone,1,4.0
Secret Warden 99,"Experience Secret Warden 99: a tense, skill-based game where decisions matter and every encounter counts.",Rating Pending,8,4.0
Rogue Echo 100,Rogue Echo 100 blends immersive worldbuilding with satisfying mechanics suitable for newcomers and veterans.,Teen,1,4.5
Rogue Dreams 101,Rogue Dreams 101 blends immersive worldbuilding with satisfying mechanics suitable for newcomers and veterans.,Mature 17+,1,4.6
Frozen Rift 102,Play Frozen Rift 102 to test your reflexes and strategy across varied levels and scenarios.,Mature 17+,1,3.5
Hidden Beacon 103,Hidden Beacon 103 blends immersive worldbuilding with satisfying mechanics suitable for newcomers and veterans.,Everyone 10+,1,3.8
Prime Sprint 104,Prime Sprint 104 blends immersive worldbuilding with satisfying mechanics suitable for newcomers and veterans.,Everyone,1,4.1
Silent Run 105,"A stylish, focused title, Silent Run 105 emphasizes creative problem solving and emergent play. experience silent run 105: a tense, skill-based game where decisions matter and every encounter counts.",Mature 17+,1,3.1
Secret Echo 106,Secret Echo 106 mixes narrative and action in a polished package with memorable moments.,Mature 17+,1,3.2
Ancient Harbor 107,"A stylish, focused title, Ancient Harbor 107 emphasizes creative problem solving and emergent play.",Mature 17+,1,3.9
Eternal Echo 108,"Experience Eternal Echo 108: a tense, skill-based game where decisions matter and every encounter counts.",Everyone,1,3.4
Wild Fall 109,Wild Fall 109 mixes narrative and action in a polished package with memorable moments.,Everyone,1,4.7
Hidden Sprint 110,Hidden Sprint 110 delivers an engaging experience that balances storytelling and gameplay in a rich setting.,Teen,3,4.1
Last Ascension 111,Play Last Ascension 111 to test your reflexes and strategy across varied levels and scenarios.,Rating Pending,1,4.1
Eternal Rift 112,"Play Eternal Rift 112 to test your reflexes and strategy across varied levels and scenarios. experience eternal rift 112: a tense, skill-based game where decisions matter and every encounter counts.",Teen,1,3.3
Broken Warden 113,Broken Warden 113 delivers an engaging experience that balances storytelling and gameplay in a rich setting. play broken warden 113 to test your reflexes and strategy across varied levels and scenarios.,Teen,4,3.1
Phantom Nomad 114,"In Phantom Nomad 114, players navigate challenging environments while uncovering secrets and facing tough choices.",Teen,1,4.5
Lost Quest 115,"A stylish, focused title, Lost Quest 115 emphasizes creative problem solving and emergent play.",Everyone,1,4.5
Lunar Empire 116,Lunar Empire 116 delivers an engaging experience that balances storytelling and gameplay in a rich setting.,Everyone,1,2.6
Solar Origin 117,Solar Origin 117 mixes narrative and action in a polished package with memorable moments.,Mature 17+,1,3.7
Cyber Storm 118,Cyber Storm 118 delivers an engaging experience that balances storytelling and gameplay in a rich setting. cyber storm 118 blends immersive worldbuilding with satisfying mechanics suitable for newcomers and veterans.,Teen,1,3.7
Silent Realm 119,Silent Realm 119 mixes narrative and action in a polished package with memorable moments.,Everyone 10+,1,3.7
Digital Signal 120,Digital Signal 120 delivers an engaging experience that balances storytelling and gameplay in a rich setting.,Everyone,8,3.7
Last Origin 121,"A stylish, focused title, Last Origin 121 emphasizes creative problem solving and emergent play.",Mature 17+,1,2.7
Frozen Sprint 122,Frozen Sprint 122 blends immersive worldbuilding with satisfying mechanics suitable for newcomers and veterans.,Everyone,1,4.0
Golden Fall 123,Golden Fall 123 delivers an engaging experience that balances storytelling and gameplay in a rich setting.,Teen,1,2.1
Silent Sprint 124,Silent Sprint 124 blends immersive worldbuilding with satisfying mechanics suitable for newcomers and veterans. play silent sprint 124 to test your reflexes and strategy across varied levels and scenarios.,Everyone,4,3.0
Wild Legends 125,"In Wild Legends 125, players navigate challenging environments while uncovering secrets and facing tough choices. wild legends 125 delivers an engaging experience that balances storytelling and gameplay in a rich setting.",Mature 17+,8,4.7
Hidden Legends 126,"A stylish, focused title, Hidden Legends 126 emphasizes creative problem solving and emergent play.",Everyone 10+,1,4.5
Eternal Harbor 127,"A stylish, focused title, Eternal Harbor 127 emphasizes creative problem solving and emergent play.",Teen,1,4.2
Ancient Ascension 128,Ancient Ascension 128 mixes narrative and action in a polished package with memorable moments. play ancient ascension 128 to test your reflexes and strategy across varied levels and scenarios.,Everyone,1,3.7
Hidden Harbor 129,"A stylish, focused title, Hidden Harbor 129 emphasizes creative problem solving and emergent play.",Mature 17+,1,4.3
Digital Rebellion 130,Digital Rebellion 130 is a compact but deep adventure focused on exploration and character progression.,Everyone,1,2.9
Silent Vanguard 131,Silent Vanguard 131 delivers an engaging experience that balances storytelling and gameplay in a rich setting.,Teen,1,4.0
Cyber Dreams 132,"A stylish, focused title, Cyber Dreams 132 emphasizes creative problem solving and emergent play.",Everyone,1,4.3
Eternal Legends 133,Play Eternal Legends 133 to test your reflexes and strategy across varied levels and scenarios.,Teen,4,4.6
Iron Horizons 134,Iron Horizons 134 is a compact but deep adventure focused on exploration and character progression.,Teen,1,4.5
Silent Nomad 135,Silent Nomad 135 delivers an engaging experience that balances storytelling and gameplay in a rich setting.,Teen,1,3.4
Lost Forge 136,Lost Forge 136 blends immersive worldbuilding with satisfying mechanics suitable for newcomers and veterans.,Everyone,1,3.7
Infinite Legends 137,"In Infinite Legends 137, players navigate challenging environments while uncovering secrets and facing tough choices.",Everyone 10+,4,4.0
Secret Echo 138,Secret Echo 138 delivers an engaging experience that balances storytelling and gameplay in a rich setting.,Everyone,1,3.8
Solar Rift 139,Play Solar Rift 139 to test your reflexes and strategy across varied levels and scenarios.,Mature 17+,1,4.5
Shadow Run 140,"A stylish, focused title, Shadow Run 140 emphasizes creative problem solving and emergent play. shadow run 140 is a compact but deep adventure focused on exploration and character progression.",Teen,1,3.3
Silent Fall 141,Silent Fall 141 delivers an engaging experience that balances storytelling and gameplay in a rich setting.,Everyone,1,3.5
Cyber Run 142,Cyber Run 142 blends immersive worldbuilding with satisfying mechanics suitable for newcomers and veterans.,Everyone,1,4.3
Wild Tides 143,Wild Tides 143 is a compact but deep adventure focused on exploration and character progression.,Mature 17+,1,3.6
Hidden Ascension 144,"A stylish, focused title, Hidden Ascension 144 emphasizes creative problem solving and emergent play.",Everyone,1,3.5
Vivid Odyssey 145,"In Vivid Odyssey 145, players navigate challenging environments while uncovering secrets and facing tough choices. vivid odyssey 145 delivers an engaging experience that balances storytelling and gameplay in a rich setting.",Mature 17+,1,3.8
Prime Harbor 146,Prime Harbor 146 delivers an engaging experience that balances storytelling and gameplay in a rich setting.,Mature 17+,1,4.8
Infinite Rift 147,"Experience Infinite Rift 147: a tense, skill-based game where decisions matter and every encounter counts.",Teen,1,2.4
Silent Ascension 148,"In Silent Ascension 148, players navigate challenging environments while uncovering secrets and facing tough choices.",Everyone,1,3.9
Phantom Storm 149,Phantom Storm 149 mixes narrative and action in a polished package with memorable moments.,Teen,1,3.4
Phantom Sprint 150,Phantom Sprint 150 mixes narrative and action in a polished package with memorable moments.,Teen,8,3.6
Broken Frontier 151,Broken Frontier 151 is a compact but deep adventure focused on exploration and character progression.,Teen,1,3.1
Mythic Rebellion 152,"In Mythic Rebellion 152, players navigate challenging environments while uncovering secrets and facing tough choices.",Teen,1,3.6
Crimson Saga 153,Crimson Saga 153 delivers an engaging experience that balances storytelling and gameplay in a rich setting. crimson saga 153 delivers an engaging experience that balances storytelling and gameplay in a rich setting.,Mature 17+,3,3.3
Dark Harbor 154,Dark Harbor 154 blends immersive worldbuilding with satisfying mechanics suitable for newcomers and veterans.,Teen,8,4.3
Silent Harbor 155,"Silent Harbor 155 blends immersive worldbuilding with satisfying mechanics suitable for newcomers and veterans. experience silent harbor 155: a tense, skill-based game where decisions matter and every encounter counts.",Teen,1,4.1
Hidden Tides 156,Hidden Tides 156 mixes narrative and action in a polished package with memorable moments.,Everyone,1,4.0
Phantom Echo 157,Play Phantom Echo 157 to test your reflexes and strategy across varied levels and scenarios.,Mature 17+,1,4.4
Iron Frontier 158,"In Iron Frontier 158, players navigate challenging environments while uncovering secrets and facing tough choices.",Everyone 10+,1,3.8
Vivid Sprint 159,Vivid Sprint 159 blends immersive worldbuilding with satisfying mechanics suitable for newcomers and veterans.,Rating Pending,1,4.2
Mythic Warden 160,Mythic Warden 160 delivers an engaging experience that balances storytelling and gameplay in a rich setting.,Everyone,1,3.8
Secret Tides 161,Secret Tides 161 mixes narrative and action in a polished package with memorable moments.,Teen,1,4.8
Neon Realm 162,Play Neon Realm 162 to test your reflexes and strategy across varied levels and scenarios. neon realm 162 is a compact but deep adventure focused on exploration and character progression.,Teen,1,4.1
Galactic Dreams 163,"Play Galactic Dreams 163 to test your reflexes and strategy across varied levels and scenarios. in galactic dreams 163, players navigate challenging environments while uncovering secrets and facing tough choices.",Everyone,1,2.6
Phantom Echo 164,Phantom Echo 164 blends immersive worldbuilding with satisfying mechanics suitable for newcomers and veterans.,Rating Pending,3,4.5
Ancient Nomad 165,Ancient Nomad 165 mixes narrative and action in a polished package with memorable moments.,Teen,1,4.4
Iron Odyssey 166,"A stylish, focused title, Iron Odyssey 166 emphasizes creative problem solving and emergent play.",Early Childhood,1,4.0
Neon Origin 167,Neon Origin 167 is a compact but deep adventure focused on exploration and character progression.,Everyone,1,4.0
Golden Odyssey 168,Play Golden Odyssey 168 to test your reflexes and strategy across varied levels and scenarios.,Everyone 10+,1,3.5
Infinite Dreams 169,Infinite Dreams 169 blends immersive worldbuilding with satisfying mechanics suitable for newcomers and veterans.,Teen,2,4.2
Silent Warden 170,Silent Warden 170 is a compact but deep adventure focused on exploration and character progression.,Everyone,4,3.2
Solar Awakening 171,Solar Awakening 171 delivers an engaging experience that balances storytelling and gameplay in a rich setting.,Mature 17+,1,4.0
Eternal Empire 172,Play Eternal Empire 172 to test your reflexes and strategy across varied levels and scenarios.,Everyone 10+,1,4.3
Eternal Signal 173,"Experience Eternal Signal 173: a tense, skill-based game where decisions matter and every encounter counts.",Teen,1,3.0
Digital Chronicles 174,"In Digital Chronicles 174, players navigate challenging environments while uncovering secrets and facing tough choices.",Everyone,1,3.0
Silent Harbor 175,"In Silent Harbor 175, players navigate challenging environments while uncovering secrets and facing tough choices. play silent harbor 175 to test your reflexes and strategy across varied levels and scenarios.",Everyone,1,3.3
Golden Warden 176,"A stylish, focused title, Golden Warden 176 emphasizes creative problem solving and emergent play.",Mature 17+,1,4.5
Silent Nomad 177,Silent Nomad 177 is a compact but deep adventure focused on exploration and character progression.,Teen,8,4.6
Ancient Nomad 178,"In Ancient Nomad 178, players navigate challenging environments while uncovering secrets and facing tough choices.",Teen,1,4.0
Galactic Legends 179,Galactic Legends 179 mixes narrative and action in a polished package with memorable moments.,Everyone,1,3.7
Prime Horizons 180,Play Prime Horizons 180 to test your reflexes and strategy across varied levels and scenarios.,Teen,3,3.7
Ancient Echo 181,Ancient Echo 181 mixes narrative and action in a polished package with memorable moments.,Teen,1,2.9
Hidden Tides 182,Play Hidden Tides 182 to test your reflexes and strategy across varied levels and scenarios.,Everyone,1,4.5
Vivid Run 183,Vivid Run 183 delivers an engaging experience that balances storytelling and gameplay in a rich setting.,Teen,1,2.8
Shadow Realm 184,Shadow Realm 184 delivers an engaging experience that balances storytelling and gameplay in a rich setting.,Everyone,3,3.2
Ancient Nomad 185,"Ancient Nomad 185 mixes narrative and action in a polished package with memorable moments. in ancient nomad 185, players navigate challenging environments while uncovering secrets and facing tough choices.",Everyone 10+,1,3.5
First Beacon 186,First Beacon 186 blends immersive worldbuilding with satisfying mechanics suitable for newcomers and veterans.,Teen,1,4.3
Frozen Beacon 187,"A stylish, focused title, Frozen Beacon 187 emphasizes creative problem solving and emergent play.",Everyone,1,4.6
Mythic Fall 188,Mythic Fall 188 is a compact but deep adventure focused on exploration and character progression.,Everyone,1,4.3
Prime Sprint 189,"A stylish, focused title, Prime Sprint 189 emphasizes creative problem solving and emergent play.",Teen,1,3.7
Rogue Saga 190,Rogue Saga 190 blends immersive worldbuilding with satisfying mechanics suitable for newcomers and veterans.,Mature 17+,1,3.6
Silent Tides 191,"Silent Tides 191 delivers an engaging experience that balances storytelling and gameplay in a rich setting. in silent tides 191, players navigate challenging environments while uncovering secrets and facing tough choices.",Teen,8,4.2
Wild Frontier 192,Wild Frontier 192 delivers an engaging experience that balances storytelling and gameplay in a rich setting.,Teen,1,4.1
Eternal Quest 193,"Experience Eternal Quest 193: a tense, skill-based game where decisions matter and every encounter counts.",Everyone,1,2.3
Silent Origin 194,"Experience Silent Origin 194: a tense, skill-based game where decisions matter and every encounter counts. silent origin 194 delivers an engaging experience that balances storytelling and gameplay in a rich setting.",Teen,1,3.5
Dark Vanguard 195,"A stylish, focused title, Dark Vanguard 195 emphasizes creative problem solving and emergent play. play dark vanguard 195 to test your reflexes and strategy across varied levels and scenarios.",Mature 17+,8,3.7
Ancient Quest 196,"In Ancient Quest 196, players navigate challenging environments while uncovering secrets and facing tough choices. experience ancient quest 196: a tense, skill-based game where decisions matter and every encounter counts.",Everyone,1,4.9
Digital Quest 197,Digital Quest 197 is a compact but deep adventure focused on exploration and character progression.,Everyone,1,3.9
Dark Chronicles 198,Play Dark Chronicles 198 to test your reflexes and strategy across varied levels and scenarios.,Teen,4,3.5
Last Sprint 199,Play Last Sprint 199 to test your reflexes and strategy across varied levels and scenarios.,Mature 17+,1,3.9
Lost Quest 200,"Experience Lost Quest 200: a tense, skill-based game where decisions matter and every encounter counts.",Everyone,8,4.6
Silent Signal 201,Silent Signal 201 mixes narrative and action in a polished package with memorable moments.,Everyone,1,4.0
Lost Forge 202,"Experience Lost Forge 202: a tense, skill-based game where decisions matter and every encounter counts. experience lost forge 202: a tense, skill-based game where decisions matter and every encounter counts.",Everyone,1,4.2
Broken Chronicles 203,"Broken Chronicles 203 blends immersive worldbuilding with satisfying mechanics suitable for newcomers and veterans. experience broken chronicles 203: a tense, skill-based game where decisions matter and every encounter counts.",Teen,1,4.6
Iron Quest 204,Iron Quest 204 delivers an engaging experience that balances storytelling and gameplay in a rich setting.,Mature 17+,3,3.5
Hidden Rift 205,"In Hidden Rift 205, players navigate challenging environments while uncovering secrets and facing tough choices.",Rating Pending,1,4.6
Golden Realm 206,"Experience Golden Realm 206: a tense, skill-based game where decisions matter and every encounter counts.",Adults Only 18+,1,3.3
Ancient Legends 207,"A stylish, focused title, Ancient Legends 207 emphasizes creative problem solving and emergent play.",Everyone 10+,1,4.2
First Signal 208,"A stylish, focused title, First Signal 208 emphasizes creative problem solving and emergent play.",Mature 17+,1,4.2
Digital Vanguard 209,Digital Vanguard 209 mixes narrative and action in a polished package with memorable moments.,Mature 17+,1,3.7
Golden Quest 210,"Golden Quest 210 blends immersive worldbuilding with satisfying mechanics suitable for newcomers and veterans. experience golden quest 210: a tense, skill-based game where decisions matter and every encounter counts.",Everyone,1,3.4
Solar Horizons 211,"Solar Horizons 211 is a compact but deep adventure focused on exploration and character progression. a stylish, focused title, solar horizons 211 emphasizes creative problem solving and emergent play.",Everyone 10+,1,4.2
Solar Rebellion 212,"In Solar Rebellion 212, players navigate challenging environments while uncovering secrets and facing tough choices.",Teen,1,3.1
Frozen Frontier 213,"In Frozen Frontier 213, players navigate challenging environments while uncovering secrets and facing tough choices.",Everyone,1,4.7
Infinite Rift 214,Play Infinite Rift 214 to test your reflexes and strategy across varied levels and scenarios.,Everyone 10+,8,2.6
Shadow Dreams 215,Shadow Dreams 215 delivers an engaging experience that balances storytelling and gameplay in a rich setting.,Teen,1,3.8
Shadow Rebellion 216,"Experience Shadow Rebellion 216: a tense, skill-based game where decisions matter and every encounter counts. shadow rebellion 216 mixes narrative and action in a polished package with memorable moments.",Rating Pending,1,4.1
Wild Forge 217,"Wild Forge 217 is a compact but deep adventure focused on exploration and character progression. in wild forge 217, players navigate challenging environments while uncovering secrets and facing tough choices.",Teen,1,4.1
First Empire 218,First Empire 218 is a compact but deep adventure focused on exploration and character progression.,Teen,1,3.6
Prime Sprint 219,"Experience Prime Sprint 219: a tense, skill-based game where decisions matter and every encounter counts. prime sprint 219 blends immersive worldbuilding with satisfying mechanics suitable for newcomers and veterans.",Mature 17+,1,4.3
Secret Frontier 220,Secret Frontier 220 delivers an engaging experience that balances storytelling and gameplay in a rich setting.,Everyone,1,4.0
Lost Fall 221,"Experience Lost Fall 221: a tense, skill-based game where decisions matter and every encounter counts. play lost fall 221 to test your reflexes and strategy across varied levels and scenarios.",Everyone,1,3.7
First Origin 222,First Origin 222 is a compact but deep adventure focused on exploration and character progression.,Mature 17+,1,4.1
Solar Forge 223,"Experience Solar Forge 223: a tense, skill-based game where decisions matter and every encounter counts.",Everyone,1,3.9
Infinite Quest 224,Infinite Quest 224 delivers an engaging experience that balances storytelling and gameplay in a rich setting.,Mature 17+,1,4.2
Frozen Realm 225,Frozen Realm 225 blends immersive worldbuilding with satisfying mechanics suitable for newcomers and veterans. frozen realm 225 delivers an engaging experience that balances storytelling and gameplay in a rich setting.,Everyone,1,4.3
Ancient Saga 226,Ancient Saga 226 blends immersive worldbuilding with satisfying mechanics suitable for newcomers and veterans.,Teen,1,4.5
Galactic Rebellion 227,"In Galactic Rebellion 227, players navigate challenging environments while uncovering secrets and facing tough choices. a stylish, focused title, galactic rebellion 227 emphasizes creative problem solving and emergent play.",Teen,1,3.3
Crimson Storm 228,Crimson Storm 228 is a compact but deep adventure focused on exploration and character progression. play crimson storm 228 to test your reflexes and strategy across varied levels and scenarios.,Everyone 10+,1,4.1
Wild Quest 229,Wild Quest 229 delivers an engaging experience that balances storytelling and gameplay in a rich setting.,Adults Only 18+,1,4.4
Vivid Chronicles 230,"Experience Vivid Chronicles 230: a tense, skill-based game where decisions matter and every encounter counts.",Teen,1,3.7
Wild Trial 231,Wild Trial 231 is a compact but deep adventure focused on exploration and character progression.,Teen,1,2.1
Vivid Forge 232,Vivid Forge 232 mixes narrative and action in a polished package with memorable moments.,Rating Pending,1,4.6
Ancient Frontier 233,"In Ancient Frontier 233, players navigate challenging environments while uncovering secrets and facing tough choices. ancient frontier 233 is a compact but deep adventure focused on exploration and character progression.",Mature 17+,1,4.4
Lost Sprint 234,"Lost Sprint 234 blends immersive worldbuilding with satisfying mechanics suitable for newcomers and veterans. experience lost sprint 234: a tense, skill-based game where decisions matter and every encounter counts.",Everyone,1,4.5
Ancient Warden 235,"Experience Ancient Warden 235: a tense, skill-based game where decisions matter and every encounter counts.",Everyone,1,4.1
Dark Chronicles 236,"A stylish, focused title, Dark Chronicles 236 emphasizes creative problem solving and emergent play.",Everyone 10+,3,4.3
Phantom Forge 237,Phantom Forge 237 delivers an engaging experience that balances storytelling and gameplay in a rich setting.,Rating Pending,1,4.5
Eternal Echo 238,"A stylish, focused title, Eternal Echo 238 emphasizes creative problem solving and emergent play.",Teen,1,4.0
Shadow Horizons 239,Shadow Horizons 239 mixes narrative and action in a polished package with memorable moments.,Everyone 10+,8,3.7
Golden Realm 240,Golden Realm 240 delivers an engaging experience that balances storytelling and gameplay in a rich setting.,Teen,2,4.8
Vivid Fall 241,"Vivid Fall 241 delivers an engaging experience that balances storytelling and gameplay in a rich setting. a stylish, focused title, vivid fall 241 emphasizes creative problem solving and emergent play.",Everyone 10+,1,4.3
Silent Empire 242,Silent Empire 242 delivers an engaging experience that balances storytelling and gameplay in a rich setting.,Mature 17+,1,4.0
Crimson Fall 243,Crimson Fall 243 is a compact but deep adventure focused on exploration and character progression.,Everyone 10+,1,2.6
Dark Fall 244,"In Dark Fall 244, players navigate challenging environments while uncovering secrets and facing tough choices.",Mature 17+,2,4.7
Hidden Trial 245,Play Hidden Trial 245 to test your reflexes and strategy across varied levels and scenarios. hidden trial 245 mixes narrative and action in a polished package with memorable moments.,Mature 17+,8,3.9
Solar Saga 246,Solar Saga 246 is a compact but deep adventure focused on exploration and character progression.,Teen,1,4.1
Mythic Rebellion 247,Mythic Rebellion 247 mixes narrative and action in a polished package with memorable moments.,Mature 17+,8,2.4
Last Harbor 248,Last Harbor 248 delivers an engaging experience that balances storytelling and gameplay in a rich setting.,Everyone,1,5.0
Solar Ascension 249,"Experience Solar Ascension 249: a tense, skill-based game where decisions matter and every encounter counts. a stylish, focused title, solar ascension 249 emphasizes creative problem solving and emergent play.",Teen,1,4.5
Prime Beacon 250,Prime Beacon 250 delivers an engaging experience that balances storytelling and gameplay in a rich setting.,Everyone,4,4.2
Golden Legends 251,"In Golden Legends 251, players navigate challenging environments while uncovering secrets and facing tough choices.",Everyone,1,3.8
Frozen Awakening 252,Frozen Awakening 252 is a compact but deep adventure focused on exploration and character progression.,Mature 17+,1,3.2
Frozen Empire 253,"In Frozen Empire 253, players navigate challenging environments while uncovering secrets and facing tough choices.",Mature 17+,1,4.0
Digital Harbor 254,"Experience Digital Harbor 254: a tense, skill-based game where decisions matter and every encounter counts.",Everyone,1,4.0
Ancient Empire 255,Ancient Empire 255 blends immersive worldbuilding with satisfying mechanics suitable for newcomers and veterans.,Mature 17+,1,3.9
First Origin 256,"A stylish, focused title, First Origin 256 emphasizes creative problem solving and emergent play.",Everyone,1,3.9
Lost Empire 257,"Experience Lost Empire 257: a tense, skill-based game where decisions matter and every encounter counts.",Rating Pending,1,4.3
Digital Horizons 258,"In Digital Horizons 258, players navigate challenging environments while uncovering secrets and facing tough choices.",Teen,1,2.6
Iron Forge 259,Iron Forge 259 delivers an engaging experience that balances storytelling and gameplay in a rich setting.,Everyone,4,4.8
Iron Echo 260,Iron Echo 260 is a compact but deep adventure focused on exploration and character progression.,Mature 17+,1,3.8
Lost Tides 261,Lost Tides 261 blends immersive worldbuilding with satisfying mechanics suitable for newcomers and veterans.,Teen,1,3.0
Silent Forge 262,Play Silent Forge 262 to test your reflexes and strategy across varied levels and scenarios. silent forge 262 is a compact but deep adventure focused on exploration and character progression.,Everyone,1,4.4
Crimson Chronicles 263,Crimson Chronicles 263 blends immersive worldbuilding with satisfying mechanics suitable for newcomers and veterans.,Everyone,1,4.3
Neon Chronicles 264,Neon Chronicles 264 blends immersive worldbuilding with satisfying mechanics suitable for newcomers and veterans. neon chronicles 264 blends immersive worldbuilding with satisfying mechanics suitable for newcomers and veterans.,Everyone,1,4.0
Prime Forge 265,"A stylish, focused title, Prime Forge 265 emphasizes creative problem solving and emergent play.",Everyone,1,4.2
Eternal Fall 266,"In Eternal Fall 266, players navigate challenging environments while uncovering secrets and facing tough choices.",Mature 17+,1,3.4
Infinite Signal 267,"In Infinite Signal 267, players navigate challenging environments while uncovering secrets and facing tough choices. infinite signal 267 delivers an engaging experience that balances storytelling and gameplay in a rich setting.",Teen,1,4.5
Digital Quest 268,Digital Quest 268 blends immersive worldbuilding with satisfying mechanics suitable for newcomers and veterans. digital quest 268 blends immersive worldbuilding with satisfying mechanics suitable for newcomers and veterans.,Teen,1,3.4
Digital Run 269,"In Digital Run 269, players navigate challenging environments while uncovering secrets and facing tough choices.",Everyone,1,3.1
Lost Run 270,Lost Run 270 blends immersive worldbuilding with satisfying mechanics suitable for newcomers and veterans.,Everyone,1,4.5
Silent Rebellion 271,"Silent Rebellion 271 mixes narrative and action in a polished package with memorable moments. a stylish, focused title, silent rebellion 271 emphasizes creative problem solving and emergent play.",Teen,1,3.9
Prime Vanguard 272,"A stylish, focused title, Prime Vanguard 272 emphasizes creative problem solving and emergent play.",Everyone,4,3.4
Digital Tides 273,"A stylish, focused title, Digital Tides 273 emphasizes creative problem solving and emergent play.",Adults Only 18+,1,3.7
Broken Storm 274,"In Broken Storm 274, players navigate challenging environments while uncovering secrets and facing tough choices.",Teen,1,4.7
Frozen Rift 275,"In Frozen Rift 275, players navigate challenging environments while uncovering secrets and facing tough choices.",Teen,1,4.0
Last Origin 276,Last Origin 276 is a compact but deep adventure focused on exploration and character progression.,Everyone 10+,1,3.6
Eternal Storm 277,Play Eternal Storm 277 to test your reflexes and strategy across varied levels and scenarios.,Everyone,1,2.9
Cyber Legends 278,"A stylish, focused title, Cyber Legends 278 emphasizes creative problem solving and emergent play.",Everyone,1,3.4
Prime Sprint 279,Prime Sprint 279 mixes narrative and action in a polished package with memorable moments.,Teen,1,3.3
Mythic Saga 280,Mythic Saga 280 delivers an engaging experience that balances storytelling and gameplay in a rich setting.,Teen,1,3.7
Broken Nomad 281,Play Broken Nomad 281 to test your reflexes and strategy across varied levels and scenarios.,Mature 17+,1,4.1
Silent Odyssey 282,"In Silent Odyssey 282, players navigate challenging environments while uncovering secrets and facing tough choices.",Teen,1,4.8
Wild Run 283,Wild Run 283 delivers an engaging experience that balances storytelling and gameplay in a rich setting. play wild run 283 to test your reflexes and strategy across varied levels and scenarios.,Everyone,1,2.6
Digital Frontier 284,Digital Frontier 284 mixes narrative and action in a polished package with memorable moments.,Everyone 10+,1,3.3
Silent Ascension 285,Play Silent Ascension 285 to test your reflexes and strategy across varied levels and scenarios.,Everyone,8,3.6
Frozen Tides 286,Frozen Tides 286 mixes narrative and action in a polished package with memorable moments.,Everyone,1,4.3
Hidden Legends 287,"A stylish, focused title, Hidden Legends 287 emphasizes creative problem solving and emergent play.",Everyone,1,1.9
Rogue Signal 288,Rogue Signal 288 blends immersive worldbuilding with satisfying mechanics suitable for newcomers and veterans.,Teen,1,4.1
Silent Signal 289,Silent Signal 289 is a compact but deep adventure focused on exploration and character progression.,Teen,3,3.9
Eternal Dreams 290,"In Eternal Dreams 290, players navigate challenging environments while uncovering secrets and facing tough choices.",Teen,1,3.9
Mythic Echo 291,"A stylish, focused title, Mythic Echo 291 emphasizes creative problem solving and emergent play.",Teen,1,4.8
Wild Warden 292,Wild Warden 292 blends immersive worldbuilding with satisfying mechanics suitable for newcomers and veterans.,Teen,1,4.7
Ancient Beacon 293,Ancient Beacon 293 delivers an engaging experience that balances storytelling and gameplay in a rich setting.,Everyone,1,4.3
Mythic Run 294,Mythic Run 294 is a compact but deep adventure focused on exploration and character progression.,Everyone 10+,1,4.6
Solar Sprint 295,Solar Sprint 295 delivers an engaging experience that balances storytelling and gameplay in a rich setting.,Everyone,1,4.0
Iron Odyssey 296,"Experience Iron Odyssey 296: a tense, skill-based game where decisions matter and every encounter counts.",Mature 17+,1,4.6
Prime Warden 297,"A stylish, focused title, Prime Warden 297 emphasizes creative problem solving and emergent play.",Mature 17+,1,3.4
Ancient Awakening 298,Ancient Awakening 298 is a compact but deep adventure focused on exploration and character progression.,Everyone 10+,1,4.4
Prime Frontier 299,Prime Frontier 299 delivers an engaging experience that balances storytelling and gameplay in a rich setting. play prime frontier 299 to test your reflexes and strategy across varied levels and scenarios.,Rating Pending,1,4.6
Silent Legends 300,"In Silent Legends 300, players navigate challenging environments while uncovering secrets and facing tough choices.",Teen,1,3.7
Hidden Frontier 301,Play Hidden Frontier 301 to test your reflexes and strategy across varied levels and scenarios.,Rating Pending,1,3.0
Silent Frontier 302,Play Silent Frontier 302 to test your reflexes and strategy across varied levels and scenarios. silent frontier 302 blends immersive worldbuilding with satisfying mechanics suitable for newcomers and veterans.,Everyone,1,3.8
First Ascension 303,"Experience First Ascension 303: a tense, skill-based game where decisions matter and every encounter counts.",Teen,1,4.2
Galactic Storm 304,Galactic Storm 304 is a compact but deep adventure focused on exploration and character progression.,Mature 17+,1,3.5
Mythic Run 305,Mythic Run 305 blends immersive worldbuilding with satisfying mechanics suitable for newcomers and veterans.,Mature 17+,1,3.6
Frozen Beacon 306,Frozen Beacon 306 delivers an engaging experience that balances storytelling and gameplay in a rich setting.,Everyone 10+,1,4.4
Broken Realm 307,Broken Realm 307 is a compact but deep adventure focused on exploration and character progression.,Everyone 10+,1,4.4
Prime Sprint 308,"A stylish, focused title, Prime Sprint 308 emphasizes creative problem solving and emergent play. a stylish, focused title, prime sprint 308 emphasizes creative problem solving and emergent play.",Everyone,1,3.5
Vivid Storm 309,"A stylish, focused title, Vivid Storm 309 emphasizes creative problem solving and emergent play.",Everyone 10+,1,3.0
Iron Horizons 310,"In Iron Horizons 310, players navigate challenging environments while uncovering secrets and facing tough choices.",Mature 17+,1,3.8
Hidden Signal 311,"In Hidden Signal 311, players navigate challenging environments while uncovering secrets and facing tough choices.",Mature 17+,1,4.5
Vivid Empire 312,Vivid Empire 312 delivers an engaging experience that balances storytelling and gameplay in a rich setting.,Teen,1,3.3
Silent Sprint 313,"A stylish, focused title, Silent Sprint 313 emphasizes creative problem solving and emergent play.",Everyone,1,4.1
Shadow Warden 314,Shadow Warden 314 blends immersive worldbuilding with satisfying mechanics suitable for newcomers and veterans.,Rating Pending,2,2.8
Hidden Empire 315,Hidden Empire 315 is a compact but deep adventure focused on exploration and character progression.,Everyone,1,4.9
Dark Origin 316,Dark Origin 316 delivers an engaging experience that balances storytelling and gameplay in a rich setting. dark origin 316 is a compact but deep adventure focused on exploration and character progression.,Early Childhood,1,4.8
Phantom Legends 317,"In Phantom Legends 317, players navigate challenging environments while uncovering secrets and facing tough choices.",Everyone,1,3.5
Secret Storm 318,Secret Storm 318 mixes narrative and action in a polished package with memorable moments.,Rating Pending,1,2.5
Crimson Harbor 319,Crimson Harbor 319 is a compact but deep adventure focused on exploration and character progression.,Everyone,1,3.7
Wild Ascension 320,Wild Ascension 320 delivers an engaging experience that balances storytelling and gameplay in a rich setting. wild ascension 320 mixes narrative and action in a polished package with memorable moments.,Mature 17+,1,4.4
Last Rebellion 321,Last Rebellion 321 blends immersive worldbuilding with satisfying mechanics suitable for newcomers and veterans.,Mature 17+,1,3.8
Ancient Odyssey 322,Ancient Odyssey 322 mixes narrative and action in a polished package with memorable moments. ancient odyssey 322 is a compact but deep adventure focused on exploration and character progression.,Teen,1,2.7
Infinite Chronicles 323,Infinite Chronicles 323 delivers an engaging experience that balances storytelling and gameplay in a rich setting.,Everyone,8,4.3
Silent Beacon 324,"Experience Silent Beacon 324: a tense, skill-based game where decisions matter and every encounter counts.",Everyone,1,4.1
Silent Legends 325,Silent Legends 325 delivers an engaging experience that balances storytelling and gameplay in a rich setting. play silent legends 325 to test your reflexes and strategy across varied levels and scenarios.,Everyone,1,3.1
Ancient Empire 326,Ancient Empire 326 is a compact but deep adventure focused on exploration and character progression. ancient empire 326 delivers an engaging experience that balances storytelling and gameplay in a rich setting.,Teen,1,4.2
Lunar Dreams 327,"Experience Lunar Dreams 327: a tense, skill-based game where decisions matter and every encounter counts.",Mature 17+,1,3.8
Digital Ascension 328,"Experience Digital Ascension 328: a tense, skill-based game where decisions matter and every encounter counts.",Everyone,1,4.5
Galactic Rebellion 329,"A stylish, focused title, Galactic Rebellion 329 emphasizes creative problem solving and emergent play. play galactic rebellion 329 to test your reflexes and strategy across varied levels and scenarios.",Everyone,1,4.5
Galactic Empire 330,Galactic Empire 330 delivers an engaging experience that balances storytelling and gameplay in a rich setting.,Everyone,1,4.3
Mythic Dreams 331,Mythic Dreams 331 is a compact but deep adventure focused on exploration and character progression.,Teen,1,2.8
Silent Trial 332,"Experience Silent Trial 332: a tense, skill-based game where decisions matter and every encounter counts. silent trial 332 mixes narrative and action in a polished package with memorable moments.",Teen,4,4.9
Vivid Empire 333,Vivid Empire 333 delivers an engaging experience that balances storytelling and gameplay in a rich setting.,Everyone 10+,4,4.6
Silent Dreams 334,Silent Dreams 334 delivers an engaging experience that balances storytelling and gameplay in a rich setting.,Everyone 10+,1,3.3
Frozen Rift 335,"A stylish, focused title, Frozen Rift 335 emphasizes creative problem solving and emergent play.",Mature 17+,1,3.1
Eternal Rift 336,"A stylish, focused title, Eternal Rift 336 emphasizes creative problem solving and emergent play.",Early Childhood,1,3.7
Infinite Dreams 337,Infinite Dreams 337 blends immersive worldbuilding with satisfying mechanics suitable for newcomers and veterans.,Teen,1,3.2
Phantom Ascension 338,Phantom Ascension 338 delivers an engaging experience that balances storytelling and gameplay in a rich setting.,Mature 17+,1,3.0
Silent Forge 339,"Play Silent Forge 339 to test your reflexes and strategy across varied levels and scenarios. in silent forge 339, players navigate challenging environments while uncovering secrets and facing tough choices.",Teen,1,3.2
Shadow Run 340,"Experience Shadow Run 340: a tense, skill-based game where decisions matter and every encounter counts.",Mature 17+,1,4.4
First Legends 341,Play First Legends 341 to test your reflexes and strategy across varied levels and scenarios.,Teen,1,2.8
Eternal Forge 342,Eternal Forge 342 blends immersive worldbuilding with satisfying mechanics suitable for newcomers and veterans.,Everyone 10+,1,4.2
Crimson Trial 343,"In Crimson Trial 343, players navigate challenging environments while uncovering secrets and facing tough choices. crimson trial 343 blends immersive worldbuilding with satisfying mechanics suitable for newcomers and veterans.",Everyone,1,3.5
Solar Echo 344,Solar Echo 344 is a compact but deep adventure focused on exploration and character progression.,Everyone 10+,1,1.9
Silent Rebellion 345,Play Silent Rebellion 345 to test your reflexes and strategy across varied levels and scenarios.,Everyone 10+,1,3.2
Dark Echo 346,"A stylish, focused title, Dark Echo 346 emphasizes creative problem solving and emergent play.",Teen,3,3.4
First Origin 347,First Origin 347 delivers an engaging experience that balances storytelling and gameplay in a rich setting. first origin 347 blends immersive worldbuilding with satisfying mechanics suitable for newcomers and veterans.,Teen,1,4.6
Solar Rebellion 348,"Solar Rebellion 348 is a compact but deep adventure focused on exploration and character progression. in solar rebellion 348, players navigate challenging environments while uncovering secrets and facing tough choices.",Everyone,1,4.0
Solar Rift 349,Solar Rift 349 delivers an engaging experience that balances storytelling and gameplay in a rich setting.,Rating Pending,1,3.7
Vivid Harbor 350,Vivid Harbor 350 delivers an engaging experience that balances storytelling and gameplay in a rich setting.,Teen,1,4.9
Solar Quest 351,Play Solar Quest 351 to test your reflexes and strategy across varied levels and scenarios.,Everyone,4,3.6
Hidden Echo 352,Play Hidden Echo 352 to test your reflexes and strategy across varied levels and scenarios.,Mature 17+,2,4.9
Solar Beacon 353,"Experience Solar Beacon 353: a tense, skill-based game where decisions matter and every encounter counts.",Everyone,1,4.4
Infinite Fall 354,"Infinite Fall 354 blends immersive worldbuilding with satisfying mechanics suitable for newcomers and veterans. in infinite fall 354, players navigate challenging environments while uncovering secrets and facing tough choices.",Teen,1,4.0
Vivid Empire 355,Play Vivid Empire 355 to test your reflexes and strategy across varied levels and scenarios.,Teen,1,3.6
Vivid Horizons 356,Vivid Horizons 356 mixes narrative and action in a polished package with memorable moments.,Everyone,1,3.3
Eternal Realm 357,"A stylish, focused title, Eternal Realm 357 emphasizes creative problem solving and emergent play.",Mature 17+,8,4.5
Lunar Saga 358,"In Lunar Saga 358, players navigate challenging environments while uncovering secrets and facing tough choices. lunar saga 358 blends immersive worldbuilding with satisfying mechanics suitable for newcomers and veterans.",Teen,3,3.2
Rogue Awakening 359,"Rogue Awakening 359 mixes narrative and action in a polished package with memorable moments. a stylish, focused title, rogue awakening 359 emphasizes creative problem solving and emergent play.",Mature 17+,1,3.6
Lunar Trial 360,Lunar Trial 360 delivers an engaging experience that balances storytelling and gameplay in a rich setting.,Everyone,1,4.3
Vivid Quest 361,Vivid Quest 361 is a compact but deep adventure focused on exploration and character progression.,Rating Pending,3,3.8
Eternal Odyssey 362,"Experience Eternal Odyssey 362: a tense, skill-based game where decisions matter and every encounter counts. eternal odyssey 362 blends immersive worldbuilding with satisfying mechanics suitable for newcomers and veterans.",Teen,8,4.0
Prime Realm 363,Prime Realm 363 blends immersive worldbuilding with satisfying mechanics suitable for newcomers and veterans.,Teen,1,3.1
Cyber Origin 364,Cyber Origin 364 is a compact but deep adventure focused on exploration and character progression.,Everyone,1,4.8
Hidden Forge 365,Play Hidden Forge 365 to test your reflexes and strategy across varied levels and scenarios. hidden forge 365 blends immersive worldbuilding with satisfying mechanics suitable for newcomers and veterans.,Teen,8,4.4
Silent Nomad 366,Silent Nomad 366 is a compact but deep adventure focused on exploration and character progression.,Mature 17+,4,3.8
Hidden Dreams 367,Play Hidden Dreams 367 to test your reflexes and strategy across varied levels and scenarios.,Early Childhood,1,4.0
Secret Tides 368,"In Secret Tides 368, players navigate challenging environments while uncovering secrets and facing tough choices. experience secret tides 368: a tense, skill-based game where decisions matter and every encounter counts.",Mature 17+,1,3.5
Cyber Rift 369,"In Cyber Rift 369, players navigate challenging environments while uncovering secrets and facing tough choices.",Mature 17+,1,4.4
Lunar Ascension 370,Play Lunar Ascension 370 to test your reflexes and strategy across varied levels and scenarios. lunar ascension 370 blends immersive worldbuilding with satisfying mechanics suitable for newcomers and veterans.,Everyone,2,2.8
Broken Odyssey 371,"Experience Broken Odyssey 371: a tense, skill-based game where decisions matter and every encounter counts. in broken odyssey 371, players navigate challenging environments while uncovering secrets and facing tough choices.",Everyone 10+,1,3.5
Infinite Signal 372,"A stylish, focused title, Infinite Signal 372 emphasizes creative problem solving and emergent play. infinite signal 372 blends immersive worldbuilding with satisfying mechanics suitable for newcomers and veterans.",Everyone,1,3.1
Hidden Echo 373,Play Hidden Echo 373 to test your reflexes and strategy across varied levels and scenarios. hidden echo 373 is a compact but deep adventure focused on exploration and character progression.,Mature 17+,8,2.8
Digital Storm 374,"In Digital Storm 374, players navigate challenging environments while uncovering secrets and facing tough choices. digital storm 374 delivers an engaging experience that balances storytelling and gameplay in a rich setting.",Teen,1,4.1
Lost Frontier 375,Lost Frontier 375 is a compact but deep adventure focused on exploration and character progression.,Rating Pending,1,4.3
Neon Rebellion 376,"In Neon Rebellion 376, players navigate challenging environments while uncovering secrets and facing tough choices.",Everyone,1,4.1
Rogue Harbor 377,"Rogue Harbor 377 delivers an engaging experience that balances storytelling and gameplay in a rich setting. a stylish, focused title, rogue harbor 377 emphasizes creative problem solving and emergent play.",Everyone,1,3.9
Solar Origin 378,"Solar Origin 378 mixes narrative and action in a polished package with memorable moments. in solar origin 378, players navigate challenging environments while uncovering secrets and facing tough choices.",Mature 17+,4,3.3
Shadow Run 379,Shadow Run 379 mixes narrative and action in a polished package with memorable moments.,Teen,1,3.1
Iron Frontier 380,"Iron Frontier 380 is a compact but deep adventure focused on exploration and character progression. experience iron frontier 380: a tense, skill-based game where decisions matter and every encounter counts.",Everyone 10+,1,4.5
Cyber Signal 381,Cyber Signal 381 blends immersive worldbuilding with satisfying mechanics suitable for newcomers and veterans.,Mature 17+,8,2.1
Digital Realm 382,"Digital Realm 382 blends immersive worldbuilding with satisfying mechanics suitable for newcomers and veterans. a stylish, focused title, digital realm 382 emphasizes creative problem solving and emergent play.",Everyone,1,4.5
Hidden Empire 383,Hidden Empire 383 delivers an engaging experience that balances storytelling and gameplay in a rich setting.,Teen,1,3.8
Last Rebellion 384,"In Last Rebellion 384, players navigate challenging environments while uncovering secrets and facing tough choices.",Teen,1,4.2
Dark Tides 385,Dark Tides 385 blends immersive worldbuilding with satisfying mechanics suitable for newcomers and veterans.,Mature 17+,1,3.7
Solar Ascension 386,Solar Ascension 386 mixes narrative and action in a polished package with memorable moments.,Everyone,1,4.1
Prime Harbor 387,Prime Harbor 387 mixes narrative and action in a polished package with memorable moments.,Everyone,1,3.9
First Harbor 388,First Harbor 388 is a compact but deep adventure focused on exploration and character progression.,Everyone 10+,1,4.0
Prime Realm 389,Prime Realm 389 delivers an engaging experience that balances storytelling and gameplay in a rich setting. play prime realm 389 to test your reflexes and strategy across varied levels and scenarios.,Everyone 10+,1,3.1
Rogue Rebellion 390,Play Rogue Rebellion 390 to test your reflexes and strategy across varied levels and scenarios.,Everyone 10+,1,3.9
Silent Rift 391,"In Silent Rift 391, players navigate challenging environments while uncovering secrets and facing tough choices.",Everyone,1,3.6
Broken Run 392,Broken Run 392 mixes narrative and action in a polished package with memorable moments.,Mature 17+,1,3.3
Broken Rift 393,Play Broken Rift 393 to test your reflexes and strategy across varied levels and scenarios. broken rift 393 blends immersive worldbuilding with satisfying mechanics suitable for newcomers and veterans.,Everyone 10+,1,3.2
Vivid Frontier 394,"Experience Vivid Frontier 394: a tense, skill-based game where decisions matter and every encounter counts.",Everyone,8,4.1
First Signal 395,"A stylish, focused title, First Signal 395 emphasizes creative problem solving and emergent play.",Everyone 10+,1,4.5
Mythic Tides 396,Play Mythic Tides 396 to test your reflexes and strategy across varied levels and scenarios. mythic tides 396 mixes narrative and action in a polished package with memorable moments.,Everyone,1,4.0
Mythic Rift 397,"A stylish, focused title, Mythic Rift 397 emphasizes creative problem solving and emergent play. a stylish, focused title, mythic rift 397 emphasizes creative problem solving and emergent play.",Everyone,1,3.1
Shadow Origin 398,Shadow Origin 398 delivers an engaging experience that balances storytelling and gameplay in a rich setting.,Everyone 10+,1,3.8
Cyber Beacon 399,Play Cyber Beacon 399 to test your reflexes and strategy across varied levels and scenarios.,Mature 17+,1,3.2
Mythic Ascension 400,"Experience Mythic Ascension 400: a tense, skill-based game where decisions matter and every encounter counts. experience mythic ascension 400: a tense, skill-based game where decisions matter and every encounter counts.",Everyone,1,3.5
Galactic Realm 401,Galactic Realm 401 delivers an engaging experience that balances storytelling and gameplay in a rich setting.,Teen,1,4.2
Shadow Rift 402,"In Shadow Rift 402, players navigate challenging environments while uncovering secrets and facing tough choices.",Mature 17+,2,2.3
Cyber Rift 403,Cyber Rift 403 blends immersive worldbuilding with satisfying mechanics suitable for newcomers and veterans.,Everyone,1,3.4
First Signal 404,"Experience First Signal 404: a tense, skill-based game where decisions matter and every encounter counts.",Everyone,1,3.7
Crimson Run 405,Crimson Run 405 delivers an engaging experience that balances storytelling and gameplay in a rich setting.,Everyone 10+,8,3.2
Digital Awakening 406,Digital Awakening 406 is a compact but deep adventure focused on exploration and character progression.,Mature 17+,2,4.8
Cyber Ascension 407,Cyber Ascension 407 delivers an engaging experience that balances storytelling and gameplay in a rich setting.,Mature 17+,1,2.9
Lunar Odyssey 408,Lunar Odyssey 408 mixes narrative and action in a polished package with memorable moments. lunar odyssey 408 mixes narrative and action in a polished package with memorable moments.,Mature 17+,3,3.8
Mythic Awakening 409,Mythic Awakening 409 is a compact but deep adventure focused on exploration and character progression.,Teen,4,2.7
Frozen Rebellion 410,"A stylish, focused title, Frozen Rebellion 410 emphasizes creative problem solving and emergent play.",Everyone 10+,4,4.6
Solar Vanguard 411,Solar Vanguard 411 blends immersive worldbuilding with satisfying mechanics suitable for newcomers and veterans.,Everyone 10+,1,4.3
Neon Sprint 412,Neon Sprint 412 delivers an engaging experience that balances storytelling and gameplay in a rich setting.,Everyone,1,3.3
Broken Saga 413,"Experience Broken Saga 413: a tense, skill-based game where decisions matter and every encounter counts.",Rating Pending,2,3.7
Wild Saga 414,"A stylish, focused title, Wild Saga 414 emphasizes creative problem solving and emergent play.",Everyone,1,4.3
Prime Realm 415,Play Prime Realm 415 to test your reflexes and strategy across varied levels and scenarios. prime realm 415 mixes narrative and action in a polished package with memorable moments.,Adults Only 18+,2,4.4
Iron Horizons 416,"A stylish, focused title, Iron Horizons 416 emphasizes creative problem solving and emergent play. iron horizons 416 is a compact but deep adventure focused on exploration and character progression.",Everyone,1,3.8
Solar Signal 417,Solar Signal 417 mixes narrative and action in a polished package with memorable moments.,Mature 17+,3,4.0
Solar Harbor 418,Solar Harbor 418 blends immersive worldbuilding with satisfying mechanics suitable for newcomers and veterans.,Teen,1,4.0
Crimson Rift 419,Crimson Rift 419 mixes narrative and action in a polished package with memorable moments.,Everyone,8,4.0
Silent Awakening 420,"A stylish, focused title, Silent Awakening 420 emphasizes creative problem solving and emergent play. a stylish, focused title, silent awakening 420 emphasizes creative problem solving and emergent play.",Everyone,1,3.6
Iron Rift 421,Iron Rift 421 blends immersive worldbuilding with satisfying mechanics suitable for newcomers and veterans. iron rift 421 delivers an engaging experience that balances storytelling and gameplay in a rich setting.,Everyone,8,3.6
Secret Run 422,Secret Run 422 delivers an engaging experience that balances storytelling and gameplay in a rich setting. secret run 422 mixes narrative and action in a polished package with memorable moments.,Everyone,1,3.6
Broken Chronicles 423,"Broken Chronicles 423 blends immersive worldbuilding with satisfying mechanics suitable for newcomers and veterans. a stylish, focused title, broken chronicles 423 emphasizes creative problem solving and emergent play.",Mature 17+,2,3.3
Lunar Nomad 424,Play Lunar Nomad 424 to test your reflexes and strategy across varied levels and scenarios. lunar nomad 424 is a compact but deep adventure focused on exploration and character progression.,Teen,8,3.7
Eternal Rift 425,Eternal Rift 425 blends immersive worldbuilding with satisfying mechanics suitable for newcomers and veterans.,Mature 17+,1,4.0
Mythic Quest 426,Mythic Quest 426 is a compact but deep adventure focused on exploration and character progression.,Mature 17+,1,4.7
Solar Realm 427,"A stylish, focused title, Solar Realm 427 emphasizes creative problem solving and emergent play.",Mature 17+,1,2.4
Galactic Odyssey 428,"A stylish, focused title, Galactic Odyssey 428 emphasizes creative problem solving and emergent play. galactic odyssey 428 is a compact but deep adventure focused on exploration and character progression.",Everyone,1,3.9
Lost Quest 429,"Experience Lost Quest 429: a tense, skill-based game where decisions matter and every encounter counts.",Rating Pending,1,4.7
Golden Run 430,"In Golden Run 430, players navigate challenging environments while uncovering secrets and facing tough choices.",Everyone,1,3.9
Vivid Nomad 431,"Play Vivid Nomad 431 to test your reflexes and strategy across varied levels and scenarios. in vivid nomad 431, players navigate challenging environments while uncovering secrets and facing tough choices.",Teen,1,4.2
Silent Saga 432,Play Silent Saga 432 to test your reflexes and strategy across varied levels and scenarios.,Teen,8,3.1
Shadow Signal 433,Shadow Signal 433 is a compact but deep adventure focused on exploration and character progression. shadow signal 433 delivers an engaging experience that balances storytelling and gameplay in a rich setting.,Mature 17+,1,4.1
Secret Vanguard 434,"In Secret Vanguard 434, players navigate challenging environments while uncovering secrets and facing tough choices.",Everyone,8,3.7
Frozen Beacon 435,"In Frozen Beacon 435, players navigate challenging environments while uncovering secrets and facing tough choices.",Mature 17+,1,4.3
Last Fall 436,"In Last Fall 436, players navigate challenging environments while uncovering secrets and facing tough choices.",Teen,1,4.2
Golden Fall 437,Golden Fall 437 mixes narrative and action in a polished package with memorable moments.,Teen,1,4.1
Eternal Legends 438,"Experience Eternal Legends 438: a tense, skill-based game where decisions matter and every encounter counts.",Mature 17+,8,4.6
Secret Beacon 439,"In Secret Beacon 439, players navigate challenging environments while uncovering secrets and facing tough choices.",Teen,1,2.3
Dark Signal 440,Dark Signal 440 blends immersive worldbuilding with satisfying mechanics suitable for newcomers and veterans.,Teen,4,4.3
Phantom Forge 441,Phantom Forge 441 blends immersive worldbuilding with satisfying mechanics suitable for newcomers and veterans.,Teen,1,2.6
Phantom Signal 442,Phantom Signal 442 mixes narrative and action in a polished package with memorable moments. phantom signal 442 mixes narrative and action in a polished package with memorable moments.,Mature 17+,1,3.6
Infinite Nomad 443,Infinite Nomad 443 blends immersive worldbuilding with satisfying mechanics suitable for newcomers and veterans.,Mature 17+,2,3.2
Shadow Quest 444,"In Shadow Quest 444, players navigate challenging environments while uncovering secrets and facing tough choices.",Early Childhood,1,2.6
Crimson Trial 445,"A stylish, focused title, Crimson Trial 445 emphasizes creative problem solving and emergent play.",Mature 17+,1,3.7
Last Tides 446,"In Last Tides 446, players navigate challenging environments while uncovering secrets and facing tough choices. last tides 446 delivers an engaging experience that balances storytelling and gameplay in a rich setting.",Everyone,4,3.1
Wild Empire 447,"Experience Wild Empire 447: a tense, skill-based game where decisions matter and every encounter counts. a stylish, focused title, wild empire 447 emphasizes creative problem solving and emergent play.",Everyone,1,2.6
Ancient Quest 448,"A stylish, focused title, Ancient Quest 448 emphasizes creative problem solving and emergent play.",Mature 17+,1,4.9
Vivid Frontier 449,Vivid Frontier 449 mixes narrative and action in a polished package with memorable moments.,Mature 17+,1,4.3
Wild Legends 450,"A stylish, focused title, Wild Legends 450 emphasizes creative problem solving and emergent play.",Mature 17+,8,4.7
Solar Saga 451,Solar Saga 451 delivers an engaging experience that balances storytelling and gameplay in a rich setting.,Everyone,1,4.2
Prime Tides 452,Play Prime Tides 452 to test your reflexes and strategy across varied levels and scenarios.,Teen,1,3.2
Ancient Run 453,"A stylish, focused title, Ancient Run 453 emphasizes creative problem solving and emergent play. ancient run 453 blends immersive worldbuilding with satisfying mechanics suitable for newcomers and veterans.",Mature 17+,1,3.4
Broken Nomad 454,"A stylish, focused title, Broken Nomad 454 emphasizes creative problem solving and emergent play.",Mature 17+,1,3.2
Silent Saga 455,"Experience Silent Saga 455: a tense, skill-based game where decisions matter and every encounter counts. a stylish, focused title, silent saga 455 emphasizes creative problem solving and emergent play.",Everyone,1,4.8
Neon Warden 456,Play Neon Warden 456 to test your reflexes and strategy across varied levels and scenarios.,Everyone,4,4.5
First Signal 457,First Signal 457 blends immersive worldbuilding with satisfying mechanics suitable for newcomers and veterans.,Mature 17+,1,3.1
Iron Rebellion 458,"In Iron Rebellion 458, players navigate challenging environments while uncovering secrets and facing tough choices.",Mature 17+,1,4.5
Lunar Ascension 459,"In Lunar Ascension 459, players navigate challenging environments while uncovering secrets and facing tough choices.",Everyone,1,4.3
Wild Signal 460,"A stylish, focused title, Wild Signal 460 emphasizes creative problem solving and emergent play.",Everyone,1,3.8
Crimson Harbor 461,"Experience Crimson Harbor 461: a tense, skill-based game where decisions matter and every encounter counts.",Teen,1,2.9
Vivid Horizons 462,"Experience Vivid Horizons 462: a tense, skill-based game where decisions matter and every encounter counts. vivid horizons 462 mixes narrative and action in a polished package with memorable moments.",Mature 17+,1,2.6
Wild Storm 463,Play Wild Storm 463 to test your reflexes and strategy across varied levels and scenarios.,Teen,1,4.8
Phantom Quest 464,Phantom Quest 464 mixes narrative and action in a polished package with memorable moments.,Everyone,1,3.9
Lunar Sprint 465,Lunar Sprint 465 delivers an engaging experience that balances storytelling and gameplay in a rich setting.,Rating Pending,1,4.4
Hidden Nomad 466,Hidden Nomad 466 blends immersive worldbuilding with satisfying mechanics suitable for newcomers and veterans.,Everyone,1,4.1
Phantom Tides 467,Phantom Tides 467 mixes narrative and action in a polished package with memorable moments.,Everyone,1,3.8
Golden Sprint 468,Golden Sprint 468 mixes narrative and action in a polished package with memorable moments.,Mature 17+,1,3.4
Eternal Storm 469,Eternal Storm 469 blends immersive worldbuilding with satisfying mechanics suitable for newcomers and veterans. eternal storm 469 blends immersive worldbuilding with satisfying mechanics suitable for newcomers and veterans.,Teen,1,2.6
Wild Chronicles 470,"Experience Wild Chronicles 470: a tense, skill-based game where decisions matter and every encounter counts.",Everyone,1,3.8
Last Awakening 471,"In Last Awakening 471, players navigate challenging environments while uncovering secrets and facing tough choices.",Teen,1,3.1
Eternal Storm 472,"Experience Eternal Storm 472: a tense, skill-based game where decisions matter and every encounter counts.",Everyone,1,3.7
Broken Origin 473,"Experience Broken Origin 473: a tense, skill-based game where decisions matter and every encounter counts. experience broken origin 473: a tense, skill-based game where decisions matter and every encounter counts.",Mature 17+,1,4.4
Silent Ascension 474,"A stylish, focused title, Silent Ascension 474 emphasizes creative problem solving and emergent play. in silent ascension 474, players navigate challenging environments while uncovering secrets and facing tough choices.",Everyone 10+,1,4.1
Silent Legends 475,"A stylish, focused title, Silent Legends 475 emphasizes creative problem solving and emergent play.",Rating Pending,1,3.8
Galactic Quest 476,"A stylish, focused title, Galactic Quest 476 emphasizes creative problem solving and emergent play. in galactic quest 476, players navigate challenging environments while uncovering secrets and facing tough choices.",Mature 17+,1,4.6
Cyber Beacon 477,"In Cyber Beacon 477, players navigate challenging environments while uncovering secrets and facing tough choices. cyber beacon 477 blends immersive worldbuilding with satisfying mechanics suitable for newcomers and veterans.",Everyone,1,4.1
Galactic Beacon 478,Galactic Beacon 478 is a compact but deep adventure focused on exploration and character progression. galactic beacon 478 mixes narrative and action in a polished package with memorable moments.,Everyone,3,3.5
Frozen Chronicles 479,Play Frozen Chronicles 479 to test your reflexes and strategy across varied levels and scenarios. frozen chronicles 479 delivers an engaging experience that balances storytelling and gameplay in a rich setting.,Everyone 10+,1,3.3
Shadow Rebellion 480,Shadow Rebellion 480 is a compact but deep adventure focused on exploration and character progression.,Teen,1,3.0
Broken Ascension 481,Broken Ascension 481 mixes narrative and action in a polished package with memorable moments.,Mature 17+,1,3.0
Wild Rebellion 482,"In Wild Rebellion 482, players navigate challenging environments while uncovering secrets and facing tough choices.",Mature 17+,1,4.1
Lost Realm 483,"In Lost Realm 483, players navigate challenging environments while uncovering secrets and facing tough choices. lost realm 483 delivers an engaging experience that balances storytelling and gameplay in a rich setting.",Rating Pending,1,4.9
Lunar Rebellion 484,Lunar Rebellion 484 is a compact but deep adventure focused on exploration and character progression.,Everyone,1,4.1
Cyber Signal 485,Play Cyber Signal 485 to test your reflexes and strategy across varied levels and scenarios.,Everyone,2,4.8
Phantom Vanguard 486,Phantom Vanguard 486 mixes narrative and action in a polished package with memorable moments.,Everyone,1,3.9
Last Odyssey 487,Last Odyssey 487 blends immersive worldbuilding with satisfying mechanics suitable for newcomers and veterans.,Teen,1,4.7
Vivid Signal 488,Play Vivid Signal 488 to test your reflexes and strategy across varied levels and scenarios.,Adults Only 18+,2,3.3
Phantom Vanguard 489,Phantom Vanguard 489 mixes narrative and action in a polished package with memorable moments.,Everyone,1,4.8
Cyber Horizons 490,Cyber Horizons 490 delivers an engaging experience that balances storytelling and gameplay in a rich setting.,Rating Pending,1,2.8
Dark Dreams 491,Dark Dreams 491 mixes narrative and action in a polished package with memorable moments.,Mature 17+,1,4.1
Mythic Nomad 492,"Experience Mythic Nomad 492: a tense, skill-based game where decisions matter and every encounter counts.",Everyone 10+,3,2.5
Cyber Forge 493,Cyber Forge 493 delivers an engaging experience that balances storytelling and gameplay in a rich setting.,Teen,1,4.4
Silent Warden 494,"Silent Warden 494 blends immersive worldbuilding with satisfying mechanics suitable for newcomers and veterans. in silent warden 494, players navigate challenging environments while uncovering secrets and facing tough choices.",Everyone,1,3.1
Shadow Ascension 495,Shadow Ascension 495 mixes narrative and action in a polished package with memorable moments. play shadow ascension 495 to test your reflexes and strategy across varied levels and scenarios.,Mature 17+,8,3.6
First Harbor 496,Play First Harbor 496 to test your reflexes and strategy across varied levels and scenarios.,Teen,1,2.6
Ancient Trial 497,Ancient Trial 497 is a compact but deep adventure focused on exploration and character progression.,Mature 17+,1,3.5
Neon Signal 498,"In Neon Signal 498, players navigate challenging environments while uncovering secrets and facing tough choices.",Mature 17+,3,3.3
Eternal Horizons 499,Play Eternal Horizons 499 to test your reflexes and strategy across varied levels and scenarios.,Mature 17+,2,2.7
Eternal Storm 500,Play Eternal Storm 500 to test your reflexes and strategy across varied levels and scenarios. eternal storm 500 blends immersive worldbuilding with satisfying mechanics suitable for newcomers and veterans.,Mature 17+,1,2.4
Shadow Horizons 501,Shadow Horizons 501 delivers an engaging experience that balances storytelling and gameplay in a rich setting. shadow horizons 501 mixes narrative and action in a polished package with memorable moments.,Everyone,1,4.4
Dark Fall 502,Dark Fall 502 is a compact but deep adventure focused on exploration and character progression. dark fall 502 is a compact but deep adventure focused on exploration and character progression.,Mature 17+,1,3.6
Broken Rift 503,Broken Rift 503 blends immersive worldbuilding with satisfying mechanics suitable for newcomers and veterans. broken rift 503 delivers an engaging experience that balances storytelling and gameplay in a rich setting.,Rating Pending,1,3.8
Prime Trial 504,Prime Trial 504 mixes narrative and action in a polished package with memorable moments.,Adults Only 18+,1,4.3
Cyber Harbor 505,"Experience Cyber Harbor 505: a tense, skill-based game where decisions matter and every encounter counts. cyber harbor 505 mixes narrative and action in a polished package with memorable moments.",Teen,1,2.6
Crimson Warden 506,"Experience Crimson Warden 506: a tense, skill-based game where decisions matter and every encounter counts.",Everyone 10+,1,3.9
Wild Legends 507,"In Wild Legends 507, players navigate challenging environments while uncovering secrets and facing tough choices. wild legends 507 mixes narrative and action in a polished package with memorable moments.",Mature 17+,1,4.4
Neon Ascension 508,"Experience Neon Ascension 508: a tense, skill-based game where decisions matter and every encounter counts.",Mature 17+,4,3.6
Dark Fall 509,"In Dark Fall 509, players navigate challenging environments while uncovering secrets and facing tough choices.",Teen,1,4.6
Digital Vanguard 510,"A stylish, focused title, Digital Vanguard 510 emphasizes creative problem solving and emergent play. digital vanguard 510 mixes narrative and action in a polished package with memorable moments.",Everyone,1,4.1
Prime Odyssey 511,Prime Odyssey 511 mixes narrative and action in a polished package with memorable moments. prime odyssey 511 delivers an engaging experience that balances storytelling and gameplay in a rich setting.,Teen,1,4.6
Silent Sprint 512,Silent Sprint 512 delivers an engaging experience that balances storytelling and gameplay in a rich setting.,Everyone 10+,1,4.4
Shadow Legends 513,"Experience Shadow Legends 513: a tense, skill-based game where decisions matter and every encounter counts.",Everyone,1,3.4
Vivid Saga 514,Vivid Saga 514 is a compact but deep adventure focused on exploration and character progression.,Everyone,1,3.2
Crimson Empire 515,Crimson Empire 515 is a compact but deep adventure focused on exploration and character progression. crimson empire 515 blends immersive worldbuilding with satisfying mechanics suitable for newcomers and veterans.,Teen,1,4.4
Hidden Fall 516,Hidden Fall 516 delivers an engaging experience that balances storytelling and gameplay in a rich setting.,Everyone,1,4.5
Broken Realm 517,"A stylish, focused title, Broken Realm 517 emphasizes creative problem solving and emergent play.",Everyone 10+,1,3.9
Wild Origin 518,Wild Origin 518 delivers an engaging experience that balances storytelling and gameplay in a rich setting.,Mature 17+,1,4.5
Broken Nomad 519,Play Broken Nomad 519 to test your reflexes and strategy across varied levels and scenarios.,Everyone 10+,1,4.0
Silent Fall 520,Play Silent Fall 520 to test your reflexes and strategy across varied levels and scenarios. silent fall 520 delivers an engaging experience that balances storytelling and gameplay in a rich setting.,Everyone,1,4.2
Hidden Nomad 521,"Experience Hidden Nomad 521: a tense, skill-based game where decisions matter and every encounter counts. hidden nomad 521 delivers an engaging experience that balances storytelling and gameplay in a rich setting.",Everyone,1,4.1
Lunar Rebellion 522,"In Lunar Rebellion 522, players navigate challenging environments while uncovering secrets and facing tough choices.",Everyone,1,4.4
Hidden Warden 523,Hidden Warden 523 mixes narrative and action in a polished package with memorable moments.,Everyone,1,4.7
Silent Horizons 524,Play Silent Horizons 524 to test your reflexes and strategy across varied levels and scenarios.,Everyone 10+,1,4.3
Dark Harbor 525,Dark Harbor 525 blends immersive worldbuilding with satisfying mechanics suitable for newcomers and veterans.,Everyone 10+,1,3.4
Ancient Empire 526,"A stylish, focused title, Ancient Empire 526 emphasizes creative problem solving and emergent play. in ancient empire 526, players navigate challenging environments while uncovering secrets and facing tough choices.",Mature 17+,1,4.2
Rogue Quest 527,Play Rogue Quest 527 to test your reflexes and strategy across varied levels and scenarios.,Teen,1,3.2
Secret Chronicles 528,Secret Chronicles 528 blends immersive worldbuilding with satisfying mechanics suitable for newcomers and veterans.,Teen,1,4.4
Phantom Sprint 529,Phantom Sprint 529 mixes narrative and action in a polished package with memorable moments.,Teen,8,4.4
Lost Nomad 530,"A stylish, focused title, Lost Nomad 530 emphasizes creative problem solving and emergent play.",Everyone,1,4.0
Dark Quest 531,Play Dark Quest 531 to test your reflexes and strategy across varied levels and scenarios.,Everyone,1,3.1
Frozen Warden 532,"In Frozen Warden 532, players navigate challenging environments while uncovering secrets and facing tough choices.",Teen,1,3.8
Dark Run 533,"Play Dark Run 533 to test your reflexes and strategy across varied levels and scenarios. experience dark run 533: a tense, skill-based game where decisions matter and every encounter counts.",Everyone 10+,1,2.9
Galactic Quest 534,"Experience Galactic Quest 534: a tense, skill-based game where decisions matter and every encounter counts.",Rating Pending,8,4.4
Galactic Horizons 535,Galactic Horizons 535 mixes narrative and action in a polished package with memorable moments.,Mature 17+,1,2.0
Prime Frontier 536,"Experience Prime Frontier 536: a tense, skill-based game where decisions matter and every encounter counts.",Mature 17+,1,3.5
Digital Realm 537,"Experience Digital Realm 537: a tense, skill-based game where decisions matter and every encounter counts.",Adults Only 18+,1,4.8
Wild Beacon 538,Wild Beacon 538 is a compact but deep adventure focused on exploration and character progression.,Mature 17+,1,4.5
Hidden Nomad 539,Hidden Nomad 539 mixes narrative and action in a polished package with memorable moments.,Mature 17+,1,4.8
Rogue Echo 540,Play Rogue Echo 540 to test your reflexes and strategy across varied levels and scenarios.,Mature 17+,4,4.6
Neon Run 541,"Neon Run 541 mixes narrative and action in a polished package with memorable moments. in neon run 541, players navigate challenging environments while uncovering secrets and facing tough choices.",Everyone 10+,8,4.5
First Beacon 542,"First Beacon 542 is a compact but deep adventure focused on exploration and character progression. a stylish, focused title, first beacon 542 emphasizes creative problem solving and emergent play.",Everyone,1,3.4
Infinite Nomad 543,Play Infinite Nomad 543 to test your reflexes and strategy across varied levels and scenarios.,Everyone,3,4.5
Lunar Echo 544,"In Lunar Echo 544, players navigate challenging environments while uncovering secrets and facing tough choices.",Mature 17+,1,4.7
Mythic Frontier 545,Mythic Frontier 545 blends immersive worldbuilding with satisfying mechanics suitable for newcomers and veterans.,Teen,1,3.5
Digital Odyssey 546,Play Digital Odyssey 546 to test your reflexes and strategy across varied levels and scenarios.,Mature 17+,1,4.3
Mythic Vanguard 547,"A stylish, focused title, Mythic Vanguard 547 emphasizes creative problem solving and emergent play.",Mature 17+,1,4.4
Prime Fall 548,Prime Fall 548 mixes narrative and action in a polished package with memorable moments.,Mature 17+,1,3.7
Cyber Beacon 549,"In Cyber Beacon 549, players navigate challenging environments while uncovering secrets and facing tough choices.",Mature 17+,1,3.7
Frozen Chronicles 550,"In Frozen Chronicles 550, players navigate challenging environments while uncovering secrets and facing tough choices.",Teen,1,4.8
Digital Beacon 551,"A stylish, focused title, Digital Beacon 551 emphasizes creative problem solving and emergent play.",Mature 17+,3,2.3
Lunar Sprint 552,"A stylish, focused title, Lunar Sprint 552 emphasizes creative problem solving and emergent play.",Everyone,1,4.3
Eternal Frontier 553,Eternal Frontier 553 is a compact but deep adventure focused on exploration and character progression. eternal frontier 553 delivers an engaging experience that balances storytelling and gameplay in a rich setting.,Teen,1,4.1
Last Nomad 554,Last Nomad 554 delivers an engaging experience that balances storytelling and gameplay in a rich setting.,Everyone,1,3.1
Mythic Forge 555,Mythic Forge 555 delivers an engaging experience that balances storytelling and gameplay in a rich setting.,Mature 17+,1,4.3
Prime Run 556,Prime Run 556 delivers an engaging experience that balances storytelling and gameplay in a rich setting.,Everyone,1,4.8
Solar Frontier 557,"In Solar Frontier 557, players navigate challenging environments while uncovering secrets and facing tough choices. in solar frontier 557, players navigate challenging environments while uncovering secrets and facing tough choices.",Mature 17+,2,4.2
Solar Vanguard 558,"Experience Solar Vanguard 558: a tense, skill-based game where decisions matter and every encounter counts.",Everyone 10+,1,4.1
Solar Empire 559,Solar Empire 559 blends immersive worldbuilding with satisfying mechanics suitable for newcomers and veterans.,Everyone 10+,1,3.3
Rogue Ascension 560,"In Rogue Ascension 560, players navigate challenging environments while uncovering secrets and facing tough choices.",Mature 17+,8,4.6
Shadow Rift 561,Shadow Rift 561 mixes narrative and action in a polished package with memorable moments.,Rating Pending,1,4.0
Rogue Chronicles 562,"A stylish, focused title, Rogue Chronicles 562 emphasizes creative problem solving and emergent play.",Teen,1,4.4
Iron Sprint 563,"In Iron Sprint 563, players navigate challenging environments while uncovering secrets and facing tough choices.",Mature 17+,1,4.2
Broken Odyssey 564,Broken Odyssey 564 is a compact but deep adventure focused on exploration and character progression.,Teen,1,4.2
Vivid Rebellion 565,Vivid Rebellion 565 is a compact but deep adventure focused on exploration and character progression.,Teen,1,3.6
Lunar Horizons 566,Lunar Horizons 566 delivers an engaging experience that balances storytelling and gameplay in a rich setting. play lunar horizons 566 to test your reflexes and strategy across varied levels and scenarios.,Everyone 10+,1,2.5
Infinite Rebellion 567,Infinite Rebellion 567 mixes narrative and action in a polished package with memorable moments.,Everyone,1,4.0
Rogue Sprint 568,"Experience Rogue Sprint 568: a tense, skill-based game where decisions matter and every encounter counts. in rogue sprint 568, players navigate challenging environments while uncovering secrets and facing tough choices.",Everyone 10+,1,3.5
Silent Warden 569,Silent Warden 569 blends immersive worldbuilding with satisfying mechanics suitable for newcomers and veterans.,Teen,1,4.5
Wild Beacon 570,Wild Beacon 570 mixes narrative and action in a polished package with memorable moments.,Teen,1,4.5
Galactic Rebellion 571,"A stylish, focused title, Galactic Rebellion 571 emphasizes creative problem solving and emergent play. galactic rebellion 571 mixes narrative and action in a polished package with memorable moments.",Everyone 10+,1,4.5
Crimson Harbor 572,Crimson Harbor 572 blends immersive worldbuilding with satisfying mechanics suitable for newcomers and veterans.,Everyone 10+,1,3.1
Iron Sprint 573,"Experience Iron Sprint 573: a tense, skill-based game where decisions matter and every encounter counts. play iron sprint 573 to test your reflexes and strategy across varied levels and scenarios.",Teen,8,4.6
Hidden Run 574,"In Hidden Run 574, players navigate challenging environments while uncovering secrets and facing tough choices.",Everyone,8,4.3
Solar Ascension 575,Solar Ascension 575 blends immersive worldbuilding with satisfying mechanics suitable for newcomers and veterans.,Mature 17+,1,4.3
Phantom Horizons 576,Phantom Horizons 576 mixes narrative and action in a polished package with memorable moments.,Mature 17+,1,2.5
Wild Rebellion 577,Wild Rebellion 577 is a compact but deep adventure focused on exploration and character progression.,Teen,1,4.8
Lunar Harbor 578,Lunar Harbor 578 mixes narrative and action in a polished package with memorable moments.,Teen,4,4.7
Digital Storm 579,Digital Storm 579 blends immersive worldbuilding with satisfying mechanics suitable for newcomers and veterans.,Teen,4,2.5
Broken Forge 580,"In Broken Forge 580, players navigate challenging environments while uncovering secrets and facing tough choices. play broken forge 580 to test your reflexes and strategy across varied levels and scenarios.",Mature 17+,1,4.2
Eternal Warden 581,"In Eternal Warden 581, players navigate challenging environments while uncovering secrets and facing tough choices. eternal warden 581 mixes narrative and action in a polished package with memorable moments.",Teen,1,4.3
Silent Storm 582,"Experience Silent Storm 582: a tense, skill-based game where decisions matter and every encounter counts.",Teen,1,4.4
Silent Saga 583,"Experience Silent Saga 583: a tense, skill-based game where decisions matter and every encounter counts.",Mature 17+,1,4.3
Eternal Nomad 584,Eternal Nomad 584 blends immersive worldbuilding with satisfying mechanics suitable for newcomers and veterans. eternal nomad 584 delivers an engaging experience that balances storytelling and gameplay in a rich setting.,Teen,1,4.8
Wild Vanguard 585,Wild Vanguard 585 delivers an engaging experience that balances storytelling and gameplay in a rich setting.,Mature 17+,1,3.7
Neon Rift 586,Neon Rift 586 blends immersive worldbuilding with satisfying mechanics suitable for newcomers and veterans.,Teen,1,2.6
Cyber Origin 587,"Experience Cyber Origin 587: a tense, skill-based game where decisions matter and every encounter counts.",Teen,1,3.4
Dark Horizons 588,"A stylish, focused title, Dark Horizons 588 emphasizes creative problem solving and emergent play.",Everyone 10+,2,3.3
Vivid Origin 589,"A stylish, focused title, Vivid Origin 589 emphasizes creative problem solving and emergent play.",Teen,1,4.0
Crimson Horizons 590,Play Crimson Horizons 590 to test your reflexes and strategy across varied levels and scenarios.,Everyone,1,4.3
Frozen Dreams 591,"A stylish, focused title, Frozen Dreams 591 emphasizes creative problem solving and emergent play.",Mature 17+,4,3.2
Solar Storm 592,"Solar Storm 592 delivers an engaging experience that balances storytelling and gameplay in a rich setting. in solar storm 592, players navigate challenging environments while uncovering secrets and facing tough choices.",Everyone,1,4.5
Broken Storm 593,"In Broken Storm 593, players navigate challenging environments while uncovering secrets and facing tough choices.",Teen,1,2.9
Silent Run 594,Silent Run 594 delivers an engaging experience that balances storytelling and gameplay in a rich setting. play silent run 594 to test your reflexes and strategy across varied levels and scenarios.,Mature 17+,1,3.5
Last Signal 595,"In Last Signal 595, players navigate challenging environments while uncovering secrets and facing tough choices.",Mature 17+,1,4.1
Hidden Ascension 596,"In Hidden Ascension 596, players navigate challenging environments while uncovering secrets and facing tough choices.",Everyone 10+,1,3.9
Dark Tides 597,Dark Tides 597 mixes narrative and action in a polished package with memorable moments.,Everyone,1,2.5
Frozen Chronicles 598,"In Frozen Chronicles 598, players navigate challenging environments while uncovering secrets and facing tough choices.",Everyone,1,4.1
Eternal Harbor 599,"Experience Eternal Harbor 599: a tense, skill-based game where decisions matter and every encounter counts.",Rating Pending,1,2.9
Shadow Horizons 600,"Experience Shadow Horizons 600: a tense, skill-based game where decisions matter and every encounter counts. shadow horizons 600 delivers an engaging experience that balances storytelling and gameplay in a rich setting.",Teen,1,2.4
Ancient Nomad 601,"A stylish, focused title, Ancient Nomad 601 emphasizes creative problem solving and emergent play. ancient nomad 601 blends immersive worldbuilding with satisfying mechanics suitable for newcomers and veterans.",Everyone,1,4.0
Eternal Beacon 602,"In Eternal Beacon 602, players navigate challenging environments while uncovering secrets and facing tough choices.",Mature 17+,1,4.3
Golden Sprint 603,Golden Sprint 603 delivers an engaging experience that balances storytelling and gameplay in a rich setting.,Everyone 10+,2,4.6
Last Horizons 604,Last Horizons 604 is a compact but deep adventure focused on exploration and character progression.,Mature 17+,1,4.4
Wild Trial 605,"A stylish, focused title, Wild Trial 605 emphasizes creative problem solving and emergent play.",Mature 17+,1,3.5
Dark Chronicles 606,Dark Chronicles 606 mixes narrative and action in a polished package with memorable moments. play dark chronicles 606 to test your reflexes and strategy across varied levels and scenarios.,Mature 17+,1,3.8
Mythic Quest 607,Mythic Quest 607 is a compact but deep adventure focused on exploration and character progression.,Teen,1,3.9
Cyber Beacon 608,"In Cyber Beacon 608, players navigate challenging environments while uncovering secrets and facing tough choices.",Rating Pending,1,4.8
Eternal Awakening 609,Eternal Awakening 609 is a compact but deep adventure focused on exploration and character progression.,Everyone,1,4.4
Prime Vanguard 610,"Experience Prime Vanguard 610: a tense, skill-based game where decisions matter and every encounter counts. experience prime vanguard 610: a tense, skill-based game where decisions matter and every encounter counts.",Everyone 10+,1,3.4
Rogue Horizons 611,"In Rogue Horizons 611, players navigate challenging environments while uncovering secrets and facing tough choices.",Mature 17+,1,3.8
Ancient Tides 612,"In Ancient Tides 612, players navigate challenging environments while uncovering secrets and facing tough choices. experience ancient tides 612: a tense, skill-based game where decisions matter and every encounter counts.",Everyone,1,3.4
Rogue Rebellion 613,Rogue Rebellion 613 is a compact but deep adventure focused on exploration and character progression.,Rating Pending,1,4.0
First Ascension 614,First Ascension 614 is a compact but deep adventure focused on exploration and character progression.,Mature 17+,1,4.2
Broken Dreams 615,"In Broken Dreams 615, players navigate challenging environments while uncovering secrets and facing tough choices.",Everyone,1,3.4
Last Saga 616,"Last Saga 616 delivers an engaging experience that balances storytelling and gameplay in a rich setting. experience last saga 616: a tense, skill-based game where decisions matter and every encounter counts.",Teen,1,4.5
Hidden Awakening 617,Hidden Awakening 617 blends immersive worldbuilding with satisfying mechanics suitable for newcomers and veterans.,Teen,1,3.6
Hidden Quest 618,"A stylish, focused title, Hidden Quest 618 emphasizes creative problem solving and emergent play. a stylish, focused title, hidden quest 618 emphasizes creative problem solving and emergent play.",Mature 17+,1,4.6
Infinite Harbor 619,"Experience Infinite Harbor 619: a tense, skill-based game where decisions matter and every encounter counts. infinite harbor 619 is a compact but deep adventure focused on exploration and character progression.",Everyone,2,4.2
Frozen Origin 620,Frozen Origin 620 mixes narrative and action in a polished package with memorable moments. frozen origin 620 blends immersive worldbuilding with satisfying mechanics suitable for newcomers and veterans.,Everyone,1,4.0
Infinite Harbor 621,Infinite Harbor 621 blends immersive worldbuilding with satisfying mechanics suitable for newcomers and veterans.,Mature 17+,1,2.9
Ancient Nomad 622,Ancient Nomad 622 mixes narrative and action in a polished package with memorable moments.,Everyone,1,4.2
Last Echo 623,"In Last Echo 623, players navigate challenging environments while uncovering secrets and facing tough choices.",Everyone 10+,1,4.2
Frozen Realm 624,"Experience Frozen Realm 624: a tense, skill-based game where decisions matter and every encounter counts.",Everyone,8,3.8
First Horizons 625,"A stylish, focused title, First Horizons 625 emphasizes creative problem solving and emergent play. play first horizons 625 to test your reflexes and strategy across varied levels and scenarios.",Mature 17+,4,4.6
Hidden Harbor 626,Hidden Harbor 626 mixes narrative and action in a polished package with memorable moments. hidden harbor 626 mixes narrative and action in a polished package with memorable moments.,Teen,1,3.3
Digital Nomad 627,Digital Nomad 627 mixes narrative and action in a polished package with memorable moments.,Everyone,4,3.0
Iron Run 628,Play Iron Run 628 to test your reflexes and strategy across varied levels and scenarios.,Teen,1,2.7
Mythic Frontier 629,Mythic Frontier 629 blends immersive worldbuilding with satisfying mechanics suitable for newcomers and veterans.,Everyone,1,3.9
Lunar Realm 630,"Experience Lunar Realm 630: a tense, skill-based game where decisions matter and every encounter counts.",Everyone,1,4.1
Mythic Quest 631,Mythic Quest 631 mixes narrative and action in a polished package with memorable moments.,Mature 17+,1,3.5
Rogue Echo 632,"In Rogue Echo 632, players navigate challenging environments while uncovering secrets and facing tough choices.",Teen,4,2.6
Mythic Odyssey 633,Mythic Odyssey 633 delivers an engaging experience that balances storytelling and gameplay in a rich setting.,Rating Pending,1,4.6
Last Ascension 634,Last Ascension 634 is a compact but deep adventure focused on exploration and character progression.,Rating Pending,1,4.5
Galactic Storm 635,"Experience Galactic Storm 635: a tense, skill-based game where decisions matter and every encounter counts.",Mature 17+,3,4.2
Lost Empire 636,Lost Empire 636 mixes narrative and action in a polished package with memorable moments. lost empire 636 blends immersive worldbuilding with satisfying mechanics suitable for newcomers and veterans.,Mature 17+,8,4.9
Ancient Awakening 637,Ancient Awakening 637 blends immersive worldbuilding with satisfying mechanics suitable for newcomers and veterans.,Early Childhood,2,3.9
Last Legends 638,Last Legends 638 is a compact but deep adventure focused on exploration and character progression.,Mature 17+,1,4.2
Secret Forge 639,Play Secret Forge 639 to test your reflexes and strategy across varied levels and scenarios.,Everyone,2,2.7
Phantom Horizons 640,"In Phantom Horizons 640, players navigate challenging environments while uncovering secrets and facing tough choices. phantom horizons 640 delivers an engaging experience that balances storytelling and gameplay in a rich setting.",Everyone,1,3.3
Infinite Forge 641,"Infinite Forge 641 blends immersive worldbuilding with satisfying mechanics suitable for newcomers and veterans. a stylish, focused title, infinite forge 641 emphasizes creative problem solving and emergent play.",Teen,1,3.5
Dark Vanguard 642,"Dark Vanguard 642 mixes narrative and action in a polished package with memorable moments. in dark vanguard 642, players navigate challenging environments while uncovering secrets and facing tough choices.",Mature 17+,1,3.7
Mythic Horizons 643,"In Mythic Horizons 643, players navigate challenging environments while uncovering secrets and facing tough choices.",Everyone,1,3.2
Golden Saga 644,"Experience Golden Saga 644: a tense, skill-based game where decisions matter and every encounter counts.",Everyone 10+,1,4.6
Broken Echo 645,Broken Echo 645 is a compact but deep adventure focused on exploration and character progression. broken echo 645 is a compact but deep adventure focused on exploration and character progression.,Everyone 10+,1,4.8
Lost Storm 646,Lost Storm 646 delivers an engaging experience that balances storytelling and gameplay in a rich setting.,Teen,1,3.9
Vivid Horizons 647,"In Vivid Horizons 647, players navigate challenging environments while uncovering secrets and facing tough choices.",Everyone,1,4.7
Infinite Warden 648,"Experience Infinite Warden 648: a tense, skill-based game where decisions matter and every encounter counts.",Everyone,1,3.8
Silent Fall 649,"In Silent Fall 649, players navigate challenging environments while uncovering secrets and facing tough choices. silent fall 649 delivers an engaging experience that balances storytelling and gameplay in a rich setting.",Teen,1,2.5
Golden Chronicles 650,Play Golden Chronicles 650 to test your reflexes and strategy across varied levels and scenarios. golden chronicles 650 blends immersive worldbuilding with satisfying mechanics suitable for newcomers and veterans.,Everyone,1,4.0
Digital Sprint 651,"Experience Digital Sprint 651: a tense, skill-based game where decisions matter and every encounter counts. a stylish, focused title, digital sprint 651 emphasizes creative problem solving and emergent play.",Mature 17+,1,3.4
Prime Empire 652,"Experience Prime Empire 652: a tense, skill-based game where decisions matter and every encounter counts.",Everyone,1,2.6
Galactic Legends 653,Play Galactic Legends 653 to test your reflexes and strategy across varied levels and scenarios.,Teen,1,3.8
Solar Vanguard 654,Solar Vanguard 654 blends immersive worldbuilding with satisfying mechanics suitable for newcomers and veterans.,Everyone,1,3.5
Mythic Chronicles 655,Mythic Chronicles 655 mixes narrative and action in a polished package with memorable moments.,Teen,1,3.1
Eternal Frontier 656,Eternal Frontier 656 mixes narrative and action in a polished package with memorable moments.,Everyone,1,2.9
Ancient Nomad 657,"A stylish, focused title, Ancient Nomad 657 emphasizes creative problem solving and emergent play.",Mature 17+,1,4.1
Shadow Run 658,Shadow Run 658 blends immersive worldbuilding with satisfying mechanics suitable for newcomers and veterans. shadow run 658 is a compact but deep adventure focused on exploration and character progression.,Adults Only 18+,1,4.5
Neon Trial 659,"Experience Neon Trial 659: a tense, skill-based game where decisions matter and every encounter counts.",Early Childhood,1,4.7
Neon Quest 660,Neon Quest 660 blends immersive worldbuilding with satisfying mechanics suitable for newcomers and veterans.,Everyone 10+,1,2.8
Phantom Tides 661,"Experience Phantom Tides 661: a tense, skill-based game where decisions matter and every encounter counts.",Everyone,1,1.7
Cyber Saga 662,"In Cyber Saga 662, players navigate challenging environments while uncovering secrets and facing tough choices.",Teen,8,3.3
Wild Awakening 663,"A stylish, focused title, Wild Awakening 663 emphasizes creative problem solving and emergent play. wild awakening 663 blends immersive worldbuilding with satisfying mechanics suitable for newcomers and veterans.",Everyone,1,4.4
Vivid Vanguard 664,Vivid Vanguard 664 mixes narrative and action in a polished package with memorable moments.,Mature 17+,1,3.4
Shadow Awakening 665,Shadow Awakening 665 blends immersive worldbuilding with satisfying mechanics suitable for newcomers and veterans. shadow awakening 665 is a compact but deep adventure focused on exploration and character progression.,Mature 17+,4,4.7
Digital Run 666,Digital Run 666 mixes narrative and action in a polished package with memorable moments. digital run 666 is a compact but deep adventure focused on exploration and character progression.,Mature 17+,4,2.3
Lost Run 667,"Lost Run 667 is a compact but deep adventure focused on exploration and character progression. in lost run 667, players navigate challenging environments while uncovering secrets and facing tough choices.",Everyone,8,4.9
First Frontier 668,Play First Frontier 668 to test your reflexes and strategy across varied levels and scenarios.,Everyone,1,4.2
Phantom Realm 669,Phantom Realm 669 blends immersive worldbuilding with satisfying mechanics suitable for newcomers and veterans.,Everyone,2,4.4
Secret Realm 670,Play Secret Realm 670 to test your reflexes and strategy across varied levels and scenarios.,Everyone,3,4.7
Hidden Rift 671,Play Hidden Rift 671 to test your reflexes and strategy across varied levels and scenarios.,Mature 17+,4,3.7
Silent Echo 672,Silent Echo 672 mixes narrative and action in a polished package with memorable moments. silent echo 672 blends immersive worldbuilding with satisfying mechanics suitable for newcomers and veterans.,Teen,1,4.3
Eternal Echo 673,"In Eternal Echo 673, players navigate challenging environments while uncovering secrets and facing tough choices.",Mature 17+,8,4.7
Ancient Chronicles 674,"A stylish, focused title, Ancient Chronicles 674 emphasizes creative problem solving and emergent play.",Everyone,1,4.4
Crimson Odyssey 675,Crimson Odyssey 675 mixes narrative and action in a polished package with memorable moments.,Teen,1,4.2
Shadow Saga 676,"A stylish, focused title, Shadow Saga 676 emphasizes creative problem solving and emergent play.",Mature 17+,1,3.8
Last Run 677,"Experience Last Run 677: a tense, skill-based game where decisions matter and every encounter counts.",Everyone,1,4.2
Golden Awakening 678,Golden Awakening 678 is a compact but deep adventure focused on exploration and character progression.,Everyone,3,4.6
Lost Quest 679,Lost Quest 679 is a compact but deep adventure focused on exploration and character progression.,Everyone,8,3.3
Mythic Beacon 680,Mythic Beacon 680 is a compact but deep adventure focused on exploration and character progression. play mythic beacon 680 to test your reflexes and strategy across varied levels and scenarios.,Everyone,1,2.7
Mythic Beacon 681,"A stylish, focused title, Mythic Beacon 681 emphasizes creative problem solving and emergent play.",Mature 17+,1,3.9
Vivid Saga 682,Vivid Saga 682 delivers an engaging experience that balances storytelling and gameplay in a rich setting.,Everyone,2,4.5
Silent Rift 683,Silent Rift 683 mixes narrative and action in a polished package with memorable moments.,Mature 17+,1,4.2
Eternal Storm 684,Eternal Storm 684 mixes narrative and action in a polished package with memorable moments.,Everyone,1,3.1
Solar Trial 685,Solar Trial 685 delivers an engaging experience that balances storytelling and gameplay in a rich setting. solar trial 685 is a compact but deep adventure focused on exploration and character progression.,Mature 17+,8,3.6
Secret Vanguard 686,Secret Vanguard 686 mixes narrative and action in a polished package with memorable moments.,Everyone,4,4.5
Prime Trial 687,Play Prime Trial 687 to test your reflexes and strategy across varied levels and scenarios. prime trial 687 blends immersive worldbuilding with satisfying mechanics suitable for newcomers and veterans.,Everyone,1,4.0
Frozen Rebellion 688,Frozen Rebellion 688 delivers an engaging experience that balances storytelling and gameplay in a rich setting.,Mature 17+,1,4.9
Infinite Ascension 689,Infinite Ascension 689 blends immersive worldbuilding with satisfying mechanics suitable for newcomers and veterans.,Teen,1,4.5
Eternal Sprint 690,Play Eternal Sprint 690 to test your reflexes and strategy across varied levels and scenarios.,Mature 17+,1,3.8
Galactic Storm 691,"Galactic Storm 691 blends immersive worldbuilding with satisfying mechanics suitable for newcomers and veterans. a stylish, focused title, galactic storm 691 emphasizes creative problem solving and emergent play.",Everyone,1,4.3
Lunar Legends 692,Play Lunar Legends 692 to test your reflexes and strategy across varied levels and scenarios.,Everyone,1,4.8
Silent Empire 693,"Silent Empire 693 mixes narrative and action in a polished package with memorable moments. in silent empire 693, players navigate challenging environments while uncovering secrets and facing tough choices.",Rating Pending,1,3.0
Crimson Trial 694,"In Crimson Trial 694, players navigate challenging environments while uncovering secrets and facing tough choices.",Teen,1,3.4
Mythic Run 695,"In Mythic Run 695, players navigate challenging environments while uncovering secrets and facing tough choices. a stylish, focused title, mythic run 695 emphasizes creative problem solving and emergent play.",Everyone,1,3.2
First Warden 696,"In First Warden 696, players navigate challenging environments while uncovering secrets and facing tough choices.",Teen,1,3.3
Digital Awakening 697,"A stylish, focused title, Digital Awakening 697 emphasizes creative problem solving and emergent play.",Mature 17+,8,3.7
Wild Frontier 698,Wild Frontier 698 delivers an engaging experience that balances storytelling and gameplay in a rich setting.,Teen,1,4.9
Wild Beacon 699,Wild Beacon 699 blends immersive worldbuilding with satisfying mechanics suitable for newcomers and veterans.,Teen,2,4.6
Mythic Beacon 700,"A stylish, focused title, Mythic Beacon 700 emphasizes creative problem solving and emergent play. mythic beacon 700 is a compact but deep adventure focused on exploration and character progression.",Mature 17+,3,4.4
Cyber Storm 701,"A stylish, focused title, Cyber Storm 701 emphasizes creative problem solving and emergent play. a stylish, focused title, cyber storm 701 emphasizes creative problem solving and emergent play.",Everyone,1,4.5
Iron Ascension 702,Iron Ascension 702 delivers an engaging experience that balances storytelling and gameplay in a rich setting.,Mature 17+,1,3.7
Golden Saga 703,Golden Saga 703 blends immersive worldbuilding with satisfying mechanics suitable for newcomers and veterans.,Everyone,1,3.3
Silent Run 704,"Experience Silent Run 704: a tense, skill-based game where decisions matter and every encounter counts.",Everyone,2,3.5
Lost Signal 705,Lost Signal 705 is a compact but deep adventure focused on exploration and character progression.,Everyone 10+,4,3.0
Shadow Harbor 706,"In Shadow Harbor 706, players navigate challenging environments while uncovering secrets and facing tough choices.",Teen,1,3.5
Broken Run 707,"Play Broken Run 707 to test your reflexes and strategy across varied levels and scenarios. a stylish, focused title, broken run 707 emphasizes creative problem solving and emergent play.",Mature 17+,1,3.2
Hidden Odyssey 708,Hidden Odyssey 708 delivers an engaging experience that balances storytelling and gameplay in a rich setting.,Adults Only 18+,4,4.6
Silent Quest 709,"Experience Silent Quest 709: a tense, skill-based game where decisions matter and every encounter counts.",Teen,1,3.6
Prime Warden 710,Play Prime Warden 710 to test your reflexes and strategy across varied levels and scenarios. prime warden 710 blends immersive worldbuilding with satisfying mechanics suitable for newcomers and veterans.,Teen,4,4.0
Vivid Vanguard 711,Vivid Vanguard 711 mixes narrative and action in a polished package with memorable moments.,Mature 17+,1,4.1
Digital Odyssey 712,Digital Odyssey 712 mixes narrative and action in a polished package with memorable moments.,Mature 17+,1,3.5
Phantom Rift 713,"In Phantom Rift 713, players navigate challenging environments while uncovering secrets and facing tough choices.",Mature 17+,1,4.2
Lunar Storm 714,"In Lunar Storm 714, players navigate challenging environments while uncovering secrets and facing tough choices.",Teen,4,4.2
Digital Empire 715,"Digital Empire 715 mixes narrative and action in a polished package with memorable moments. a stylish, focused title, digital empire 715 emphasizes creative problem solving and emergent play.",Rating Pending,1,3.6
Phantom Nomad 716,Play Phantom Nomad 716 to test your reflexes and strategy across varied levels and scenarios.,Teen,1,2.8
Crimson Horizons 717,"Experience Crimson Horizons 717: a tense, skill-based game where decisions matter and every encounter counts. crimson horizons 717 mixes narrative and action in a polished package with memorable moments.",Everyone,1,4.2
Iron Sprint 718,Play Iron Sprint 718 to test your reflexes and strategy across varied levels and scenarios.,Rating Pending,8,4.2
Wild Storm 719,Wild Storm 719 delivers an engaging experience that balances storytelling and gameplay in a rich setting.,Teen,1,4.5
Crimson Vanguard 720,Crimson Vanguard 720 is a compact but deep adventure focused on exploration and character progression.,Everyone,4,3.5
Shadow Sprint 721,Shadow Sprint 721 blends immersive worldbuilding with satisfying mechanics suitable for newcomers and veterans.,Everyone,1,3.4
Lunar Horizons 722,"In Lunar Horizons 722, players navigate challenging environments while uncovering secrets and facing tough choices.",Everyone,1,3.9
Silent Horizons 723,"Experience Silent Horizons 723: a tense, skill-based game where decisions matter and every encounter counts.",Everyone,1,3.9
Rogue Rebellion 724,Rogue Rebellion 724 is a compact but deep adventure focused on exploration and character progression.,Teen,1,3.0
Broken Origin 725,Broken Origin 725 blends immersive worldbuilding with satisfying mechanics suitable for newcomers and veterans.,Everyone,1,4.6
Prime Frontier 726,Prime Frontier 726 delivers an engaging experience that balances storytelling and gameplay in a rich setting.,Teen,1,3.6
Vivid Echo 727,Vivid Echo 727 blends immersive worldbuilding with satisfying mechanics suitable for newcomers and veterans. vivid echo 727 is a compact but deep adventure focused on exploration and character progression.,Teen,1,4.9
Broken Rebellion 728,Broken Rebellion 728 blends immersive worldbuilding with satisfying mechanics suitable for newcomers and veterans.,Everyone,1,3.6
Last Horizons 729,"In Last Horizons 729, players navigate challenging environments while uncovering secrets and facing tough choices.",Everyone,1,4.1
Mythic Rift 730,"Experience Mythic Rift 730: a tense, skill-based game where decisions matter and every encounter counts.",Everyone 10+,1,3.6
Cyber Warden 731,Cyber Warden 731 mixes narrative and action in a polished package with memorable moments.,Everyone,1,3.7
Phantom Ascension 732,Phantom Ascension 732 is a compact but deep adventure focused on exploration and character progression.,Rating Pending,1,3.9
Lost Saga 733,Lost Saga 733 mixes narrative and action in a polished package with memorable moments. play lost saga 733 to test your reflexes and strategy across varied levels and scenarios.,Everyone 10+,1,4.5
Silent Origin 734,Silent Origin 734 mixes narrative and action in a polished package with memorable moments.,Mature 17+,1,3.9
Hidden Origin 735,Play Hidden Origin 735 to test your reflexes and strategy across varied levels and scenarios.,Mature 17+,1,4.0
Infinite Nomad 736,Play Infinite Nomad 736 to test your reflexes and strategy across varied levels and scenarios.,Teen,1,4.6
Cyber Forge 737,"In Cyber Forge 737, players navigate challenging environments while uncovering secrets and facing tough choices.",Teen,1,3.8
Iron Warden 738,Iron Warden 738 blends immersive worldbuilding with satisfying mechanics suitable for newcomers and veterans.,Everyone,1,3.5
Dark Rift 739,Dark Rift 739 delivers an engaging experience that balances storytelling and gameplay in a rich setting.,Everyone,3,2.8
Vivid Ascension 740,"Vivid Ascension 740 delivers an engaging experience that balances storytelling and gameplay in a rich setting. in vivid ascension 740, players navigate challenging environments while uncovering secrets and facing tough choices.",Mature 17+,1,3.9
Wild Rebellion 741,Play Wild Rebellion 741 to test your reflexes and strategy across varied levels and scenarios.,Everyone,1,3.1
Lost Realm 742,"In Lost Realm 742, players navigate challenging environments while uncovering secrets and facing tough choices. lost realm 742 delivers an engaging experience that balances storytelling and gameplay in a rich setting.",Mature 17+,1,4.7
Iron Dreams 743,Play Iron Dreams 743 to test your reflexes and strategy across varied levels and scenarios.,Teen,1,4.8
Neon Nomad 744,Neon Nomad 744 blends immersive worldbuilding with satisfying mechanics suitable for newcomers and veterans.,Teen,3,3.9
Golden Sprint 745,Play Golden Sprint 745 to test your reflexes and strategy across varied levels and scenarios.,Mature 17+,3,4.0
Wild Nomad 746,"A stylish, focused title, Wild Nomad 746 emphasizes creative problem solving and emergent play.",Rating Pending,1,4.5
Lost Realm 747,"In Lost Realm 747, players navigate challenging environments while uncovering secrets and facing tough choices.",Mature 17+,1,4.0
Hidden Ascension 748,"Experience Hidden Ascension 748: a tense, skill-based game where decisions matter and every encounter counts.",Everyone 10+,1,3.0
Galactic Awakening 749,Play Galactic Awakening 749 to test your reflexes and strategy across varied levels and scenarios.,Everyone,1,3.6
Wild Signal 750,"Experience Wild Signal 750: a tense, skill-based game where decisions matter and every encounter counts.",Everyone,1,2.3
Last Horizons 751,Last Horizons 751 is a compact but deep adventure focused on exploration and character progression.,Everyone,1,3.1
Infinite Odyssey 752,"A stylish, focused title, Infinite Odyssey 752 emphasizes creative problem solving and emergent play.",Everyone,1,3.9
Secret Run 753,Play Secret Run 753 to test your reflexes and strategy across varied levels and scenarios. secret run 753 blends immersive worldbuilding with satisfying mechanics suitable for newcomers and veterans.,Everyone 10+,1,4.3
Solar Quest 754,Solar Quest 754 is a compact but deep adventure focused on exploration and character progression.,Teen,1,3.5
Last Echo 755,"Experience Last Echo 755: a tense, skill-based game where decisions matter and every encounter counts. last echo 755 delivers an engaging experience that balances storytelling and gameplay in a rich setting.",Teen,1,2.8
Mythic Ascension 756,Mythic Ascension 756 mixes narrative and action in a polished package with memorable moments.,Everyone,1,3.8
Dark Ascension 757,Dark Ascension 757 blends immersive worldbuilding with satisfying mechanics suitable for newcomers and veterans.,Everyone,1,4.4
Shadow Chronicles 758,"Experience Shadow Chronicles 758: a tense, skill-based game where decisions matter and every encounter counts. in shadow chronicles 758, players navigate challenging environments while uncovering secrets and facing tough choices.",Everyone,1,3.5
Eternal Warden 759,Eternal Warden 759 delivers an engaging experience that balances storytelling and gameplay in a rich setting. eternal warden 759 blends immersive worldbuilding with satisfying mechanics suitable for newcomers and veterans.,Mature 17+,1,5.0
Infinite Saga 760,"A stylish, focused title, Infinite Saga 760 emphasizes creative problem solving and emergent play. infinite saga 760 delivers an engaging experience that balances storytelling and gameplay in a rich setting.",Teen,8,4.7
Infinite Sprint 761,"In Infinite Sprint 761, players navigate challenging environments while uncovering secrets and facing tough choices. play infinite sprint 761 to test your reflexes and strategy across varied levels and scenarios.",Teen,1,4.9
Lunar Legends 762,Play Lunar Legends 762 to test your reflexes and strategy across varied levels and scenarios.,Mature 17+,4,3.8
Golden Beacon 763,Golden Beacon 763 is a compact but deep adventure focused on exploration and character progression.,Mature 17+,1,3.9
Mythic Tides 764,Mythic Tides 764 mixes narrative and action in a polished package with memorable moments.,Mature 17+,1,4.1
Last Storm 765,Last Storm 765 is a compact but deep adventure focused on exploration and character progression.,Teen,3,4.3
Shadow Warden 766,Play Shadow Warden 766 to test your reflexes and strategy across varied levels and scenarios.,Everyone,1,4.2
Golden Horizons 767,Golden Horizons 767 delivers an engaging experience that balances storytelling and gameplay in a rich setting.,Teen,1,3.0
Eternal Saga 768,Eternal Saga 768 blends immersive worldbuilding with satisfying mechanics suitable for newcomers and veterans.,Everyone,1,3.8
Ancient Legends 769,Play Ancient Legends 769 to test your reflexes and strategy across varied levels and scenarios.,Early Childhood,1,2.7
Cyber Realm 770,Cyber Realm 770 is a compact but deep adventure focused on exploration and character progression.,Mature 17+,1,4.8
Neon Tides 771,"Experience Neon Tides 771: a tense, skill-based game where decisions matter and every encounter counts.",Teen,1,3.9
First Signal 772,Play First Signal 772 to test your reflexes and strategy across varied levels and scenarios.,Everyone,1,4.2
Galactic Forge 773,Galactic Forge 773 blends immersive worldbuilding with satisfying mechanics suitable for newcomers and veterans.,Teen,1,3.8
Silent Storm 774,"A stylish, focused title, Silent Storm 774 emphasizes creative problem solving and emergent play.",Teen,1,3.8
Phantom Trial 775,"A stylish, focused title, Phantom Trial 775 emphasizes creative problem solving and emergent play. phantom trial 775 delivers an engaging experience that balances storytelling and gameplay in a rich setting.",Rating Pending,1,4.4
Vivid Rebellion 776,Play Vivid Rebellion 776 to test your reflexes and strategy across varied levels and scenarios. vivid rebellion 776 blends immersive worldbuilding with satisfying mechanics suitable for newcomers and veterans.,Everyone,2,3.0
Broken Trial 777,"A stylish, focused title, Broken Trial 777 emphasizes creative problem solving and emergent play.",Everyone,1,3.8
Iron Storm 778,Iron Storm 778 delivers an engaging experience that balances storytelling and gameplay in a rich setting. iron storm 778 delivers an engaging experience that balances storytelling and gameplay in a rich setting.,Mature 17+,1,4.5
Lunar Odyssey 779,Lunar Odyssey 779 is a compact but deep adventure focused on exploration and character progression.,Everyone,8,4.6
Mythic Harbor 780,"Experience Mythic Harbor 780: a tense, skill-based game where decisions matter and every encounter counts. mythic harbor 780 delivers an engaging experience that balances storytelling and gameplay in a rich setting.",Mature 17+,1,3.2
Mythic Warden 781,"Experience Mythic Warden 781: a tense, skill-based game where decisions matter and every encounter counts.",Teen,4,4.5
Digital Vanguard 782,"Digital Vanguard 782 delivers an engaging experience that balances storytelling and gameplay in a rich setting. experience digital vanguard 782: a tense, skill-based game where decisions matter and every encounter counts.",Everyone,1,4.3
Prime Horizons 783,"A stylish, focused title, Prime Horizons 783 emphasizes creative problem solving and emergent play.",Everyone,1,4.5
Vivid Legends 784,Vivid Legends 784 mixes narrative and action in a polished package with memorable moments. vivid legends 784 blends immersive worldbuilding with satisfying mechanics suitable for newcomers and veterans.,Everyone,1,4.6
Wild Ascension 785,"A stylish, focused title, Wild Ascension 785 emphasizes creative problem solving and emergent play.",Rating Pending,1,4.5
Golden Dreams 786,Golden Dreams 786 mixes narrative and action in a polished package with memorable moments.,Everyone,1,4.1
Broken Ascension 787,Broken Ascension 787 is a compact but deep adventure focused on exploration and character progression.,Mature 17+,1,3.4
Phantom Ascension 788,"A stylish, focused title, Phantom Ascension 788 emphasizes creative problem solving and emergent play.",Everyone,1,4.3
Cyber Saga 789,Play Cyber Saga 789 to test your reflexes and strategy across varied levels and scenarios.,Mature 17+,1,3.4
Broken Forge 790,"A stylish, focused title, Broken Forge 790 emphasizes creative problem solving and emergent play.",Teen,1,3.0
Frozen Beacon 791,Frozen Beacon 791 mixes narrative and action in a polished package with memorable moments.,Everyone,1,3.0
Eternal Vanguard 792,Eternal Vanguard 792 delivers an engaging experience that balances storytelling and gameplay in a rich setting.,Everyone 10+,1,3.6
Cyber Quest 793,Cyber Quest 793 blends immersive worldbuilding with satisfying mechanics suitable for newcomers and veterans.,Teen,1,4.1
Vivid Nomad 794,"In Vivid Nomad 794, players navigate challenging environments while uncovering secrets and facing tough choices.",Teen,1,3.7
Shadow Empire 795,"In Shadow Empire 795, players navigate challenging environments while uncovering secrets and facing tough choices.",Teen,8,4.6
Broken Harbor 796,"A stylish, focused title, Broken Harbor 796 emphasizes creative problem solving and emergent play.",Everyone 10+,2,4.0
Golden Beacon 797,"In Golden Beacon 797, players navigate challenging environments while uncovering secrets and facing tough choices. golden beacon 797 blends immersive worldbuilding with satisfying mechanics suitable for newcomers and veterans.",Everyone,1,4.6
Solar Fall 798,Solar Fall 798 blends immersive worldbuilding with satisfying mechanics suitable for newcomers and veterans.,Everyone,1,2.9
Cyber Rift 799,Cyber Rift 799 blends immersive worldbuilding with satisfying mechanics suitable for newcomers and veterans.,Everyone,1,4.6
Solar Warden 800,Solar Warden 800 blends immersive worldbuilding with satisfying mechanics suitable for newcomers and veterans. solar warden 800 delivers an engaging experience that balances storytelling and gameplay in a rich setting.,Everyone,1,3.8
Secret Legends 801,"Experience Secret Legends 801: a tense, skill-based game where decisions matter and every encounter counts.",Mature 17+,1,4.7
Golden Empire 802,"In Golden Empire 802, players navigate challenging environments while uncovering secrets and facing tough choices.",Teen,1,4.1
Galactic Tides 803,Play Galactic Tides 803 to test your reflexes and strategy across varied levels and scenarios.,Everyone,2,4.1
Digital Origin 804,Digital Origin 804 delivers an engaging experience that balances storytelling and gameplay in a rich setting.,Everyone,1,4.2
Vivid Frontier 805,"A stylish, focused title, Vivid Frontier 805 emphasizes creative problem solving and emergent play. play vivid frontier 805 to test your reflexes and strategy across varied levels and scenarios.",Everyone 10+,1,3.0
Vivid Forge 806,Vivid Forge 806 delivers an engaging experience that balances storytelling and gameplay in a rich setting.,Early Childhood,1,4.5
Wild Frontier 807,"Experience Wild Frontier 807: a tense, skill-based game where decisions matter and every encounter counts.",Everyone,1,4.7
Iron Saga 808,"Experience Iron Saga 808: a tense, skill-based game where decisions matter and every encounter counts.",Mature 17+,1,3.5
Dark Harbor 809,"Experience Dark Harbor 809: a tense, skill-based game where decisions matter and every encounter counts.",Everyone,1,3.6
Galactic Rebellion 810,"Experience Galactic Rebellion 810: a tense, skill-based game where decisions matter and every encounter counts.",Mature 17+,1,4.4
Vivid Sprint 811,"Vivid Sprint 811 is a compact but deep adventure focused on exploration and character progression. experience vivid sprint 811: a tense, skill-based game where decisions matter and every encounter counts.",Mature 17+,1,3.8
Galactic Chronicles 812,Galactic Chronicles 812 blends immersive worldbuilding with satisfying mechanics suitable for newcomers and veterans.,Everyone,8,3.3
Golden Trial 813,Golden Trial 813 mixes narrative and action in a polished package with memorable moments.,Everyone,1,4.6
Hidden Origin 814,Play Hidden Origin 814 to test your reflexes and strategy across varied levels and scenarios.,Mature 17+,1,4.1
Neon Beacon 815,"Experience Neon Beacon 815: a tense, skill-based game where decisions matter and every encounter counts.",Everyone 10+,3,3.7
Cyber Sprint 816,Cyber Sprint 816 blends immersive worldbuilding with satisfying mechanics suitable for newcomers and veterans.,Mature 17+,1,3.9
Silent Forge 817,Silent Forge 817 mixes narrative and action in a polished package with memorable moments.,Rating Pending,1,4.4
Broken Forge 818,Broken Forge 818 delivers an engaging experience that balances storytelling and gameplay in a rich setting.,Everyone 10+,1,4.0
Prime Forge 819,Play Prime Forge 819 to test your reflexes and strategy across varied levels and scenarios.,Mature 17+,1,2.5
Ancient Fall 820,"Ancient Fall 820 mixes narrative and action in a polished package with memorable moments. in ancient fall 820, players navigate challenging environments while uncovering secrets and facing tough choices.",Everyone,1,4.3
Broken Sprint 821,Broken Sprint 821 blends immersive worldbuilding with satisfying mechanics suitable for newcomers and veterans.,Teen,1,3.0
Last Signal 822,"Last Signal 822 delivers an engaging experience that balances storytelling and gameplay in a rich setting. a stylish, focused title, last signal 822 emphasizes creative problem solving and emergent play.",Teen,1,3.7
Phantom Horizons 823,Phantom Horizons 823 blends immersive worldbuilding with satisfying mechanics suitable for newcomers and veterans. play phantom horizons 823 to test your reflexes and strategy across varied levels and scenarios.,Teen,1,3.5
Vivid Ascension 824,"In Vivid Ascension 824, players navigate challenging environments while uncovering secrets and facing tough choices. play vivid ascension 824 to test your reflexes and strategy across varied levels and scenarios.",Teen,4,4.1
Lost Run 825,Play Lost Run 825 to test your reflexes and strategy across varied levels and scenarios.,Mature 17+,1,3.3
Silent Quest 826,"Silent Quest 826 delivers an engaging experience that balances storytelling and gameplay in a rich setting. experience silent quest 826: a tense, skill-based game where decisions matter and every encounter counts.",Mature 17+,1,4.0
Secret Rift 827,"Experience Secret Rift 827: a tense, skill-based game where decisions matter and every encounter counts.",Teen,1,3.0
Mythic Quest 828,"Experience Mythic Quest 828: a tense, skill-based game where decisions matter and every encounter counts.",Rating Pending,1,4.7
First Chronicles 829,First Chronicles 829 delivers an engaging experience that balances storytelling and gameplay in a rich setting.,Teen,1,3.5
Shadow Frontier 830,Play Shadow Frontier 830 to test your reflexes and strategy across varied levels and scenarios. play shadow frontier 830 to test your reflexes and strategy across varied levels and scenarios.,Everyone,1,4.0
Phantom Sprint 831,"In Phantom Sprint 831, players navigate challenging environments while uncovering secrets and facing tough choices.",Teen,1,3.7
Last Forge 832,Last Forge 832 is a compact but deep adventure focused on exploration and character progression.,Everyone,4,4.3
Infinite Saga 833,Play Infinite Saga 833 to test your reflexes and strategy across varied levels and scenarios. infinite saga 833 mixes narrative and action in a polished package with memorable moments.,Everyone 10+,8,3.3
Crimson Beacon 834,"A stylish, focused title, Crimson Beacon 834 emphasizes creative problem solving and emergent play. in crimson beacon 834, players navigate challenging environments while uncovering secrets and facing tough choices.",Everyone 10+,1,4.7
Mythic Signal 835,Mythic Signal 835 mixes narrative and action in a polished package with memorable moments. mythic signal 835 is a compact but deep adventure focused on exploration and character progression.,Rating Pending,1,4.4
Dark Empire 836,Dark Empire 836 blends immersive worldbuilding with satisfying mechanics suitable for newcomers and veterans. play dark empire 836 to test your reflexes and strategy across varied levels and scenarios.,Teen,1,4.2
Broken Trial 837,"A stylish, focused title, Broken Trial 837 emphasizes creative problem solving and emergent play.",Everyone 10+,1,3.6
Lost Awakening 838,"In Lost Awakening 838, players navigate challenging environments while uncovering secrets and facing tough choices. lost awakening 838 delivers an engaging experience that balances storytelling and gameplay in a rich setting.",Teen,1,4.1
Rogue Dreams 839,Rogue Dreams 839 blends immersive worldbuilding with satisfying mechanics suitable for newcomers and veterans.,Everyone,1,4.0
Shadow Legends 840,Shadow Legends 840 is a compact but deep adventure focused on exploration and character progression.,Everyone,8,4.4
Eternal Tides 841,Play Eternal Tides 841 to test your reflexes and strategy across varied levels and scenarios. eternal tides 841 blends immersive worldbuilding with satisfying mechanics suitable for newcomers and veterans.,Everyone,1,4.4
Shadow Vanguard 842,Shadow Vanguard 842 blends immersive worldbuilding with satisfying mechanics suitable for newcomers and veterans.,Mature 17+,8,4.5
Prime Trial 843,Prime Trial 843 is a compact but deep adventure focused on exploration and character progression. prime trial 843 delivers an engaging experience that balances storytelling and gameplay in a rich setting.,Rating Pending,1,3.3
Crimson Echo 844,Crimson Echo 844 is a compact but deep adventure focused on exploration and character progression.,Everyone,1,4.2
Crimson Chronicles 845,Crimson Chronicles 845 blends immersive worldbuilding with satisfying mechanics suitable for newcomers and veterans. crimson chronicles 845 is a compact but deep adventure focused on exploration and character progression.,Rating Pending,1,4.4
Neon Forge 846,"In Neon Forge 846, players navigate challenging environments while uncovering secrets and facing tough choices.",Teen,1,3.4
Cyber Run 847,Play Cyber Run 847 to test your reflexes and strategy across varied levels and scenarios.,Everyone,1,4.5
Prime Quest 848,Prime Quest 848 delivers an engaging experience that balances storytelling and gameplay in a rich setting.,Teen,1,4.4
Golden Vanguard 849,"A stylish, focused title, Golden Vanguard 849 emphasizes creative problem solving and emergent play. golden vanguard 849 is a compact but deep adventure focused on exploration and character progression.",Mature 17+,1,4.5
Galactic Quest 850,"Experience Galactic Quest 850: a tense, skill-based game where decisions matter and every encounter counts.",Everyone,1,4.4
Wild Sprint 851,Wild Sprint 851 is a compact but deep adventure focused on exploration and character progression.,Mature 17+,4,4.0
Hidden Saga 852,"A stylish, focused title, Hidden Saga 852 emphasizes creative problem solving and emergent play.",Everyone,8,4.4
Hidden Rift 853,"Experience Hidden Rift 853: a tense, skill-based game where decisions matter and every encounter counts.",Everyone,1,3.2
Dark Signal 854,"A stylish, focused title, Dark Signal 854 emphasizes creative problem solving and emergent play.",Mature 17+,1,3.4
Solar Saga 855,Play Solar Saga 855 to test your reflexes and strategy across varied levels and scenarios.,Mature 17+,1,3.6
Silent Awakening 856,Silent Awakening 856 delivers an engaging experience that balances storytelling and gameplay in a rich setting.,Everyone 10+,1,3.1
Prime Ascension 857,Play Prime Ascension 857 to test your reflexes and strategy across varied levels and scenarios. prime ascension 857 delivers an engaging experience that balances storytelling and gameplay in a rich setting.,Rating Pending,1,4.0
Crimson Chronicles 858,"In Crimson Chronicles 858, players navigate challenging environments while uncovering secrets and facing tough choices.",Teen,1,3.4
Wild Dreams 859,"Experience Wild Dreams 859: a tense, skill-based game where decisions matter and every encounter counts.",Everyone,1,2.8
Digital Awakening 860,"In Digital Awakening 860, players navigate challenging environments while uncovering secrets and facing tough choices.",Mature 17+,1,3.3
Secret Rebellion 861,Secret Rebellion 861 delivers an engaging experience that balances storytelling and gameplay in a rich setting.,Everyone,1,3.5
Last Storm 862,"In Last Storm 862, players navigate challenging environments while uncovering secrets and facing tough choices. last storm 862 mixes narrative and action in a polished package with memorable moments.",Everyone,1,4.6
Wild Forge 863,Wild Forge 863 mixes narrative and action in a polished package with memorable moments. wild forge 863 blends immersive worldbuilding with satisfying mechanics suitable for newcomers and veterans.,Mature 17+,1,4.2
Mythic Realm 864,"A stylish, focused title, Mythic Realm 864 emphasizes creative problem solving and emergent play.",Everyone 10+,1,4.2
Cyber Forge 865,"Experience Cyber Forge 865: a tense, skill-based game where decisions matter and every encounter counts.",Rating Pending,1,4.0
Golden Frontier 866,"Experience Golden Frontier 866: a tense, skill-based game where decisions matter and every encounter counts.",Teen,1,3.3
Eternal Fall 867,"Eternal Fall 867 is a compact but deep adventure focused on exploration and character progression. a stylish, focused title, eternal fall 867 emphasizes creative problem solving and emergent play.",Teen,1,3.7
Digital Dreams 868,"Experience Digital Dreams 868: a tense, skill-based game where decisions matter and every encounter counts. a stylish, focused title, digital dreams 868 emphasizes creative problem solving and emergent play.",Everyone,1,4.0
Digital Awakening 869,Digital Awakening 869 mixes narrative and action in a polished package with memorable moments.,Everyone,1,3.9
Last Awakening 870,"Experience Last Awakening 870: a tense, skill-based game where decisions matter and every encounter counts.",Mature 17+,1,4.8
Dark Warden 871,"In Dark Warden 871, players navigate challenging environments while uncovering secrets and facing tough choices.",Mature 17+,1,4.2
Prime Fall 872,Prime Fall 872 delivers an engaging experience that balances storytelling and gameplay in a rich setting.,Teen,1,4.2
Hidden Odyssey 873,"Hidden Odyssey 873 is a compact but deep adventure focused on exploration and character progression. experience hidden odyssey 873: a tense, skill-based game where decisions matter and every encounter counts.",Mature 17+,8,3.8
Digital Forge 874,Play Digital Forge 874 to test your reflexes and strategy across varied levels and scenarios.,Mature 17+,2,3.4
Prime Nomad 875,"Prime Nomad 875 is a compact but deep adventure focused on exploration and character progression. in prime nomad 875, players navigate challenging environments while uncovering secrets and facing tough choices.",Rating Pending,1,4.7
First Empire 876,"In First Empire 876, players navigate challenging environments while uncovering secrets and facing tough choices. a stylish, focused title, first empire 876 emphasizes creative problem solving and emergent play.",Teen,1,4.5
Neon Harbor 877,Neon Harbor 877 mixes narrative and action in a polished package with memorable moments.,Everyone,1,3.7
Golden Warden 878,"In Golden Warden 878, players navigate challenging environments while uncovering secrets and facing tough choices.",Everyone,1,4.3
Silent Signal 879,Silent Signal 879 mixes narrative and action in a polished package with memorable moments.,Mature 17+,1,2.5
Mythic Nomad 880,"A stylish, focused title, Mythic Nomad 880 emphasizes creative problem solving and emergent play. mythic nomad 880 delivers an engaging experience that balances storytelling and gameplay in a rich setting.",Mature 17+,8,4.1
Solar Quest 881,Solar Quest 881 delivers an engaging experience that balances storytelling and gameplay in a rich setting.,Mature 17+,1,3.5
Neon Trial 882,"In Neon Trial 882, players navigate challenging environments while uncovering secrets and facing tough choices. neon trial 882 mixes narrative and action in a polished package with memorable moments.",Everyone 10+,1,3.8
Rogue Quest 883,"Experience Rogue Quest 883: a tense, skill-based game where decisions matter and every encounter counts.",Adults Only 18+,4,3.4
Secret Realm 884,Secret Realm 884 blends immersive worldbuilding with satisfying mechanics suitable for newcomers and veterans.,Teen,1,3.9
Neon Storm 885,Play Neon Storm 885 to test your reflexes and strategy across varied levels and scenarios.,Everyone,1,3.8
Prime Nomad 886,Prime Nomad 886 delivers an engaging experience that balances storytelling and gameplay in a rich setting.,Everyone 10+,3,4.3
First Nomad 887,"A stylish, focused title, First Nomad 887 emphasizes creative problem solving and emergent play.",Rating Pending,1,3.4
Prime Rift 888,"A stylish, focused title, Prime Rift 888 emphasizes creative problem solving and emergent play.",Teen,1,3.2
Lunar Legends 889,Lunar Legends 889 delivers an engaging experience that balances storytelling and gameplay in a rich setting.,Teen,1,4.2
Secret Frontier 890,Play Secret Frontier 890 to test your reflexes and strategy across varied levels and scenarios. secret frontier 890 blends immersive worldbuilding with satisfying mechanics suitable for newcomers and veterans.,Rating Pending,1,3.1
Silent Sprint 891,Play Silent Sprint 891 to test your reflexes and strategy across varied levels and scenarios.,Everyone,8,4.9
Secret Empire 892,Secret Empire 892 mixes narrative and action in a polished package with memorable moments.,Teen,1,4.3
Mythic Trial 893,"Experience Mythic Trial 893: a tense, skill-based game where decisions matter and every encounter counts.",Everyone 10+,1,4.5
Wild Empire 894,"In Wild Empire 894, players navigate challenging environments while uncovering secrets and facing tough choices.",Teen,1,4.6
Digital Dreams 895,"In Digital Dreams 895, players navigate challenging environments while uncovering secrets and facing tough choices. digital dreams 895 delivers an engaging experience that balances storytelling and gameplay in a rich setting.",Mature 17+,1,4.5
First Legends 896,"Experience First Legends 896: a tense, skill-based game where decisions matter and every encounter counts.",Teen,8,3.9
Silent Awakening 897,Silent Awakening 897 mixes narrative and action in a polished package with memorable moments.,Everyone,1,4.3
Broken Harbor 898,Broken Harbor 898 is a compact but deep adventure focused on exploration and character progression.,Everyone,1,3.5
Shadow Echo 899,"A stylish, focused title, Shadow Echo 899 emphasizes creative problem solving and emergent play.",Teen,1,3.0
Frozen Legends 900,Frozen Legends 900 blends immersive worldbuilding with satisfying mechanics suitable for newcomers and veterans. frozen legends 900 blends immersive worldbuilding with satisfying mechanics suitable for newcomers and veterans.,Everyone,1,3.2
Solar Ascension 901,Solar Ascension 901 is a compact but deep adventure focused on exploration and character progression.,Everyone 10+,1,4.3
Silent Dreams 902,Play Silent Dreams 902 to test your reflexes and strategy across varied levels and scenarios.,Early Childhood,1,4.5
Iron Tides 903,Iron Tides 903 blends immersive worldbuilding with satisfying mechanics suitable for newcomers and veterans. iron tides 903 is a compact but deep adventure focused on exploration and character progression.,Mature 17+,1,3.6
Hidden Warden 904,"A stylish, focused title, Hidden Warden 904 emphasizes creative problem solving and emergent play.",Everyone,1,4.1
Crimson Storm 905,"Experience Crimson Storm 905: a tense, skill-based game where decisions matter and every encounter counts.",Mature 17+,1,4.8
Lunar Horizons 906,Lunar Horizons 906 blends immersive worldbuilding with satisfying mechanics suitable for newcomers and veterans.,Rating Pending,8,3.8
Solar Awakening 907,"In Solar Awakening 907, players navigate challenging environments while uncovering secrets and facing tough choices.",Mature 17+,3,3.4
First Forge 908,First Forge 908 is a compact but deep adventure focused on exploration and character progression.,Everyone,1,4.0
Broken Trial 909,Play Broken Trial 909 to test your reflexes and strategy across varied levels and scenarios. broken trial 909 is a compact but deep adventure focused on exploration and character progression.,Everyone 10+,1,3.3
Infinite Saga 910,"In Infinite Saga 910, players navigate challenging environments while uncovering secrets and facing tough choices.",Everyone,8,4.2
Silent Legends 911,Silent Legends 911 mixes narrative and action in a polished package with memorable moments.,Teen,1,4.8
Phantom Quest 912,Phantom Quest 912 is a compact but deep adventure focused on exploration and character progression.,Everyone 10+,1,3.8
Vivid Rift 913,"Experience Vivid Rift 913: a tense, skill-based game where decisions matter and every encounter counts. experience vivid rift 913: a tense, skill-based game where decisions matter and every encounter counts.",Everyone,1,3.9
First Rift 914,First Rift 914 blends immersive worldbuilding with satisfying mechanics suitable for newcomers and veterans.,Mature 17+,1,4.4
Cyber Forge 915,"In Cyber Forge 915, players navigate challenging environments while uncovering secrets and facing tough choices.",Everyone 10+,2,3.9
Solar Ascension 916,"A stylish, focused title, Solar Ascension 916 emphasizes creative problem solving and emergent play.",Teen,1,2.2
Rogue Chronicles 917,Play Rogue Chronicles 917 to test your reflexes and strategy across varied levels and scenarios.,Mature 17+,3,3.4
Solar Fall 918,"In Solar Fall 918, players navigate challenging environments while uncovering secrets and facing tough choices. play solar fall 918 to test your reflexes and strategy across varied levels and scenarios.",Adults Only 18+,1,3.3
Dark Storm 919,Dark Storm 919 mixes narrative and action in a polished package with memorable moments. dark storm 919 blends immersive worldbuilding with satisfying mechanics suitable for newcomers and veterans.,Everyone,3,3.3
Ancient Frontier 920,Play Ancient Frontier 920 to test your reflexes and strategy across varied levels and scenarios.,Mature 17+,1,3.7
Wild Dreams 921,Wild Dreams 921 blends immersive worldbuilding with satisfying mechanics suitable for newcomers and veterans.,Teen,1,3.5
Prime Harbor 922,"In Prime Harbor 922, players navigate challenging environments while uncovering secrets and facing tough choices. prime harbor 922 is a compact but deep adventure focused on exploration and character progression.",Teen,1,3.1
Prime Storm 923,"A stylish, focused title, Prime Storm 923 emphasizes creative problem solving and emergent play. play prime storm 923 to test your reflexes and strategy across varied levels and scenarios.",Everyone 10+,1,4.5
Digital Fall 924,Digital Fall 924 blends immersive worldbuilding with satisfying mechanics suitable for newcomers and veterans.,Mature 17+,1,3.9
Lunar Sprint 925,Lunar Sprint 925 blends immersive worldbuilding with satisfying mechanics suitable for newcomers and veterans.,Teen,1,3.9
Rogue Frontier 926,Rogue Frontier 926 mixes narrative and action in a polished package with memorable moments.,Teen,1,4.0
Prime Quest 927,Prime Quest 927 blends immersive worldbuilding with satisfying mechanics suitable for newcomers and veterans.,Everyone 10+,1,4.2
Golden Odyssey 928,"Play Golden Odyssey 928 to test your reflexes and strategy across varied levels and scenarios. experience golden odyssey 928: a tense, skill-based game where decisions matter and every encounter counts.",Early Childhood,1,2.5
Neon Signal 929,Neon Signal 929 mixes narrative and action in a polished package with memorable moments.,Everyone 10+,1,3.8
Ancient Origin 930,"A stylish, focused title, Ancient Origin 930 emphasizes creative problem solving and emergent play. ancient origin 930 is a compact but deep adventure focused on exploration and character progression.",Teen,1,2.6
Neon Quest 931,"Experience Neon Quest 931: a tense, skill-based game where decisions matter and every encounter counts.",Teen,1,4.2
Secret Chronicles 932,Secret Chronicles 932 is a compact but deep adventure focused on exploration and character progression.,Teen,1,4.5
Secret Warden 933,"Experience Secret Warden 933: a tense, skill-based game where decisions matter and every encounter counts.",Teen,1,4.5
Wild Beacon 934,Wild Beacon 934 is a compact but deep adventure focused on exploration and character progression.,Rating Pending,8,4.4
Mythic Sprint 935,Mythic Sprint 935 blends immersive worldbuilding with satisfying mechanics suitable for newcomers and veterans.,Everyone 10+,1,3.9
Shadow Frontier 936,Shadow Frontier 936 mixes narrative and action in a polished package with memorable moments. shadow frontier 936 mixes narrative and action in a polished package with memorable moments.,Teen,1,4.5
Galactic Empire 937,Play Galactic Empire 937 to test your reflexes and strategy across varied levels and scenarios.,Teen,1,3.4
Lost Awakening 938,"Experience Lost Awakening 938: a tense, skill-based game where decisions matter and every encounter counts.",Teen,1,3.8
Golden Frontier 939,Golden Frontier 939 delivers an engaging experience that balances storytelling and gameplay in a rich setting.,Everyone,1,4.1
Infinite Quest 940,Infinite Quest 940 mixes narrative and action in a polished package with memorable moments.,Mature 17+,2,4.3
Silent Ascension 941,"Experience Silent Ascension 941: a tense, skill-based game where decisions matter and every encounter counts.",Everyone,2,3.6
Galactic Fall 942,"Experience Galactic Fall 942: a tense, skill-based game where decisions matter and every encounter counts.",Rating Pending,1,3.6
Wild Dreams 943,"Wild Dreams 943 is a compact but deep adventure focused on exploration and character progression. in wild dreams 943, players navigate challenging environments while uncovering secrets and facing tough choices.",Early Childhood,1,4.7
Prime Harbor 944,Prime Harbor 944 blends immersive worldbuilding with satisfying mechanics suitable for newcomers and veterans.,Teen,1,3.5
Last Ascension 945,Last Ascension 945 delivers an engaging experience that balances storytelling and gameplay in a rich setting.,Everyone 10+,2,3.7
Shadow Vanguard 946,Shadow Vanguard 946 mixes narrative and action in a polished package with memorable moments.,Everyone,4,4.6
First Harbor 947,"Play First Harbor 947 to test your reflexes and strategy across varied levels and scenarios. experience first harbor 947: a tense, skill-based game where decisions matter and every encounter counts.",Mature 17+,1,4.3
Galactic Signal 948,"A stylish, focused title, Galactic Signal 948 emphasizes creative problem solving and emergent play.",Mature 17+,1,4.1
Shadow Sprint 949,Shadow Sprint 949 blends immersive worldbuilding with satisfying mechanics suitable for newcomers and veterans.,Mature 17+,1,3.9
Infinite Warden 950,Infinite Warden 950 blends immersive worldbuilding with satisfying mechanics suitable for newcomers and veterans.,Mature 17+,1,3.2
Golden Run 951,Golden Run 951 is a compact but deep adventure focused on exploration and character progression. golden run 951 blends immersive worldbuilding with satisfying mechanics suitable for newcomers and veterans.,Mature 17+,1,3.3
Shadow Storm 952,Shadow Storm 952 delivers an engaging experience that balances storytelling and gameplay in a rich setting.,Mature 17+,1,4.2
Lost Beacon 953,Play Lost Beacon 953 to test your reflexes and strategy across varied levels and scenarios.,Everyone 10+,8,4.0
Rogue Realm 954,"Rogue Realm 954 mixes narrative and action in a polished package with memorable moments. in rogue realm 954, players navigate challenging environments while uncovering secrets and facing tough choices.",Everyone 10+,1,2.8
Wild Saga 955,"Experience Wild Saga 955: a tense, skill-based game where decisions matter and every encounter counts.",Teen,2,3.7
Eternal Forge 956,"Experience Eternal Forge 956: a tense, skill-based game where decisions matter and every encounter counts.",Everyone 10+,1,4.0
Rogue Frontier 957,"In Rogue Frontier 957, players navigate challenging environments while uncovering secrets and facing tough choices.",Everyone,1,2.9
Prime Dreams 958,"Experience Prime Dreams 958: a tense, skill-based game where decisions matter and every encounter counts. a stylish, focused title, prime dreams 958 emphasizes creative problem solving and emergent play.",Everyone,8,3.0
Ancient Signal 959,"In Ancient Signal 959, players navigate challenging environments while uncovering secrets and facing tough choices.",Everyone,1,2.8
Secret Dreams 960,"In Secret Dreams 960, players navigate challenging environments while uncovering secrets and facing tough choices.",Mature 17+,1,4.6
Lost Fall 961,"Experience Lost Fall 961: a tense, skill-based game where decisions matter and every encounter counts. experience lost fall 961: a tense, skill-based game where decisions matter and every encounter counts.",Teen,1,2.5
Hidden Realm 962,"A stylish, focused title, Hidden Realm 962 emphasizes creative problem solving and emergent play.",Everyone,1,3.9
Infinite Forge 963,Infinite Forge 963 blends immersive worldbuilding with satisfying mechanics suitable for newcomers and veterans.,Everyone,2,3.7
Lunar Saga 964,"In Lunar Saga 964, players navigate challenging environments while uncovering secrets and facing tough choices.",Adults Only 18+,1,3.7
Silent Rift 965,"In Silent Rift 965, players navigate challenging environments while uncovering secrets and facing tough choices.",Teen,1,4.0
Frozen Sprint 966,"Experience Frozen Sprint 966: a tense, skill-based game where decisions matter and every encounter counts.",Mature 17+,1,3.8
Secret Run 967,Secret Run 967 blends immersive worldbuilding with satisfying mechanics suitable for newcomers and veterans.,Everyone,1,3.9
Dark Empire 968,Dark Empire 968 is a compact but deep adventure focused on exploration and character progression.,Everyone,8,4.5
Solar Origin 969,"A stylish, focused title, Solar Origin 969 emphasizes creative problem solving and emergent play.",Mature 17+,1,4.0
Eternal Legends 970,Eternal Legends 970 mixes narrative and action in a polished package with memorable moments. eternal legends 970 mixes narrative and action in a polished package with memorable moments.,Everyone,1,4.1
Solar Vanguard 971,"Experience Solar Vanguard 971: a tense, skill-based game where decisions matter and every encounter counts. solar vanguard 971 blends immersive worldbuilding with satisfying mechanics suitable for newcomers and veterans.",Everyone,1,4.0
Frozen Chronicles 972,"Experience Frozen Chronicles 972: a tense, skill-based game where decisions matter and every encounter counts.",Teen,1,4.3
Lunar Nomad 973,"A stylish, focused title, Lunar Nomad 973 emphasizes creative problem solving and emergent play.",Adults Only 18+,1,3.3
Ancient Realm 974,Ancient Realm 974 mixes narrative and action in a polished package with memorable moments. ancient realm 974 delivers an engaging experience that balances storytelling and gameplay in a rich setting.,Teen,1,4.5
Digital Realm 975,"In Digital Realm 975, players navigate challenging environments while uncovering secrets and facing tough choices.",Mature 17+,1,3.8
Lunar Forge 976,"In Lunar Forge 976, players navigate challenging environments while uncovering secrets and facing tough choices.",Everyone 10+,1,3.3
Eternal Origin 977,Eternal Origin 977 is a compact but deep adventure focused on exploration and character progression.,Everyone,1,3.2
Phantom Legends 978,"A stylish, focused title, Phantom Legends 978 emphasizes creative problem solving and emergent play.",Everyone,1,4.2
Solar Signal 979,Solar Signal 979 blends immersive worldbuilding with satisfying mechanics suitable for newcomers and veterans.,Mature 17+,1,3.5
Neon Odyssey 980,Neon Odyssey 980 delivers an engaging experience that balances storytelling and gameplay in a rich setting.,Everyone,8,3.6
Hidden Forge 981,Play Hidden Forge 981 to test your reflexes and strategy across varied levels and scenarios.,Mature 17+,1,3.3
Galactic Legends 982,Galactic Legends 982 blends immersive worldbuilding with satisfying mechanics suitable for newcomers and veterans.,Mature 17+,8,4.1
Ancient Storm 983,"A stylish, focused title, Ancient Storm 983 emphasizes creative problem solving and emergent play.",Mature 17+,3,4.0
Solar Echo 984,"Experience Solar Echo 984: a tense, skill-based game where decisions matter and every encounter counts.",Mature 17+,1,3.2
Infinite Rift 985,Infinite Rift 985 is a compact but deep adventure focused on exploration and character progression. infinite rift 985 is a compact but deep adventure focused on exploration and character progression.,Everyone,1,1.9
Vivid Odyssey 986,Play Vivid Odyssey 986 to test your reflexes and strategy across varied levels and scenarios.,Everyone 10+,1,3.9
Galactic Odyssey 987,"Galactic Odyssey 987 blends immersive worldbuilding with satisfying mechanics suitable for newcomers and veterans. experience galactic odyssey 987: a tense, skill-based game where decisions matter and every encounter counts.",Mature 17+,1,4.7
Rogue Trial 988,Rogue Trial 988 delivers an engaging experience that balances storytelling and gameplay in a rich setting.,Mature 17+,1,3.9
Solar Quest 989,Solar Quest 989 mixes narrative and action in a polished package with memorable moments.,Everyone,8,3.8
Digital Origin 990,"Experience Digital Origin 990: a tense, skill-based game where decisions matter and every encounter counts. a stylish, focused title, digital origin 990 emphasizes creative problem solving and emergent play.",Mature 17+,1,3.5
Dark Echo 991,"In Dark Echo 991, players navigate challenging environments while uncovering secrets and facing tough choices.",Early Childhood,1,4.6
Hidden Empire 992,Hidden Empire 992 blends immersive worldbuilding with satisfying mechanics suitable for newcomers and veterans.,Everyone 10+,3,3.2
Galactic Harbor 993,"A stylish, focused title, Galactic Harbor 993 emphasizes creative problem solving and emergent play. galactic harbor 993 blends immersive worldbuilding with satisfying mechanics suitable for newcomers and veterans.",Mature 17+,2,3.2
Shadow Tides 994,"Shadow Tides 994 is a compact but deep adventure focused on exploration and character progression. a stylish, focused title, shadow tides 994 emphasizes creative problem solving and emergent play.",Mature 17+,1,3.9
Infinite Harbor 995,Infinite Harbor 995 mixes narrative and action in a polished package with memorable moments.,Everyone 10+,1,3.1
Silent Horizons 996,Play Silent Horizons 996 to test your reflexes and strategy across varied levels and scenarios.,Everyone,1,3.6
Wild Nomad 997,Wild Nomad 997 blends immersive worldbuilding with satisfying mechanics suitable for newcomers and veterans.,Everyone,1,3.0
Rogue Tides 998,Rogue Tides 998 is a compact but deep adventure focused on exploration and character progression. rogue tides 998 delivers an engaging experience that balances storytelling and gameplay in a rich setting.,Everyone 10+,1,3.9
Digital Frontier 999,"A stylish, focused title, Digital Frontier 999 emphasizes creative problem solving and emergent play. digital frontier 999 delivers an engaging experience that balances storytelling and gameplay in a rich setting.",Everyone,1,3.8
Wild Tides 1000,"A stylish, focused title, Wild Tides 1000 emphasizes creative problem solving and emergent play.",Mature 17+,1,2.9
Eternal Run 1001,Eternal Run 1001 mixes narrative and action in a polished package with memorable moments.,Teen,1,4.0
Lost Harbor 1002,"A stylish, focused title, Lost Harbor 1002 emphasizes creative problem solving and emergent play.",Teen,1,4.7
Solar Forge 1003,Solar Forge 1003 is a compact but deep adventure focused on exploration and character progression.,Mature 17+,1,3.7
Prime Tides 1004,Prime Tides 1004 delivers an engaging experience that balances storytelling and gameplay in a rich setting.,Everyone,1,1.6
Mythic Saga 1005,Mythic Saga 1005 mixes narrative and action in a polished package with memorable moments.,Everyone,1,4.3
Secret Odyssey 1006,Play Secret Odyssey 1006 to test your reflexes and strategy across varied levels and scenarios.,Mature 17+,1,4.1
Lost Horizons 1007,Play Lost Horizons 1007 to test your reflexes and strategy across varied levels and scenarios.,Everyone,1,3.7
Vivid Fall 1008,"A stylish, focused title, Vivid Fall 1008 emphasizes creative problem solving and emergent play.",Everyone,1,3.4
Shadow Rift 1009,"In Shadow Rift 1009, players navigate challenging environments while uncovering secrets and facing tough choices.",Rating Pending,1,4.2
Infinite Horizons 1010,"Experience Infinite Horizons 1010: a tense, skill-based game where decisions matter and every encounter counts.",Everyone,1,3.8
Last Saga 1011,Last Saga 1011 delivers an engaging experience that balances storytelling and gameplay in a rich setting.,Everyone 10+,1,4.4
Silent Signal 1012,"Experience Silent Signal 1012: a tense, skill-based game where decisions matter and every encounter counts.",Mature 17+,1,4.7
Silent Origin 1013,Silent Origin 1013 mixes narrative and action in a polished package with memorable moments.,Teen,1,3.9
Neon Legends 1014,"In Neon Legends 1014, players navigate challenging environments while uncovering secrets and facing tough choices. neon legends 1014 mixes narrative and action in a polished package with memorable moments.",Everyone,1,3.6
Silent Legends 1015,Silent Legends 1015 mixes narrative and action in a polished package with memorable moments.,Everyone,2,4.3
Hidden Run 1016,Hidden Run 1016 is a compact but deep adventure focused on exploration and character progression. hidden run 1016 is a compact but deep adventure focused on exploration and character progression.,Teen,1,3.3
Secret Vanguard 1017,"A stylish, focused title, Secret Vanguard 1017 emphasizes creative problem solving and emergent play.",Everyone,1,4.1
Ancient Beacon 1018,Ancient Beacon 1018 delivers an engaging experience that balances storytelling and gameplay in a rich setting.,Mature 17+,1,2.7
Broken Fall 1019,"A stylish, focused title, Broken Fall 1019 emphasizes creative problem solving and emergent play.",Everyone,1,3.0
Neon Tides 1020,Neon Tides 1020 mixes narrative and action in a polished package with memorable moments.,Teen,3,4.5
Mythic Saga 1021,Mythic Saga 1021 blends immersive worldbuilding with satisfying mechanics suitable for newcomers and veterans.,Everyone,1,4.2
Iron Run 1022,"Iron Run 1022 blends immersive worldbuilding with satisfying mechanics suitable for newcomers and veterans. a stylish, focused title, iron run 1022 emphasizes creative problem solving and emergent play.",Teen,3,4.6
Shadow Frontier 1023,"In Shadow Frontier 1023, players navigate challenging environments while uncovering secrets and facing tough choices.",Everyone,1,3.9
Solar Beacon 1024,Play Solar Beacon 1024 to test your reflexes and strategy across varied levels and scenarios.,Teen,1,3.2
Infinite Forge 1025,Infinite Forge 1025 delivers an engaging experience that balances storytelling and gameplay in a rich setting. infinite forge 1025 is a compact but deep adventure focused on exploration and character progression.,Everyone,8,2.4
Secret Sprint 1026,Secret Sprint 1026 blends immersive worldbuilding with satisfying mechanics suitable for newcomers and veterans.,Teen,1,3.8
Silent Nomad 1027,Silent Nomad 1027 is a compact but deep adventure focused on exploration and character progression. play silent nomad 1027 to test your reflexes and strategy across varied levels and scenarios.,Mature 17+,1,4.2
Ancient Harbor 1028,Play Ancient Harbor 1028 to test your reflexes and strategy across varied levels and scenarios.,Mature 17+,2,3.8
Vivid Realm 1029,Vivid Realm 1029 is a compact but deep adventure focused on exploration and character progression.,Everyone,3,4.5
Shadow Saga 1030,Shadow Saga 1030 blends immersive worldbuilding with satisfying mechanics suitable for newcomers and veterans.,Teen,1,4.7
Silent Quest 1031,Silent Quest 1031 mixes narrative and action in a polished package with memorable moments.,Everyone,1,3.9
Shadow Origin 1032,Shadow Origin 1032 blends immersive worldbuilding with satisfying mechanics suitable for newcomers and veterans.,Rating Pending,1,4.0
Lunar Saga 1033,"Lunar Saga 1033 blends immersive worldbuilding with satisfying mechanics suitable for newcomers and veterans. experience lunar saga 1033: a tense, skill-based game where decisions matter and every encounter counts.",Mature 17+,8,3.2
Cyber Rebellion 1034,Cyber Rebellion 1034 delivers an engaging experience that balances storytelling and gameplay in a rich setting.,Rating Pending,3,4.2
First Frontier 1035,First Frontier 1035 mixes narrative and action in a polished package with memorable moments. first frontier 1035 mixes narrative and action in a polished package with memorable moments.,Teen,3,4.5
Broken Rebellion 1036,"Experience Broken Rebellion 1036: a tense, skill-based game where decisions matter and every encounter counts.",Everyone 10+,8,3.2
Broken Rift 1037,"A stylish, focused title, Broken Rift 1037 emphasizes creative problem solving and emergent play.",Everyone,2,3.8
Hidden Dreams 1038,"Experience Hidden Dreams 1038: a tense, skill-based game where decisions matter and every encounter counts.",Teen,1,4.1
Galactic Rift 1039,"Galactic Rift 1039 is a compact but deep adventure focused on exploration and character progression. a stylish, focused title, galactic rift 1039 emphasizes creative problem solving and emergent play.",Teen,1,4.4
Golden Chronicles 1040,"In Golden Chronicles 1040, players navigate challenging environments while uncovering secrets and facing tough choices.",Everyone,1,4.1
Silent Warden 1041,Silent Warden 1041 blends immersive worldbuilding with satisfying mechanics suitable for newcomers and veterans.,Teen,1,3.9
Silent Chronicles 1042,Play Silent Chronicles 1042 to test your reflexes and strategy across varied levels and scenarios.,Rating Pending,1,4.8
Shadow Frontier 1043,Shadow Frontier 1043 is a compact but deep adventure focused on exploration and character progression.,Everyone,1,4.6
First Harbor 1044,"A stylish, focused title, First Harbor 1044 emphasizes creative problem solving and emergent play.",Everyone 10+,1,3.3
Rogue Trial 1045,Rogue Trial 1045 mixes narrative and action in a polished package with memorable moments.,Everyone,1,2.7
Galactic Ascension 1046,"A stylish, focused title, Galactic Ascension 1046 emphasizes creative problem solving and emergent play. galactic ascension 1046 blends immersive worldbuilding with satisfying mechanics suitable for newcomers and veterans.",Everyone 10+,1,3.6
Lost Vanguard 1047,Lost Vanguard 1047 delivers an engaging experience that balances storytelling and gameplay in a rich setting.,Everyone,1,3.3
Ancient Ascension 1048,Ancient Ascension 1048 mixes narrative and action in a polished package with memorable moments.,Mature 17+,1,4.4
Broken Rift 1049,"A stylish, focused title, Broken Rift 1049 emphasizes creative problem solving and emergent play. experience broken rift 1049: a tense, skill-based game where decisions matter and every encounter counts.",Rating Pending,1,4.3
Infinite Rebellion 1050,"A stylish, focused title, Infinite Rebellion 1050 emphasizes creative problem solving and emergent play.",Mature 17+,1,3.2
Rogue Forge 1051,"In Rogue Forge 1051, players navigate challenging environments while uncovering secrets and facing tough choices.",Everyone,1,3.6
Prime Nomad 1052,"A stylish, focused title, Prime Nomad 1052 emphasizes creative problem solving and emergent play. prime nomad 1052 is a compact but deep adventure focused on exploration and character progression.",Rating Pending,3,4.5
Shadow Forge 1053,Play Shadow Forge 1053 to test your reflexes and strategy across varied levels and scenarios. shadow forge 1053 is a compact but deep adventure focused on exploration and character progression.,Everyone,2,3.0
First Empire 1054,"In First Empire 1054, players navigate challenging environments while uncovering secrets and facing tough choices.",Everyone,1,3.5
Mythic Run 1055,Mythic Run 1055 blends immersive worldbuilding with satisfying mechanics suitable for newcomers and veterans.,Teen,1,3.7
Mythic Dreams 1056,Mythic Dreams 1056 blends immersive worldbuilding with satisfying mechanics suitable for newcomers and veterans.,Mature 17+,1,4.7
Infinite Vanguard 1057,Infinite Vanguard 1057 is a compact but deep adventure focused on exploration and character progression.,Mature 17+,1,3.7
Iron Realm 1058,Iron Realm 1058 delivers an engaging experience that balances storytelling and gameplay in a rich setting.,Teen,1,3.8
Galactic Rift 1059,Galactic Rift 1059 delivers an engaging experience that balances storytelling and gameplay in a rich setting.,Everyone,8,4.8
Golden Quest 1060,"Experience Golden Quest 1060: a tense, skill-based game where decisions matter and every encounter counts.",Teen,1,4.5
Vivid Frontier 1061,"Experience Vivid Frontier 1061: a tense, skill-based game where decisions matter and every encounter counts.",Mature 17+,1,4.0
Rogue Forge 1062,Rogue Forge 1062 mixes narrative and action in a polished package with memorable moments. rogue forge 1062 is a compact but deep adventure focused on exploration and character progression.,Teen,1,3.1
Ancient Dreams 1063,Ancient Dreams 1063 blends immersive worldbuilding with satisfying mechanics suitable for newcomers and veterans. ancient dreams 1063 blends immersive worldbuilding with satisfying mechanics suitable for newcomers and veterans.,Everyone 10+,1,4.9
Infinite Nomad 1064,Infinite Nomad 1064 delivers an engaging experience that balances storytelling and gameplay in a rich setting.,Teen,1,4.4
Hidden Vanguard 1065,"A stylish, focused title, Hidden Vanguard 1065 emphasizes creative problem solving and emergent play. play hidden vanguard 1065 to test your reflexes and strategy across varied levels and scenarios.",Everyone,1,4.4
Eternal Trial 1066,"Eternal Trial 1066 blends immersive worldbuilding with satisfying mechanics suitable for newcomers and veterans. in eternal trial 1066, players navigate challenging environments while uncovering secrets and facing tough choices.",Everyone 10+,2,4.6
Shadow Forge 1067,"Shadow Forge 1067 mixes narrative and action in a polished package with memorable moments. in shadow forge 1067, players navigate challenging environments while uncovering secrets and facing tough choices.",Everyone,1,3.6
Ancient Nomad 1068,"Experience Ancient Nomad 1068: a tense, skill-based game where decisions matter and every encounter counts.",Mature 17+,1,3.7
Lunar Run 1069,"In Lunar Run 1069, players navigate challenging environments while uncovering secrets and facing tough choices. experience lunar run 1069: a tense, skill-based game where decisions matter and every encounter counts.",Everyone 10+,1,1.9
Neon Rift 1070,Neon Rift 1070 blends immersive worldbuilding with satisfying mechanics suitable for newcomers and veterans.,Everyone,8,3.2
Secret Ascension 1071,Secret Ascension 1071 is a compact but deep adventure focused on exploration and character progression.,Everyone 10+,1,4.9
Dark Run 1072,"In Dark Run 1072, players navigate challenging environments while uncovering secrets and facing tough choices.",Mature 17+,1,3.1
Prime Warden 1073,Prime Warden 1073 mixes narrative and action in a polished package with memorable moments.,Teen,1,3.9
Last Storm 1074,"A stylish, focused title, Last Storm 1074 emphasizes creative problem solving and emergent play.",Mature 17+,1,4.1
Dark Echo 1075,Dark Echo 1075 delivers an engaging experience that balances storytelling and gameplay in a rich setting.,Everyone,1,2.8
Hidden Beacon 1076,Hidden Beacon 1076 is a compact but deep adventure focused on exploration and character progression.,Everyone 10+,8,3.2
Phantom Awakening 1077,Phantom Awakening 1077 mixes narrative and action in a polished package with memorable moments.,Everyone 10+,1,3.9
Broken Dreams 1078,"Experience Broken Dreams 1078: a tense, skill-based game where decisions matter and every encounter counts.",Mature 17+,1,2.7
Dark Echo 1079,Play Dark Echo 1079 to test your reflexes and strategy across varied levels and scenarios.,Everyone,1,3.7
Vivid Legends 1080,"Vivid Legends 1080 mixes narrative and action in a polished package with memorable moments. experience vivid legends 1080: a tense, skill-based game where decisions matter and every encounter counts.",Everyone 10+,4,4.3
Digital Rift 1081,"Experience Digital Rift 1081: a tense, skill-based game where decisions matter and every encounter counts.",Teen,1,4.6
Cyber Chronicles 1082,"Experience Cyber Chronicles 1082: a tense, skill-based game where decisions matter and every encounter counts. play cyber chronicles 1082 to test your reflexes and strategy across varied levels and scenarios.",Teen,2,4.0
Galactic Harbor 1083,Galactic Harbor 1083 delivers an engaging experience that balances storytelling and gameplay in a rich setting.,Mature 17+,1,3.9
Secret Odyssey 1084,Play Secret Odyssey 1084 to test your reflexes and strategy across varied levels and scenarios.,Everyone 10+,1,3.5
Silent Harbor 1085,"A stylish, focused title, Silent Harbor 1085 emphasizes creative problem solving and emergent play.",Mature 17+,1,3.4
Iron Realm 1086,"Iron Realm 1086 mixes narrative and action in a polished package with memorable moments. a stylish, focused title, iron realm 1086 emphasizes creative problem solving and emergent play.",Mature 17+,1,4.6
Cyber Rebellion 1087,"A stylish, focused title, Cyber Rebellion 1087 emphasizes creative problem solving and emergent play.",Everyone,1,4.5
Wild Origin 1088,"A stylish, focused title, Wild Origin 1088 emphasizes creative problem solving and emergent play.",Teen,2,3.5
Crimson Dreams 1089,"Experience Crimson Dreams 1089: a tense, skill-based game where decisions matter and every encounter counts.",Everyone 10+,1,4.9
Mythic Harbor 1090,Mythic Harbor 1090 mixes narrative and action in a polished package with memorable moments.,Everyone 10+,1,4.2
Broken Nomad 1091,"Experience Broken Nomad 1091: a tense, skill-based game where decisions matter and every encounter counts.",Everyone,8,3.3
Digital Run 1092,Digital Run 1092 delivers an engaging experience that balances storytelling and gameplay in a rich setting. digital run 1092 delivers an engaging experience that balances storytelling and gameplay in a rich setting.,Mature 17+,1,4.0
Silent Signal 1093,Silent Signal 1093 blends immersive worldbuilding with satisfying mechanics suitable for newcomers and veterans.,Everyone 10+,3,3.6
Lost Legends 1094,"Lost Legends 1094 blends immersive worldbuilding with satisfying mechanics suitable for newcomers and veterans. a stylish, focused title, lost legends 1094 emphasizes creative problem solving and emergent play.",Mature 17+,1,4.0
Crimson Nomad 1095,Crimson Nomad 1095 is a compact but deep adventure focused on exploration and character progression.,Everyone,1,2.9
Neon Empire 1096,"In Neon Empire 1096, players navigate challenging environments while uncovering secrets and facing tough choices. neon empire 1096 delivers an engaging experience that balances storytelling and gameplay in a rich setting.",Mature 17+,1,4.2
Prime Chronicles 1097,"In Prime Chronicles 1097, players navigate challenging environments while uncovering secrets and facing tough choices. prime chronicles 1097 is a compact but deep adventure focused on exploration and character progression.",Everyone,1,3.5
Hidden Saga 1098,"A stylish, focused title, Hidden Saga 1098 emphasizes creative problem solving and emergent play.",Mature 17+,1,3.6
Prime Rebellion 1099,Prime Rebellion 1099 delivers an engaging experience that balances storytelling and gameplay in a rich setting.,Teen,1,4.7
Golden Run 1100,"In Golden Run 1100, players navigate challenging environments while uncovering secrets and facing tough choices. play golden run 1100 to test your reflexes and strategy across varied levels and scenarios.",Mature 17+,1,4.1
Wild Rebellion 1101,Wild Rebellion 1101 blends immersive worldbuilding with satisfying mechanics suitable for newcomers and veterans. wild rebellion 1101 blends immersive worldbuilding with satisfying mechanics suitable for newcomers and veterans.,Mature 17+,1,4.7
Hidden Realm 1102,Hidden Realm 1102 delivers an engaging experience that balances storytelling and gameplay in a rich setting.,Mature 17+,1,4.9
Phantom Tides 1103,"In Phantom Tides 1103, players navigate challenging environments while uncovering secrets and facing tough choices.",Mature 17+,4,4.7
Infinite Dreams 1104,Play Infinite Dreams 1104 to test your reflexes and strategy across varied levels and scenarios.,Mature 17+,1,4.2
Shadow Frontier 1105,"Experience Shadow Frontier 1105: a tense, skill-based game where decisions matter and every encounter counts. shadow frontier 1105 is a compact but deep adventure focused on exploration and character progression.",Everyone,1,4.5
Mythic Rift 1106,Mythic Rift 1106 mixes narrative and action in a polished package with memorable moments.,Mature 17+,1,4.4
Prime Vanguard 1107,Prime Vanguard 1107 mixes narrative and action in a polished package with memorable moments.,Teen,1,4.6
Golden Tides 1108,Golden Tides 1108 is a compact but deep adventure focused on exploration and character progression.,Everyone,1,4.1
Prime Awakening 1109,"A stylish, focused title, Prime Awakening 1109 emphasizes creative problem solving and emergent play.",Adults Only 18+,1,4.1
Lost Quest 1110,"A stylish, focused title, Lost Quest 1110 emphasizes creative problem solving and emergent play.",Everyone 10+,1,3.3
Cyber Run 1111,Cyber Run 1111 mixes narrative and action in a polished package with memorable moments.,Teen,1,3.2
Lost Odyssey 1112,"A stylish, focused title, Lost Odyssey 1112 emphasizes creative problem solving and emergent play. a stylish, focused title, lost odyssey 1112 emphasizes creative problem solving and emergent play.",Everyone 10+,1,4.2
Frozen Awakening 1113,"A stylish, focused title, Frozen Awakening 1113 emphasizes creative problem solving and emergent play.",Teen,1,4.4
Frozen Nomad 1114,"Experience Frozen Nomad 1114: a tense, skill-based game where decisions matter and every encounter counts.",Teen,2,4.8
Galactic Nomad 1115,"In Galactic Nomad 1115, players navigate challenging environments while uncovering secrets and facing tough choices.",Everyone,1,2.7
Hidden Awakening 1116,Hidden Awakening 1116 blends immersive worldbuilding with satisfying mechanics suitable for newcomers and veterans. hidden awakening 1116 mixes narrative and action in a polished package with memorable moments.,Mature 17+,1,4.1
Broken Frontier 1117,Play Broken Frontier 1117 to test your reflexes and strategy across varied levels and scenarios.,Teen,1,4.2
Dark Horizons 1118,"Experience Dark Horizons 1118: a tense, skill-based game where decisions matter and every encounter counts.",Teen,8,3.5
First Rebellion 1119,"Experience First Rebellion 1119: a tense, skill-based game where decisions matter and every encounter counts.",Teen,1,4.3
Crimson Legends 1120,Crimson Legends 1120 delivers an engaging experience that balances storytelling and gameplay in a rich setting.,Mature 17+,1,4.5
Cyber Ascension 1121,Cyber Ascension 1121 is a compact but deep adventure focused on exploration and character progression.,Mature 17+,1,3.1
Last Quest 1122,Last Quest 1122 is a compact but deep adventure focused on exploration and character progression.,Everyone 10+,1,3.0
Iron Ascension 1123,Iron Ascension 1123 mixes narrative and action in a polished package with memorable moments.,Teen,1,4.2
Lunar Rift 1124,Lunar Rift 1124 delivers an engaging experience that balances storytelling and gameplay in a rich setting.,Everyone,1,4.4
Solar Dreams 1125,Solar Dreams 1125 is a compact but deep adventure focused on exploration and character progression.,Everyone,1,3.8
Silent Fall 1126,Silent Fall 1126 mixes narrative and action in a polished package with memorable moments.,Everyone 10+,1,4.3
Vivid Harbor 1127,Vivid Harbor 1127 blends immersive worldbuilding with satisfying mechanics suitable for newcomers and veterans. vivid harbor 1127 delivers an engaging experience that balances storytelling and gameplay in a rich setting.,Teen,1,3.7
Lost Rebellion 1128,Lost Rebellion 1128 is a compact but deep adventure focused on exploration and character progression.,Everyone,1,3.9
Dark Saga 1129,Dark Saga 1129 blends immersive worldbuilding with satisfying mechanics suitable for newcomers and veterans.,Teen,1,3.7
Silent Forge 1130,"A stylish, focused title, Silent Forge 1130 emphasizes creative problem solving and emergent play. in silent forge 1130, players navigate challenging environments while uncovering secrets and facing tough choices.",Teen,1,3.9
Broken Vanguard 1131,"Broken Vanguard 1131 mixes narrative and action in a polished package with memorable moments. experience broken vanguard 1131: a tense, skill-based game where decisions matter and every encounter counts.",Mature 17+,1,3.7
Shadow Vanguard 1132,"A stylish, focused title, Shadow Vanguard 1132 emphasizes creative problem solving and emergent play. shadow vanguard 1132 mixes narrative and action in a polished package with memorable moments.",Everyone,1,3.1
Cyber Beacon 1133,Cyber Beacon 1133 blends immersive worldbuilding with satisfying mechanics suitable for newcomers and veterans.,Teen,3,3.4
Secret Rebellion 1134,Secret Rebellion 1134 blends immersive worldbuilding with satisfying mechanics suitable for newcomers and veterans. secret rebellion 1134 delivers an engaging experience that balances storytelling and gameplay in a rich setting.,Everyone,1,3.4
Mythic Frontier 1135,Play Mythic Frontier 1135 to test your reflexes and strategy across varied levels and scenarios.,Everyone 10+,1,3.6
Cyber Odyssey 1136,"In Cyber Odyssey 1136, players navigate challenging environments while uncovering secrets and facing tough choices.",Mature 17+,4,4.0
Broken Echo 1137,Broken Echo 1137 mixes narrative and action in a polished package with memorable moments.,Everyone 10+,1,4.8
Solar Run 1138,Solar Run 1138 is a compact but deep adventure focused on exploration and character progression.,Mature 17+,2,2.2
Wild Warden 1139,"Wild Warden 1139 is a compact but deep adventure focused on exploration and character progression. in wild warden 1139, players navigate challenging environments while uncovering secrets and facing tough choices.",Mature 17+,1,4.2
Last Dreams 1140,Last Dreams 1140 is a compact but deep adventure focused on exploration and character progression. last dreams 1140 mixes narrative and action in a polished package with memorable moments.,Teen,1,4.0
Silent Rebellion 1141,Silent Rebellion 1141 delivers an engaging experience that balances storytelling and gameplay in a rich setting.,Rating Pending,4,4.1
Vivid Frontier 1142,"Experience Vivid Frontier 1142: a tense, skill-based game where decisions matter and every encounter counts.",Mature 17+,8,2.4
Eternal Rebellion 1143,Eternal Rebellion 1143 delivers an engaging experience that balances storytelling and gameplay in a rich setting.,Everyone,1,4.4
Digital Fall 1144,Digital Fall 1144 is a compact but deep adventure focused on exploration and character progression.,Teen,1,4.5
Iron Chronicles 1145,"A stylish, focused title, Iron Chronicles 1145 emphasizes creative problem solving and emergent play.",Everyone 10+,8,4.1
Cyber Forge 1146,"A stylish, focused title, Cyber Forge 1146 emphasizes creative problem solving and emergent play.",Teen,1,4.8
Mythic Harbor 1147,Mythic Harbor 1147 is a compact but deep adventure focused on exploration and character progression.,Teen,8,4.3
Broken Quest 1148,"In Broken Quest 1148, players navigate challenging environments while uncovering secrets and facing tough choices.",Teen,1,3.8
Broken Nomad 1149,"Experience Broken Nomad 1149: a tense, skill-based game where decisions matter and every encounter counts.",Mature 17+,1,3.9
Crimson Chronicles 1150,Crimson Chronicles 1150 mixes narrative and action in a polished package with memorable moments. play crimson chronicles 1150 to test your reflexes and strategy across varied levels and scenarios.,Mature 17+,1,3.6
Iron Sprint 1151,Iron Sprint 1151 delivers an engaging experience that balances storytelling and gameplay in a rich setting.,Rating Pending,1,3.4
Infinite Tides 1152,Infinite Tides 1152 mixes narrative and action in a polished package with memorable moments.,Everyone,1,3.6
Iron Realm 1153,Play Iron Realm 1153 to test your reflexes and strategy across varied levels and scenarios.,Early Childhood,1,4.1
Silent Nomad 1154,"A stylish, focused title, Silent Nomad 1154 emphasizes creative problem solving and emergent play.",Teen,1,3.7
Rogue Dreams 1155,"In Rogue Dreams 1155, players navigate challenging environments while uncovering secrets and facing tough choices.",Teen,4,4.8
First Warden 1156,"In First Warden 1156, players navigate challenging environments while uncovering secrets and facing tough choices.",Teen,1,3.6
Secret Warden 1157,"A stylish, focused title, Secret Warden 1157 emphasizes creative problem solving and emergent play. secret warden 1157 blends immersive worldbuilding with satisfying mechanics suitable for newcomers and veterans.",Teen,1,4.6
Galactic Quest 1158,Galactic Quest 1158 delivers an engaging experience that balances storytelling and gameplay in a rich setting.,Teen,1,4.0
Infinite Legends 1159,Infinite Legends 1159 delivers an engaging experience that balances storytelling and gameplay in a rich setting.,Everyone,1,3.2
Hidden Realm 1160,Hidden Realm 1160 is a compact but deep adventure focused on exploration and character progression.,Everyone,1,2.9
Crimson Run 1161,Crimson Run 1161 is a compact but deep adventure focused on exploration and character progression.,Everyone,1,3.8
Galactic Nomad 1162,"In Galactic Nomad 1162, players navigate challenging environments while uncovering secrets and facing tough choices. galactic nomad 1162 is a compact but deep adventure focused on exploration and character progression.",Everyone,8,4.0
Phantom Sprint 1163,Phantom Sprint 1163 mixes narrative and action in a polished package with memorable moments. play phantom sprint 1163 to test your reflexes and strategy across varied levels and scenarios.,Teen,1,3.7
Silent Echo 1164,"In Silent Echo 1164, players navigate challenging environments while uncovering secrets and facing tough choices. play silent echo 1164 to test your reflexes and strategy across varied levels and scenarios.",Teen,1,4.5
Phantom Sprint 1165,"Experience Phantom Sprint 1165: a tense, skill-based game where decisions matter and every encounter counts.",Rating Pending,1,3.7
Golden Saga 1166,"Experience Golden Saga 1166: a tense, skill-based game where decisions matter and every encounter counts. golden saga 1166 blends immersive worldbuilding with satisfying mechanics suitable for newcomers and veterans.",Everyone,1,4.9
Phantom Vanguard 1167,Phantom Vanguard 1167 is a compact but deep adventure focused on exploration and character progression.,Everyone,1,3.5
Phantom Vanguard 1168,Phantom Vanguard 1168 is a compact but deep adventure focused on exploration and character progression.,Teen,1,3.2
Wild Rift 1169,Wild Rift 1169 is a compact but deep adventure focused on exploration and character progression. wild rift 1169 mixes narrative and action in a polished package with memorable moments.,Mature 17+,1,4.6
Silent Vanguard 1170,Play Silent Vanguard 1170 to test your reflexes and strategy across varied levels and scenarios.,Everyone,1,3.8
Secret Sprint 1171,Secret Sprint 1171 mixes narrative and action in a polished package with memorable moments.,Mature 17+,1,3.3
Neon Origin 1172,Neon Origin 1172 delivers an engaging experience that balances storytelling and gameplay in a rich setting.,Teen,1,4.8
Vivid Sprint 1173,Vivid Sprint 1173 blends immersive worldbuilding with satisfying mechanics suitable for newcomers and veterans.,Mature 17+,3,4.3
Broken Legends 1174,Broken Legends 1174 is a compact but deep adventure focused on exploration and character progression.,Everyone,1,3.4
Wild Chronicles 1175,Wild Chronicles 1175 blends immersive worldbuilding with satisfying mechanics suitable for newcomers and veterans.,Mature 17+,1,3.9
Golden Saga 1176,"Experience Golden Saga 1176: a tense, skill-based game where decisions matter and every encounter counts.",Everyone,4,3.9
Secret Awakening 1177,"Experience Secret Awakening 1177: a tense, skill-based game where decisions matter and every encounter counts.",Mature 17+,1,3.8
Solar Storm 1178,"Play Solar Storm 1178 to test your reflexes and strategy across varied levels and scenarios. a stylish, focused title, solar storm 1178 emphasizes creative problem solving and emergent play.",Teen,1,3.9
Digital Empire 1179,"Play Digital Empire 1179 to test your reflexes and strategy across varied levels and scenarios. a stylish, focused title, digital empire 1179 emphasizes creative problem solving and emergent play.",Everyone 10+,1,4.2
Rogue Tides 1180,Rogue Tides 1180 blends immersive worldbuilding with satisfying mechanics suitable for newcomers and veterans.,Everyone,8,4.3
Silent Awakening 1181,Silent Awakening 1181 blends immersive worldbuilding with satisfying mechanics suitable for newcomers and veterans.,Everyone 10+,1,4.0
Wild Saga 1182,Wild Saga 1182 is a compact but deep adventure focused on exploration and character progression. play wild saga 1182 to test your reflexes and strategy across varied levels and scenarios.,Mature 17+,8,4.2
Lost Empire 1183,Lost Empire 1183 mixes narrative and action in a polished package with memorable moments. lost empire 1183 delivers an engaging experience that balances storytelling and gameplay in a rich setting.,Early Childhood,1,4.1
Rogue Warden 1184,Rogue Warden 1184 blends immersive worldbuilding with satisfying mechanics suitable for newcomers and veterans.,Everyone 10+,1,2.6
Mythic Chronicles 1185,Mythic Chronicles 1185 is a compact but deep adventure focused on exploration and character progression. mythic chronicles 1185 blends immersive worldbuilding with satisfying mechanics suitable for newcomers and veterans.,Mature 17+,1,4.1
Secret Forge 1186,Secret Forge 1186 is a compact but deep adventure focused on exploration and character progression.,Everyone,1,3.1
Vivid Chronicles 1187,"A stylish, focused title, Vivid Chronicles 1187 emphasizes creative problem solving and emergent play. in vivid chronicles 1187, players navigate challenging environments while uncovering secrets and facing tough choices.",Mature 17+,1,2.6
Neon Run 1188,Neon Run 1188 mixes narrative and action in a polished package with memorable moments. neon run 1188 blends immersive worldbuilding with satisfying mechanics suitable for newcomers and veterans.,Everyone,1,3.8
Iron Fall 1189,"A stylish, focused title, Iron Fall 1189 emphasizes creative problem solving and emergent play.",Everyone 10+,1,4.2
Wild Vanguard 1190,"Experience Wild Vanguard 1190: a tense, skill-based game where decisions matter and every encounter counts. play wild vanguard 1190 to test your reflexes and strategy across varied levels and scenarios.",Everyone 10+,1,3.4
Ancient Trial 1191,Ancient Trial 1191 delivers an engaging experience that balances storytelling and gameplay in a rich setting.,Teen,1,4.6
First Signal 1192,Play First Signal 1192 to test your reflexes and strategy across varied levels and scenarios.,Teen,1,3.8
Lost Saga 1193,"A stylish, focused title, Lost Saga 1193 emphasizes creative problem solving and emergent play. experience lost saga 1193: a tense, skill-based game where decisions matter and every encounter counts.",Mature 17+,1,3.1
Solar Vanguard 1194,"Play Solar Vanguard 1194 to test your reflexes and strategy across varied levels and scenarios. experience solar vanguard 1194: a tense, skill-based game where decisions matter and every encounter counts.",Everyone,2,4.4
Secret Realm 1195,Secret Realm 1195 blends immersive worldbuilding with satisfying mechanics suitable for newcomers and veterans.,Everyone,3,4.6
Broken Run 1196,Broken Run 1196 delivers an engaging experience that balances storytelling and gameplay in a rich setting.,Mature 17+,4,4.0
Golden Tides 1197,"Experience Golden Tides 1197: a tense, skill-based game where decisions matter and every encounter counts.",Everyone,1,3.5
Galactic Empire 1198,Play Galactic Empire 1198 to test your reflexes and strategy across varied levels and scenarios.,Everyone,8,4.3
Wild Frontier 1199,Wild Frontier 1199 delivers an engaging experience that balances storytelling and gameplay in a rich setting.,Everyone,1,3.3
Solar Signal 1200,"A stylish, focused title, Solar Signal 1200 emphasizes creative problem solving and emergent play. in solar signal 1200, players navigate challenging environments while uncovering secrets and facing tough choices.",Mature 17+,1,4.3
Lunar Origin 1201,"A stylish, focused title, Lunar Origin 1201 emphasizes creative problem solving and emergent play.",Everyone 10+,1,4.0
Last Chronicles 1202,Last Chronicles 1202 mixes narrative and action in a polished package with memorable moments.,Teen,1,3.7
Iron Sprint 1203,Iron Sprint 1203 blends immersive worldbuilding with satisfying mechanics suitable for newcomers and veterans. iron sprint 1203 mixes narrative and action in a polished package with memorable moments.,Everyone 10+,1,2.1
Crimson Empire 1204,Crimson Empire 1204 is a compact but deep adventure focused on exploration and character progression.,Teen,1,3.5
Eternal Beacon 1205,"Experience Eternal Beacon 1205: a tense, skill-based game where decisions matter and every encounter counts.",Everyone,1,4.5
Wild Saga 1206,Wild Saga 1206 delivers an engaging experience that balances storytelling and gameplay in a rich setting. wild saga 1206 is a compact but deep adventure focused on exploration and character progression.,Mature 17+,8,3.7
Iron Tides 1207,Iron Tides 1207 mixes narrative and action in a polished package with memorable moments. iron tides 1207 blends immersive worldbuilding with satisfying mechanics suitable for newcomers and veterans.,Everyone 10+,1,4.1
Neon Echo 1208,"Neon Echo 1208 is a compact but deep adventure focused on exploration and character progression. in neon echo 1208, players navigate challenging environments while uncovering secrets and facing tough choices.",Everyone,1,4.2
Rogue Dreams 1209,Rogue Dreams 1209 delivers an engaging experience that balances storytelling and gameplay in a rich setting.,Everyone 10+,1,3.9
Mythic Fall 1210,"In Mythic Fall 1210, players navigate challenging environments while uncovering secrets and facing tough choices.",Mature 17+,1,3.8
Shadow Nomad 1211,"In Shadow Nomad 1211, players navigate challenging environments while uncovering secrets and facing tough choices.",Everyone,3,3.6
Broken Rift 1212,Broken Rift 1212 is a compact but deep adventure focused on exploration and character progression.,Everyone,1,4.4
Neon Empire 1213,"Experience Neon Empire 1213: a tense, skill-based game where decisions matter and every encounter counts.",Mature 17+,1,4.7
Solar Sprint 1214,Solar Sprint 1214 blends immersive worldbuilding with satisfying mechanics suitable for newcomers and veterans.,Mature 17+,1,3.7
Secret Origin 1215,Play Secret Origin 1215 to test your reflexes and strategy across varied levels and scenarios.,Rating Pending,3,3.7
Silent Origin 1216,Silent Origin 1216 is a compact but deep adventure focused on exploration and character progression.,Mature 17+,1,3.3
Infinite Ascension 1217,Infinite Ascension 1217 blends immersive worldbuilding with satisfying mechanics suitable for newcomers and veterans.,Teen,1,4.6
Prime Fall 1218,"Experience Prime Fall 1218: a tense, skill-based game where decisions matter and every encounter counts.",Everyone,2,4.2
Mythic Storm 1219,Play Mythic Storm 1219 to test your reflexes and strategy across varied levels and scenarios.,Everyone,1,4.8
First Forge 1220,"First Forge 1220 mixes narrative and action in a polished package with memorable moments. a stylish, focused title, first forge 1220 emphasizes creative problem solving and emergent play.",Rating Pending,1,3.7
Prime Run 1221,Prime Run 1221 mixes narrative and action in a polished package with memorable moments.,Everyone 10+,3,3.9
Vivid Legends 1222,Vivid Legends 1222 mixes narrative and action in a polished package with memorable moments.,Everyone,1,4.2
Broken Chronicles 1223,Broken Chronicles 1223 is a compact but deep adventure focused on exploration and character progression.,Early Childhood,1,3.6
Digital Rift 1224,Play Digital Rift 1224 to test your reflexes and strategy across varied levels and scenarios.,Everyone,1,2.4
Galactic Dreams 1225,"A stylish, focused title, Galactic Dreams 1225 emphasizes creative problem solving and emergent play. galactic dreams 1225 blends immersive worldbuilding with satisfying mechanics suitable for newcomers and veterans.",Teen,1,4.8
Mythic Sprint 1226,"Mythic Sprint 1226 blends immersive worldbuilding with satisfying mechanics suitable for newcomers and veterans. in mythic sprint 1226, players navigate challenging environments while uncovering secrets and facing tough choices.",Teen,1,3.9
Last Rift 1227,"A stylish, focused title, Last Rift 1227 emphasizes creative problem solving and emergent play.",Everyone 10+,1,3.8
Cyber Legends 1228,"Experience Cyber Legends 1228: a tense, skill-based game where decisions matter and every encounter counts.",Mature 17+,1,4.6
Neon Beacon 1229,"Neon Beacon 1229 is a compact but deep adventure focused on exploration and character progression. a stylish, focused title, neon beacon 1229 emphasizes creative problem solving and emergent play.",Everyone,1,4.0
Silent Awakening 1230,"A stylish, focused title, Silent Awakening 1230 emphasizes creative problem solving and emergent play.",Everyone,1,4.4
Ancient Fall 1231,Ancient Fall 1231 delivers an engaging experience that balances storytelling and gameplay in a rich setting.,Everyone 10+,1,2.2
Secret Trial 1232,"A stylish, focused title, Secret Trial 1232 emphasizes creative problem solving and emergent play.",Rating Pending,1,3.6
Broken Warden 1233,Broken Warden 1233 mixes narrative and action in a polished package with memorable moments.,Rating Pending,1,4.7
Galactic Rift 1234,"A stylish, focused title, Galactic Rift 1234 emphasizes creative problem solving and emergent play.",Mature 17+,1,3.5
Last Warden 1235,Play Last Warden 1235 to test your reflexes and strategy across varied levels and scenarios.,Everyone,1,2.3
First Rift 1236,First Rift 1236 blends immersive worldbuilding with satisfying mechanics suitable for newcomers and veterans.,Mature 17+,8,4.1
Iron Chronicles 1237,Iron Chronicles 1237 delivers an engaging experience that balances storytelling and gameplay in a rich setting.,Mature 17+,1,4.8
Secret Rift 1238,Secret Rift 1238 mixes narrative and action in a polished package with memorable moments.,Rating Pending,1,4.3
Shadow Tides 1239,"Experience Shadow Tides 1239: a tense, skill-based game where decisions matter and every encounter counts.",Mature 17+,1,2.6
Rogue Odyssey 1240,Rogue Odyssey 1240 blends immersive worldbuilding with satisfying mechanics suitable for newcomers and veterans.,Early Childhood,1,2.7
Rogue Awakening 1241,Rogue Awakening 1241 mixes narrative and action in a polished package with memorable moments. rogue awakening 1241 blends immersive worldbuilding with satisfying mechanics suitable for newcomers and veterans.,Mature 17+,1,3.8
Crimson Realm 1242,"In Crimson Realm 1242, players navigate challenging environments while uncovering secrets and facing tough choices.",Mature 17+,1,4.2
Broken Nomad 1243,"Experience Broken Nomad 1243: a tense, skill-based game where decisions matter and every encounter counts.",Everyone,1,3.8
Golden Realm 1244,Golden Realm 1244 mixes narrative and action in a polished package with memorable moments. golden realm 1244 mixes narrative and action in a polished package with memorable moments.,Everyone,1,3.6
Eternal Legends 1245,"In Eternal Legends 1245, players navigate challenging environments while uncovering secrets and facing tough choices. eternal legends 1245 is a compact but deep adventure focused on exploration and character progression.",Mature 17+,2,4.5
Galactic Chronicles 1246,"A stylish, focused title, Galactic Chronicles 1246 emphasizes creative problem solving and emergent play.",Teen,4,3.5
Mythic Forge 1247,"In Mythic Forge 1247, players navigate challenging environments while uncovering secrets and facing tough choices.",Everyone,1,4.8
Solar Frontier 1248,Solar Frontier 1248 is a compact but deep adventure focused on exploration and character progression.,Teen,1,3.9
Iron Nomad 1249,"In Iron Nomad 1249, players navigate challenging environments while uncovering secrets and facing tough choices.",Mature 17+,1,3.4
Ancient Warden 1250,"In Ancient Warden 1250, players navigate challenging environments while uncovering secrets and facing tough choices.",Mature 17+,3,4.2
First Signal 1251,"First Signal 1251 delivers an engaging experience that balances storytelling and gameplay in a rich setting. experience first signal 1251: a tense, skill-based game where decisions matter and every encounter counts.",Early Childhood,1,3.2
Iron Empire 1252,"A stylish, focused title, Iron Empire 1252 emphasizes creative problem solving and emergent play. in iron empire 1252, players navigate challenging environments while uncovering secrets and facing tough choices.",Teen,1,3.3
Prime Origin 1253,Play Prime Origin 1253 to test your reflexes and strategy across varied levels and scenarios. prime origin 1253 delivers an engaging experience that balances storytelling and gameplay in a rich setting.,Mature 17+,1,3.7
Silent Nomad 1254,"In Silent Nomad 1254, players navigate challenging environments while uncovering secrets and facing tough choices. silent nomad 1254 blends immersive worldbuilding with satisfying mechanics suitable for newcomers and veterans.",Teen,8,3.2
Neon Legends 1255,Play Neon Legends 1255 to test your reflexes and strategy across varied levels and scenarios. neon legends 1255 blends immersive worldbuilding with satisfying mechanics suitable for newcomers and veterans.,Mature 17+,1,3.6
Neon Fall 1256,Neon Fall 1256 is a compact but deep adventure focused on exploration and character progression.,Teen,3,2.5
Galactic Echo 1257,"In Galactic Echo 1257, players navigate challenging environments while uncovering secrets and facing tough choices. experience galactic echo 1257: a tense, skill-based game where decisions matter and every encounter counts.",Teen,1,2.3
Crimson Warden 1258,"In Crimson Warden 1258, players navigate challenging environments while uncovering secrets and facing tough choices.",Teen,1,4.0
Last Nomad 1259,Last Nomad 1259 mixes narrative and action in a polished package with memorable moments.,Everyone,3,4.2
Neon Trial 1260,"Neon Trial 1260 delivers an engaging experience that balances storytelling and gameplay in a rich setting. a stylish, focused title, neon trial 1260 emphasizes creative problem solving and emergent play.",Everyone,3,3.7
Silent Echo 1261,"Experience Silent Echo 1261: a tense, skill-based game where decisions matter and every encounter counts. silent echo 1261 is a compact but deep adventure focused on exploration and character progression.",Everyone,4,4.9
First Saga 1262,"First Saga 1262 is a compact but deep adventure focused on exploration and character progression. experience first saga 1262: a tense, skill-based game where decisions matter and every encounter counts.",Rating Pending,1,3.2
Lost Rebellion 1263,"Experience Lost Rebellion 1263: a tense, skill-based game where decisions matter and every encounter counts.",Everyone,1,4.6
Rogue Rift 1264,Rogue Rift 1264 mixes narrative and action in a polished package with memorable moments.,Everyone,1,3.8
First Quest 1265,First Quest 1265 mixes narrative and action in a polished package with memorable moments.,Mature 17+,1,3.8
Wild Run 1266,"Experience Wild Run 1266: a tense, skill-based game where decisions matter and every encounter counts. wild run 1266 delivers an engaging experience that balances storytelling and gameplay in a rich setting.",Everyone,1,4.2
Mythic Nomad 1267,Mythic Nomad 1267 delivers an engaging experience that balances storytelling and gameplay in a rich setting.,Mature 17+,2,3.9
First Trial 1268,"In First Trial 1268, players navigate challenging environments while uncovering secrets and facing tough choices.",Everyone 10+,1,4.1
Wild Quest 1269,Wild Quest 1269 is a compact but deep adventure focused on exploration and character progression. play wild quest 1269 to test your reflexes and strategy across varied levels and scenarios.,Everyone,1,3.9
Ancient Quest 1270,Ancient Quest 1270 delivers an engaging experience that balances storytelling and gameplay in a rich setting.,Teen,1,3.7
Mythic Trial 1271,Mythic Trial 1271 delivers an engaging experience that balances storytelling and gameplay in a rich setting.,Mature 17+,1,4.3
Solar Horizons 1272,Solar Horizons 1272 blends immersive worldbuilding with satisfying mechanics suitable for newcomers and veterans.,Rating Pending,1,4.5
Silent Warden 1273,"A stylish, focused title, Silent Warden 1273 emphasizes creative problem solving and emergent play.",Rating Pending,1,4.4
Frozen Dreams 1274,Frozen Dreams 1274 blends immersive worldbuilding with satisfying mechanics suitable for newcomers and veterans.,Everyone,1,4.9
Prime Vanguard 1275,"In Prime Vanguard 1275, players navigate challenging environments while uncovering secrets and facing tough choices. prime vanguard 1275 blends immersive worldbuilding with satisfying mechanics suitable for newcomers and veterans.",Everyone,1,3.9
Wild Saga 1276,Wild Saga 1276 is a compact but deep adventure focused on exploration and character progression.,Rating Pending,1,4.5
Phantom Awakening 1277,Phantom Awakening 1277 blends immersive worldbuilding with satisfying mechanics suitable for newcomers and veterans.,Everyone 10+,1,3.8
Phantom Fall 1278,"Play Phantom Fall 1278 to test your reflexes and strategy across varied levels and scenarios. a stylish, focused title, phantom fall 1278 emphasizes creative problem solving and emergent play.",Teen,3,3.0
Iron Tides 1279,Play Iron Tides 1279 to test your reflexes and strategy across varied levels and scenarios.,Everyone 10+,1,4.2
Shadow Echo 1280,"In Shadow Echo 1280, players navigate challenging environments while uncovering secrets and facing tough choices. a stylish, focused title, shadow echo 1280 emphasizes creative problem solving and emergent play.",Mature 17+,1,3.3
Lunar Realm 1281,Lunar Realm 1281 blends immersive worldbuilding with satisfying mechanics suitable for newcomers and veterans.,Mature 17+,2,4.5
Solar Run 1282,"Experience Solar Run 1282: a tense, skill-based game where decisions matter and every encounter counts. solar run 1282 blends immersive worldbuilding with satisfying mechanics suitable for newcomers and veterans.",Teen,1,4.6
Galactic Forge 1283,"Play Galactic Forge 1283 to test your reflexes and strategy across varied levels and scenarios. experience galactic forge 1283: a tense, skill-based game where decisions matter and every encounter counts.",Mature 17+,1,4.0
Hidden Empire 1284,"Hidden Empire 1284 is a compact but deep adventure focused on exploration and character progression. in hidden empire 1284, players navigate challenging environments while uncovering secrets and facing tough choices.",Rating Pending,1,4.8
Secret Horizons 1285,"Experience Secret Horizons 1285: a tense, skill-based game where decisions matter and every encounter counts. secret horizons 1285 blends immersive worldbuilding with satisfying mechanics suitable for newcomers and veterans.",Teen,1,4.4
Vivid Dreams 1286,"Experience Vivid Dreams 1286: a tense, skill-based game where decisions matter and every encounter counts.",Mature 17+,1,3.9
Ancient Frontier 1287,Ancient Frontier 1287 is a compact but deep adventure focused on exploration and character progression.,Early Childhood,1,4.5
Last Forge 1288,"Experience Last Forge 1288: a tense, skill-based game where decisions matter and every encounter counts.",Everyone,1,4.0
Iron Forge 1289,Play Iron Forge 1289 to test your reflexes and strategy across varied levels and scenarios.,Everyone,8,3.7
Infinite Awakening 1290,Infinite Awakening 1290 blends immersive worldbuilding with satisfying mechanics suitable for newcomers and veterans.,Teen,8,4.6
Silent Nomad 1291,"A stylish, focused title, Silent Nomad 1291 emphasizes creative problem solving and emergent play.",Mature 17+,1,4.5
Crimson Storm 1292,"In Crimson Storm 1292, players navigate challenging environments while uncovering secrets and facing tough choices.",Everyone 10+,1,4.8
Wild Signal 1293,"Experience Wild Signal 1293: a tense, skill-based game where decisions matter and every encounter counts.",Everyone,1,4.8
Iron Legends 1294,"In Iron Legends 1294, players navigate challenging environments while uncovering secrets and facing tough choices.",Teen,1,4.3
Lunar Rebellion 1295,"Experience Lunar Rebellion 1295: a tense, skill-based game where decisions matter and every encounter counts. experience lunar rebellion 1295: a tense, skill-based game where decisions matter and every encounter counts.",Mature 17+,1,3.5
Silent Quest 1296,"In Silent Quest 1296, players navigate challenging environments while uncovering secrets and facing tough choices.",Everyone 10+,1,4.7
Lunar Saga 1297,Lunar Saga 1297 delivers an engaging experience that balances storytelling and gameplay in a rich setting.,Mature 17+,4,2.2
Silent Dreams 1298,"In Silent Dreams 1298, players navigate challenging environments while uncovering secrets and facing tough choices. experience silent dreams 1298: a tense, skill-based game where decisions matter and every encounter counts.",Teen,3,4.4
Dark Rebellion 1299,Dark Rebellion 1299 delivers an engaging experience that balances storytelling and gameplay in a rich setting.,Rating Pending,1,4.0
Lost Fall 1300,Lost Fall 1300 blends immersive worldbuilding with satisfying mechanics suitable for newcomers and veterans.,Everyone,4,4.4
Iron Dreams 1301,"In Iron Dreams 1301, players navigate challenging environments while uncovering secrets and facing tough choices. iron dreams 1301 blends immersive worldbuilding with satisfying mechanics suitable for newcomers and veterans.",Teen,1,3.6
Eternal Fall 1302,Eternal Fall 1302 delivers an engaging experience that balances storytelling and gameplay in a rich setting.,Early Childhood,1,3.9
Silent Dreams 1303,Silent Dreams 1303 blends immersive worldbuilding with satisfying mechanics suitable for newcomers and veterans.,Everyone 10+,1,4.0
Eternal Odyssey 1304,Play Eternal Odyssey 1304 to test your reflexes and strategy across varied levels and scenarios.,Everyone,1,2.8
Broken Frontier 1305,Broken Frontier 1305 delivers an engaging experience that balances storytelling and gameplay in a rich setting.,Everyone,1,3.6
Lunar Beacon 1306,Lunar Beacon 1306 delivers an engaging experience that balances storytelling and gameplay in a rich setting.,Mature 17+,8,3.7
Secret Origin 1307,Secret Origin 1307 mixes narrative and action in a polished package with memorable moments.,Teen,4,3.7
Solar Legends 1308,Solar Legends 1308 is a compact but deep adventure focused on exploration and character progression.,Teen,2,3.3
Galactic Empire 1309,"In Galactic Empire 1309, players navigate challenging environments while uncovering secrets and facing tough choices.",Everyone,1,2.9
Mythic Warden 1310,Mythic Warden 1310 blends immersive worldbuilding with satisfying mechanics suitable for newcomers and veterans.,Everyone,1,4.0
Golden Beacon 1311,Golden Beacon 1311 mixes narrative and action in a polished package with memorable moments. golden beacon 1311 blends immersive worldbuilding with satisfying mechanics suitable for newcomers and veterans.,Rating Pending,1,4.0
Lunar Legends 1312,Lunar Legends 1312 mixes narrative and action in a polished package with memorable moments. play lunar legends 1312 to test your reflexes and strategy across varied levels and scenarios.,Mature 17+,2,2.9
Phantom Beacon 1313,Phantom Beacon 1313 is a compact but deep adventure focused on exploration and character progression.,Rating Pending,2,4.3
Golden Saga 1314,Golden Saga 1314 blends immersive worldbuilding with satisfying mechanics suitable for newcomers and veterans.,Rating Pending,1,4.1
Neon Odyssey 1315,Neon Odyssey 1315 is a compact but deep adventure focused on exploration and character progression.,Everyone,1,2.8
Silent Chronicles 1316,Play Silent Chronicles 1316 to test your reflexes and strategy across varied levels and scenarios. silent chronicles 1316 delivers an engaging experience that balances storytelling and gameplay in a rich setting.,Rating Pending,1,4.1
Dark Storm 1317,Play Dark Storm 1317 to test your reflexes and strategy across varied levels and scenarios.,Everyone,1,4.8
Frozen Warden 1318,"A stylish, focused title, Frozen Warden 1318 emphasizes creative problem solving and emergent play.",Mature 17+,1,4.4
Galactic Ascension 1319,"Experience Galactic Ascension 1319: a tense, skill-based game where decisions matter and every encounter counts.",Everyone,1,4.6
First Run 1320,"A stylish, focused title, First Run 1320 emphasizes creative problem solving and emergent play.",Everyone 10+,1,4.0
Iron Rebellion 1321,Iron Rebellion 1321 delivers an engaging experience that balances storytelling and gameplay in a rich setting. iron rebellion 1321 is a compact but deep adventure focused on exploration and character progression.,Everyone,1,4.4
Infinite Nomad 1322,Infinite Nomad 1322 is a compact but deep adventure focused on exploration and character progression.,Teen,1,3.8
Mythic Quest 1323,Mythic Quest 1323 blends immersive worldbuilding with satisfying mechanics suitable for newcomers and veterans.,Teen,8,4.5
Mythic Frontier 1324,Play Mythic Frontier 1324 to test your reflexes and strategy across varied levels and scenarios. mythic frontier 1324 delivers an engaging experience that balances storytelling and gameplay in a rich setting.,Everyone,1,4.0
Lost Quest 1325,"In Lost Quest 1325, players navigate challenging environments while uncovering secrets and facing tough choices.",Everyone,1,3.7
Shadow Sprint 1326,Shadow Sprint 1326 mixes narrative and action in a polished package with memorable moments. shadow sprint 1326 is a compact but deep adventure focused on exploration and character progression.,Adults Only 18+,1,4.0
Solar Run 1327,Solar Run 1327 mixes narrative and action in a polished package with memorable moments. solar run 1327 blends immersive worldbuilding with satisfying mechanics suitable for newcomers and veterans.,Mature 17+,1,3.3
Wild Chronicles 1328,Wild Chronicles 1328 delivers an engaging experience that balances storytelling and gameplay in a rich setting.,Everyone 10+,1,3.3
Infinite Warden 1329,Infinite Warden 1329 is a compact but deep adventure focused on exploration and character progression.,Mature 17+,8,4.9
Silent Horizons 1330,Play Silent Horizons 1330 to test your reflexes and strategy across varied levels and scenarios.,Mature 17+,1,3.7
Neon Ascension 1331,"In Neon Ascension 1331, players navigate challenging environments while uncovering secrets and facing tough choices.",Mature 17+,1,3.8
Dark Sprint 1332,Dark Sprint 1332 mixes narrative and action in a polished package with memorable moments.,Teen,3,4.6
Iron Vanguard 1333,Iron Vanguard 1333 blends immersive worldbuilding with satisfying mechanics suitable for newcomers and veterans.,Rating Pending,1,2.9
Eternal Beacon 1334,"Experience Eternal Beacon 1334: a tense, skill-based game where decisions matter and every encounter counts.",Everyone,4,4.3
Galactic Awakening 1335,Play Galactic Awakening 1335 to test your reflexes and strategy across varied levels and scenarios.,Everyone,1,4.8
Shadow Odyssey 1336,Play Shadow Odyssey 1336 to test your reflexes and strategy across varied levels and scenarios.,Teen,1,3.7
Neon Dreams 1337,Neon Dreams 1337 is a compact but deep adventure focused on exploration and character progression.,Teen,1,3.0
Eternal Vanguard 1338,"A stylish, focused title, Eternal Vanguard 1338 emphasizes creative problem solving and emergent play. eternal vanguard 1338 blends immersive worldbuilding with satisfying mechanics suitable for newcomers and veterans.",Everyone,1,3.8
Shadow Echo 1339,"In Shadow Echo 1339, players navigate challenging environments while uncovering secrets and facing tough choices.",Mature 17+,4,4.5
Prime Rift 1340,"Experience Prime Rift 1340: a tense, skill-based game where decisions matter and every encounter counts. experience prime rift 1340: a tense, skill-based game where decisions matter and every encounter counts.",Everyone,1,4.1
Silent Tides 1341,"A stylish, focused title, Silent Tides 1341 emphasizes creative problem solving and emergent play. in silent tides 1341, players navigate challenging environments while uncovering secrets and facing tough choices.",Teen,1,4.7
Rogue Chronicles 1342,"Experience Rogue Chronicles 1342: a tense, skill-based game where decisions matter and every encounter counts.",Everyone,1,4.4
Iron Ascension 1343,Iron Ascension 1343 is a compact but deep adventure focused on exploration and character progression.,Teen,1,5.0
Iron Trial 1344,Iron Trial 1344 mixes narrative and action in a polished package with memorable moments.,Everyone,1,4.3
Iron Ascension 1345,Iron Ascension 1345 is a compact but deep adventure focused on exploration and character progression.,Mature 17+,1,4.4
Dark Fall 1346,Dark Fall 1346 mixes narrative and action in a polished package with memorable moments.,Teen,8,2.6
Vivid Horizons 1347,"Experience Vivid Horizons 1347: a tense, skill-based game where decisions matter and every encounter counts.",Everyone,1,4.4
Lost Sprint 1348,Lost Sprint 1348 blends immersive worldbuilding with satisfying mechanics suitable for newcomers and veterans.,Everyone,2,3.9
Cyber Dreams 1349,Cyber Dreams 1349 mixes narrative and action in a polished package with memorable moments. cyber dreams 1349 delivers an engaging experience that balances storytelling and gameplay in a rich setting.,Everyone,8,4.6
Hidden Harbor 1350,Play Hidden Harbor 1350 to test your reflexes and strategy across varied levels and scenarios.,Mature 17+,1,4.2
Dark Dreams 1351,"In Dark Dreams 1351, players navigate challenging environments while uncovering secrets and facing tough choices.",Everyone 10+,1,4.1
Solar Chronicles 1352,"A stylish, focused title, Solar Chronicles 1352 emphasizes creative problem solving and emergent play.",Teen,1,4.2
Rogue Quest 1353,"A stylish, focused title, Rogue Quest 1353 emphasizes creative problem solving and emergent play.",Everyone,1,4.6
First Rift 1354,First Rift 1354 mixes narrative and action in a polished package with memorable moments.,Teen,1,2.9
Secret Frontier 1355,"A stylish, focused title, Secret Frontier 1355 emphasizes creative problem solving and emergent play.",Mature 17+,8,4.7
Phantom Vanguard 1356,Phantom Vanguard 1356 delivers an engaging experience that balances storytelling and gameplay in a rich setting.,Teen,1,3.8
First Nomad 1357,First Nomad 1357 is a compact but deep adventure focused on exploration and character progression.,Everyone,1,3.3
Broken Legends 1358,Broken Legends 1358 delivers an engaging experience that balances storytelling and gameplay in a rich setting. broken legends 1358 is a compact but deep adventure focused on exploration and character progression.,Teen,1,4.0
Lost Dreams 1359,"Play Lost Dreams 1359 to test your reflexes and strategy across varied levels and scenarios. a stylish, focused title, lost dreams 1359 emphasizes creative problem solving and emergent play.",Teen,8,3.8
Ancient Origin 1360,Ancient Origin 1360 blends immersive worldbuilding with satisfying mechanics suitable for newcomers and veterans.,Teen,1,4.6
Lunar Sprint 1361,Lunar Sprint 1361 blends immersive worldbuilding with satisfying mechanics suitable for newcomers and veterans.,Rating Pending,1,4.1
Crimson Warden 1362,Crimson Warden 1362 blends immersive worldbuilding with satisfying mechanics suitable for newcomers and veterans.,Everyone 10+,1,4.0
Phantom Rift 1363,Phantom Rift 1363 is a compact but deep adventure focused on exploration and character progression.,Everyone,4,2.3
Wild Beacon 1364,"Wild Beacon 1364 is a compact but deep adventure focused on exploration and character progression. experience wild beacon 1364: a tense, skill-based game where decisions matter and every encounter counts.",Everyone,8,4.1
Golden Sprint 1365,"A stylish, focused title, Golden Sprint 1365 emphasizes creative problem solving and emergent play. golden sprint 1365 mixes narrative and action in a polished package with memorable moments.",Mature 17+,1,4.7
Crimson Trial 1366,Play Crimson Trial 1366 to test your reflexes and strategy across varied levels and scenarios.,Everyone 10+,1,3.8
Galactic Chronicles 1367,Galactic Chronicles 1367 mixes narrative and action in a polished package with memorable moments.,Mature 17+,1,3.1
Last Nomad 1368,Last Nomad 1368 delivers an engaging experience that balances storytelling and gameplay in a rich setting.,Early Childhood,1,3.9
Wild Empire 1369,Play Wild Empire 1369 to test your reflexes and strategy across varied levels and scenarios.,Everyone,1,4.2
Mythic Realm 1370,Mythic Realm 1370 blends immersive worldbuilding with satisfying mechanics suitable for newcomers and veterans.,Everyone,1,4.7
Lost Trial 1371,Play Lost Trial 1371 to test your reflexes and strategy across varied levels and scenarios.,Rating Pending,1,4.4
Frozen Signal 1372,Frozen Signal 1372 blends immersive worldbuilding with satisfying mechanics suitable for newcomers and veterans.,Mature 17+,8,2.3
Lost Origin 1373,"Experience Lost Origin 1373: a tense, skill-based game where decisions matter and every encounter counts.",Teen,8,3.9
Mythic Tides 1374,Mythic Tides 1374 is a compact but deep adventure focused on exploration and character progression.,Teen,4,3.6
Cyber Warden 1375,"A stylish, focused title, Cyber Warden 1375 emphasizes creative problem solving and emergent play.",Teen,8,3.9
Ancient Horizons 1376,"A stylish, focused title, Ancient Horizons 1376 emphasizes creative problem solving and emergent play. ancient horizons 1376 is a compact but deep adventure focused on exploration and character progression.",Everyone,1,3.3
Hidden Empire 1377,"A stylish, focused title, Hidden Empire 1377 emphasizes creative problem solving and emergent play.",Teen,1,4.4
Phantom Sprint 1378,Phantom Sprint 1378 is a compact but deep adventure focused on exploration and character progression.,Everyone,1,4.6
Frozen Awakening 1379,Play Frozen Awakening 1379 to test your reflexes and strategy across varied levels and scenarios.,Early Childhood,1,4.3
Rogue Forge 1380,Rogue Forge 1380 delivers an engaging experience that balances storytelling and gameplay in a rich setting.,Mature 17+,1,4.1
Phantom Empire 1381,"Phantom Empire 1381 delivers an engaging experience that balances storytelling and gameplay in a rich setting. in phantom empire 1381, players navigate challenging environments while uncovering secrets and facing tough choices.",Everyone,2,4.3
Vivid Sprint 1382,Vivid Sprint 1382 mixes narrative and action in a polished package with memorable moments.,Everyone 10+,1,4.6
Broken Storm 1383,Broken Storm 1383 is a compact but deep adventure focused on exploration and character progression.,Mature 17+,3,4.8
Infinite Trial 1384,Infinite Trial 1384 blends immersive worldbuilding with satisfying mechanics suitable for newcomers and veterans. play infinite trial 1384 to test your reflexes and strategy across varied levels and scenarios.,Everyone,1,4.6
Rogue Rebellion 1385,Rogue Rebellion 1385 mixes narrative and action in a polished package with memorable moments. rogue rebellion 1385 is a compact but deep adventure focused on exploration and character progression.,Everyone 10+,1,4.1
Silent Fall 1386,"In Silent Fall 1386, players navigate challenging environments while uncovering secrets and facing tough choices.",Everyone 10+,1,3.3
First Saga 1387,First Saga 1387 blends immersive worldbuilding with satisfying mechanics suitable for newcomers and veterans.,Everyone,1,3.6
Silent Fall 1388,"In Silent Fall 1388, players navigate challenging environments while uncovering secrets and facing tough choices.",Everyone,1,3.8
Broken Echo 1389,"Experience Broken Echo 1389: a tense, skill-based game where decisions matter and every encounter counts.",Everyone,2,4.1
Golden Beacon 1390,"Play Golden Beacon 1390 to test your reflexes and strategy across varied levels and scenarios. experience golden beacon 1390: a tense, skill-based game where decisions matter and every encounter counts.",Mature 17+,1,4.4
Golden Dreams 1391,"In Golden Dreams 1391, players navigate challenging environments while uncovering secrets and facing tough choices. golden dreams 1391 mixes narrative and action in a polished package with memorable moments.",Teen,1,1.7
Solar Tides 1392,Solar Tides 1392 blends immersive worldbuilding with satisfying mechanics suitable for newcomers and veterans.,Mature 17+,1,3.4
Hidden Trial 1393,"In Hidden Trial 1393, players navigate challenging environments while uncovering secrets and facing tough choices.",Teen,1,4.2
Silent Harbor 1394,Play Silent Harbor 1394 to test your reflexes and strategy across varied levels and scenarios.,Mature 17+,8,3.3
Shadow Chronicles 1395,Play Shadow Chronicles 1395 to test your reflexes and strategy across varied levels and scenarios.,Teen,1,4.5
Shadow Run 1396,Shadow Run 1396 is a compact but deep adventure focused on exploration and character progression.,Everyone 10+,1,4.1
Lunar Echo 1397,Lunar Echo 1397 mixes narrative and action in a polished package with memorable moments.,Mature 17+,1,4.6
Ancient Awakening 1398,"In Ancient Awakening 1398, players navigate challenging environments while uncovering secrets and facing tough choices.",Mature 17+,1,2.7
Broken Frontier 1399,Broken Frontier 1399 delivers an engaging experience that balances storytelling and gameplay in a rich setting. broken frontier 1399 blends immersive worldbuilding with satisfying mechanics suitable for newcomers and veterans.,Everyone 10+,1,3.0
Silent Origin 1400,"In Silent Origin 1400, players navigate challenging environments while uncovering secrets and facing tough choices.",Mature 17+,1,2.5
Prime Awakening 1401,Prime Awakening 1401 is a compact but deep adventure focused on exploration and character progression.,Everyone,1,4.1
Mythic Saga 1402,"A stylish, focused title, Mythic Saga 1402 emphasizes creative problem solving and emergent play. experience mythic saga 1402: a tense, skill-based game where decisions matter and every encounter counts.",Everyone 10+,3,4.2
Neon Beacon 1403,Neon Beacon 1403 is a compact but deep adventure focused on exploration and character progression.,Teen,1,4.0
Shadow Echo 1404,"Experience Shadow Echo 1404: a tense, skill-based game where decisions matter and every encounter counts.",Everyone,1,4.6
Last Saga 1405,"Experience Last Saga 1405: a tense, skill-based game where decisions matter and every encounter counts.",Mature 17+,1,4.7
Rogue Saga 1406,"In Rogue Saga 1406, players navigate challenging environments while uncovering secrets and facing tough choices.",Everyone 10+,1,3.8
Lost Harbor 1407,"A stylish, focused title, Lost Harbor 1407 emphasizes creative problem solving and emergent play.",Mature 17+,1,3.7
Vivid Dreams 1408,Vivid Dreams 1408 blends immersive worldbuilding with satisfying mechanics suitable for newcomers and veterans.,Everyone 10+,1,2.8
Neon Rebellion 1409,"Play Neon Rebellion 1409 to test your reflexes and strategy across varied levels and scenarios. in neon rebellion 1409, players navigate challenging environments while uncovering secrets and facing tough choices.",Teen,1,3.6
Hidden Sprint 1410,Hidden Sprint 1410 is a compact but deep adventure focused on exploration and character progression.,Rating Pending,1,4.0
Solar Empire 1411,"Experience Solar Empire 1411: a tense, skill-based game where decisions matter and every encounter counts.",Teen,8,4.7
Silent Rift 1412,"Experience Silent Rift 1412: a tense, skill-based game where decisions matter and every encounter counts.",Mature 17+,8,3.8
Secret Fall 1413,Secret Fall 1413 blends immersive worldbuilding with satisfying mechanics suitable for newcomers and veterans. secret fall 1413 is a compact but deep adventure focused on exploration and character progression.,Everyone,1,4.4
Rogue Tides 1414,"Experience Rogue Tides 1414: a tense, skill-based game where decisions matter and every encounter counts.",Mature 17+,1,3.3
Solar Harbor 1415,"A stylish, focused title, Solar Harbor 1415 emphasizes creative problem solving and emergent play. solar harbor 1415 mixes narrative and action in a polished package with memorable moments.",Everyone,8,4.3
Prime Echo 1416,"A stylish, focused title, Prime Echo 1416 emphasizes creative problem solving and emergent play.",Mature 17+,1,4.4
Dark Legends 1417,"In Dark Legends 1417, players navigate challenging environments while uncovering secrets and facing tough choices. play dark legends 1417 to test your reflexes and strategy across varied levels and scenarios.",Everyone,3,3.7
Vivid Run 1418,"Play Vivid Run 1418 to test your reflexes and strategy across varied levels and scenarios. experience vivid run 1418: a tense, skill-based game where decisions matter and every encounter counts.",Everyone,1,4.6
Prime Trial 1419,Prime Trial 1419 delivers an engaging experience that balances storytelling and gameplay in a rich setting.,Everyone,3,3.5
Wild Empire 1420,"A stylish, focused title, Wild Empire 1420 emphasizes creative problem solving and emergent play.",Teen,1,3.1
Galactic Chronicles 1421,Play Galactic Chronicles 1421 to test your reflexes and strategy across varied levels and scenarios.,Everyone 10+,1,3.2
Eternal Nomad 1422,Eternal Nomad 1422 delivers an engaging experience that balances storytelling and gameplay in a rich setting. eternal nomad 1422 blends immersive worldbuilding with satisfying mechanics suitable for newcomers and veterans.,Rating Pending,1,3.6
Secret Dreams 1423,"Play Secret Dreams 1423 to test your reflexes and strategy across varied levels and scenarios. in secret dreams 1423, players navigate challenging environments while uncovering secrets and facing tough choices.",Everyone 10+,2,3.8
Rogue Fall 1424,Rogue Fall 1424 is a compact but deep adventure focused on exploration and character progression.,Mature 17+,1,4.1
Digital Empire 1425,"Experience Digital Empire 1425: a tense, skill-based game where decisions matter and every encounter counts. experience digital empire 1425: a tense, skill-based game where decisions matter and every encounter counts.",Mature 17+,1,3.9
Neon Legends 1426,Neon Legends 1426 mixes narrative and action in a polished package with memorable moments. neon legends 1426 is a compact but deep adventure focused on exploration and character progression.,Mature 17+,1,2.0
Prime Saga 1427,Prime Saga 1427 mixes narrative and action in a polished package with memorable moments.,Teen,1,4.7
Rogue Dreams 1428,Rogue Dreams 1428 mixes narrative and action in a polished package with memorable moments. rogue dreams 1428 is a compact but deep adventure focused on exploration and character progression.,Everyone,1,3.6
Wild Nomad 1429,"Experience Wild Nomad 1429: a tense, skill-based game where decisions matter and every encounter counts. experience wild nomad 1429: a tense, skill-based game where decisions matter and every encounter counts.",Everyone,1,3.7
Silent Vanguard 1430,"A stylish, focused title, Silent Vanguard 1430 emphasizes creative problem solving and emergent play.",Teen,1,3.8
Galactic Tides 1431,Galactic Tides 1431 is a compact but deep adventure focused on exploration and character progression.,Mature 17+,1,3.4
Rogue Fall 1432,Rogue Fall 1432 delivers an engaging experience that balances storytelling and gameplay in a rich setting.,Teen,1,3.2
Broken Sprint 1433,"In Broken Sprint 1433, players navigate challenging environments while uncovering secrets and facing tough choices.",Mature 17+,1,4.3
Hidden Quest 1434,"A stylish, focused title, Hidden Quest 1434 emphasizes creative problem solving and emergent play.",Mature 17+,1,4.4
Infinite Odyssey 1435,Play Infinite Odyssey 1435 to test your reflexes and strategy across varied levels and scenarios.,Everyone 10+,1,3.8
First Echo 1436,"First Echo 1436 is a compact but deep adventure focused on exploration and character progression. a stylish, focused title, first echo 1436 emphasizes creative problem solving and emergent play.",Mature 17+,1,4.2
Golden Tides 1437,Golden Tides 1437 delivers an engaging experience that balances storytelling and gameplay in a rich setting. golden tides 1437 delivers an engaging experience that balances storytelling and gameplay in a rich setting.,Teen,1,2.9
Cyber Ascension 1438,Cyber Ascension 1438 is a compact but deep adventure focused on exploration and character progression. cyber ascension 1438 blends immersive worldbuilding with satisfying mechanics suitable for newcomers and veterans.,Teen,8,4.8
Infinite Storm 1439,Infinite Storm 1439 blends immersive worldbuilding with satisfying mechanics suitable for newcomers and veterans. infinite storm 1439 delivers an engaging experience that balances storytelling and gameplay in a rich setting.,Everyone,1,3.6
Phantom Storm 1440,Phantom Storm 1440 blends immersive worldbuilding with satisfying mechanics suitable for newcomers and veterans.,Everyone 10+,1,4.5
Last Saga 1441,"Experience Last Saga 1441: a tense, skill-based game where decisions matter and every encounter counts.",Mature 17+,1,4.8
Frozen Run 1442,"In Frozen Run 1442, players navigate challenging environments while uncovering secrets and facing tough choices. frozen run 1442 delivers an engaging experience that balances storytelling and gameplay in a rich setting.",Mature 17+,1,3.9
Mythic Beacon 1443,"In Mythic Beacon 1443, players navigate challenging environments while uncovering secrets and facing tough choices.",Everyone 10+,1,4.7
Golden Realm 1444,"In Golden Realm 1444, players navigate challenging environments while uncovering secrets and facing tough choices.",Mature 17+,1,3.5
Infinite Legends 1445,"A stylish, focused title, Infinite Legends 1445 emphasizes creative problem solving and emergent play.",Everyone 10+,8,4.2
Vivid Chronicles 1446,"Vivid Chronicles 1446 mixes narrative and action in a polished package with memorable moments. experience vivid chronicles 1446: a tense, skill-based game where decisions matter and every encounter counts.",Everyone,1,3.3
Wild Echo 1447,Wild Echo 1447 mixes narrative and action in a polished package with memorable moments.,Teen,1,3.8
Silent Beacon 1448,"Experience Silent Beacon 1448: a tense, skill-based game where decisions matter and every encounter counts.",Everyone,3,4.8
Wild Chronicles 1449,"In Wild Chronicles 1449, players navigate challenging environments while uncovering secrets and facing tough choices.",Mature 17+,1,4.0
Solar Rift 1450,Play Solar Rift 1450 to test your reflexes and strategy across varied levels and scenarios.,Everyone,1,3.3
Vivid Origin 1451,Vivid Origin 1451 blends immersive worldbuilding with satisfying mechanics suitable for newcomers and veterans. vivid origin 1451 blends immersive worldbuilding with satisfying mechanics suitable for newcomers and veterans.,Teen,1,3.2
Prime Dreams 1452,Prime Dreams 1452 blends immersive worldbuilding with satisfying mechanics suitable for newcomers and veterans.,Everyone,1,4.6
Last Chronicles 1453,Last Chronicles 1453 delivers an engaging experience that balances storytelling and gameplay in a rich setting.,Everyone,3,3.7
Ancient Ascension 1454,"Experience Ancient Ascension 1454: a tense, skill-based game where decisions matter and every encounter counts.",Everyone 10+,1,2.5
Mythic Signal 1455,Mythic Signal 1455 is a compact but deep adventure focused on exploration and character progression. mythic signal 1455 blends immersive worldbuilding with satisfying mechanics suitable for newcomers and veterans.,Rating Pending,1,3.1
Mythic Forge 1456,Mythic Forge 1456 mixes narrative and action in a polished package with memorable moments. mythic forge 1456 blends immersive worldbuilding with satisfying mechanics suitable for newcomers and veterans.,Teen,4,3.3
Crimson Beacon 1457,Crimson Beacon 1457 is a compact but deep adventure focused on exploration and character progression.,Mature 17+,8,4.5
Last Beacon 1458,Last Beacon 1458 is a compact but deep adventure focused on exploration and character progression. last beacon 1458 mixes narrative and action in a polished package with memorable moments.,Everyone,1,3.3
Secret Echo 1459,"In Secret Echo 1459, players navigate challenging environments while uncovering secrets and facing tough choices.",Mature 17+,1,3.5
Solar Dreams 1460,"A stylish, focused title, Solar Dreams 1460 emphasizes creative problem solving and emergent play.",Mature 17+,1,2.9
Iron Quest 1461,Iron Quest 1461 blends immersive worldbuilding with satisfying mechanics suitable for newcomers and veterans.,Teen,2,3.4
Infinite Realm 1462,Play Infinite Realm 1462 to test your reflexes and strategy across varied levels and scenarios.,Mature 17+,1,3.6
Solar Legends 1463,Solar Legends 1463 delivers an engaging experience that balances storytelling and gameplay in a rich setting.,Everyone,1,2.9
Eternal Trial 1464,Eternal Trial 1464 mixes narrative and action in a polished package with memorable moments.,Everyone,1,4.1
Golden Odyssey 1465,Golden Odyssey 1465 blends immersive worldbuilding with satisfying mechanics suitable for newcomers and veterans.,Teen,1,3.2
Rogue Ascension 1466,Rogue Ascension 1466 delivers an engaging experience that balances storytelling and gameplay in a rich setting.,Teen,1,4.3
Digital Dreams 1467,"In Digital Dreams 1467, players navigate challenging environments while uncovering secrets and facing tough choices.",Everyone,4,3.1
Wild Trial 1468,"Experience Wild Trial 1468: a tense, skill-based game where decisions matter and every encounter counts.",Everyone 10+,1,4.1
Ancient Legends 1469,Ancient Legends 1469 delivers an engaging experience that balances storytelling and gameplay in a rich setting.,Mature 17+,1,3.8
Neon Signal 1470,Neon Signal 1470 blends immersive worldbuilding with satisfying mechanics suitable for newcomers and veterans.,Everyone 10+,1,4.0
Silent Chronicles 1471,Play Silent Chronicles 1471 to test your reflexes and strategy across varied levels and scenarios. silent chronicles 1471 is a compact but deep adventure focused on exploration and character progression.,Everyone,8,3.7
Mythic Fall 1472,"Mythic Fall 1472 is a compact but deep adventure focused on exploration and character progression. experience mythic fall 1472: a tense, skill-based game where decisions matter and every encounter counts.",Everyone,1,4.8
Last Harbor 1473,Last Harbor 1473 blends immersive worldbuilding with satisfying mechanics suitable for newcomers and veterans.,Everyone,8,4.7
Golden Tides 1474,"In Golden Tides 1474, players navigate challenging environments while uncovering secrets and facing tough choices.",Mature 17+,1,3.5
Shadow Nomad 1475,"Experience Shadow Nomad 1475: a tense, skill-based game where decisions matter and every encounter counts.",Everyone,1,4.3
Shadow Warden 1476,Shadow Warden 1476 delivers an engaging experience that balances storytelling and gameplay in a rich setting.,Everyone 10+,1,3.3
Digital Chronicles 1477,Play Digital Chronicles 1477 to test your reflexes and strategy across varied levels and scenarios.,Everyone,1,4.3
Galactic Origin 1478,Galactic Origin 1478 delivers an engaging experience that balances storytelling and gameplay in a rich setting.,Mature 17+,1,3.7
Secret Chronicles 1479,"In Secret Chronicles 1479, players navigate challenging environments while uncovering secrets and facing tough choices.",Everyone,1,3.6
Wild Saga 1480,Wild Saga 1480 delivers an engaging experience that balances storytelling and gameplay in a rich setting.,Teen,1,3.7
Prime Tides 1481,"In Prime Tides 1481, players navigate challenging environments while uncovering secrets and facing tough choices.",Mature 17+,1,4.2
Rogue Legends 1482,"Experience Rogue Legends 1482: a tense, skill-based game where decisions matter and every encounter counts.",Teen,1,3.9
Silent Warden 1483,"In Silent Warden 1483, players navigate challenging environments while uncovering secrets and facing tough choices.",Teen,8,3.0
Phantom Ascension 1484,"A stylish, focused title, Phantom Ascension 1484 emphasizes creative problem solving and emergent play.",Everyone,8,3.4
Secret Vanguard 1485,"Experience Secret Vanguard 1485: a tense, skill-based game where decisions matter and every encounter counts.",Teen,1,4.5
Crimson Nomad 1486,Crimson Nomad 1486 is a compact but deep adventure focused on exploration and character progression. crimson nomad 1486 blends immersive worldbuilding with satisfying mechanics suitable for newcomers and veterans.,Everyone 10+,1,4.8
Galactic Rebellion 1487,Galactic Rebellion 1487 blends immersive worldbuilding with satisfying mechanics suitable for newcomers and veterans.,Everyone,8,2.2
Iron Forge 1488,Iron Forge 1488 blends immersive worldbuilding with satisfying mechanics suitable for newcomers and veterans.,Mature 17+,1,4.7
Lost Warden 1489,Lost Warden 1489 blends immersive worldbuilding with satisfying mechanics suitable for newcomers and veterans. lost warden 1489 blends immersive worldbuilding with satisfying mechanics suitable for newcomers and veterans.,Everyone,3,3.5
Infinite Tides 1490,Play Infinite Tides 1490 to test your reflexes and strategy across varied levels and scenarios.,Everyone,1,4.4
Galactic Awakening 1491,Galactic Awakening 1491 blends immersive worldbuilding with satisfying mechanics suitable for newcomers and veterans.,Mature 17+,1,4.7
Crimson Echo 1492,Play Crimson Echo 1492 to test your reflexes and strategy across varied levels and scenarios.,Everyone 10+,8,2.5
Broken Beacon 1493,"In Broken Beacon 1493, players navigate challenging environments while uncovering secrets and facing tough choices. broken beacon 1493 blends immersive worldbuilding with satisfying mechanics suitable for newcomers and veterans.",Everyone,1,3.8
Eternal Dreams 1494,Eternal Dreams 1494 blends immersive worldbuilding with satisfying mechanics suitable for newcomers and veterans.,Mature 17+,1,4.4
Iron Signal 1495,"In Iron Signal 1495, players navigate challenging environments while uncovering secrets and facing tough choices. iron signal 1495 blends immersive worldbuilding with satisfying mechanics suitable for newcomers and veterans.",Teen,1,3.1
Mythic Forge 1496,Mythic Forge 1496 delivers an engaging experience that balances storytelling and gameplay in a rich setting. mythic forge 1496 mixes narrative and action in a polished package with memorable moments.,Teen,1,4.7
Silent Storm 1497,Play Silent Storm 1497 to test your reflexes and strategy across varied levels and scenarios.,Mature 17+,1,4.5
Frozen Sprint 1498,"Frozen Sprint 1498 mixes narrative and action in a polished package with memorable moments. in frozen sprint 1498, players navigate challenging environments while uncovering secrets and facing tough choices.",Mature 17+,1,3.3
Ancient Storm 1499,"Experience Ancient Storm 1499: a tense, skill-based game where decisions matter and every encounter counts.",Mature 17+,1,4.3
Galactic Sprint 1500,Galactic Sprint 1500 is a compact but deep adventure focused on exploration and character progression.,Everyone,1,3.5
Mythic Run 1501,Play Mythic Run 1501 to test your reflexes and strategy across varied levels and scenarios.,Everyone 10+,1,4.3
Ancient Chronicles 1502,"A stylish, focused title, Ancient Chronicles 1502 emphasizes creative problem solving and emergent play.",Everyone,1,3.5
Iron Sprint 1503,"A stylish, focused title, Iron Sprint 1503 emphasizes creative problem solving and emergent play.",Teen,2,4.0
Crimson Vanguard 1504,Crimson Vanguard 1504 blends immersive worldbuilding with satisfying mechanics suitable for newcomers and veterans.,Teen,1,2.5
Digital Legends 1505,Digital Legends 1505 is a compact but deep adventure focused on exploration and character progression.,Mature 17+,1,1.9
Crimson Rift 1506,Crimson Rift 1506 delivers an engaging experience that balances storytelling and gameplay in a rich setting.,Mature 17+,1,3.6
Neon Harbor 1507,Neon Harbor 1507 blends immersive worldbuilding with satisfying mechanics suitable for newcomers and veterans.,Everyone,3,1.7
Silent Run 1508,"In Silent Run 1508, players navigate challenging environments while uncovering secrets and facing tough choices.",Mature 17+,1,2.6
Broken Warden 1509,Play Broken Warden 1509 to test your reflexes and strategy across varied levels and scenarios.,Everyone,1,4.4
Digital Empire 1510,"Experience Digital Empire 1510: a tense, skill-based game where decisions matter and every encounter counts.",Mature 17+,1,3.9
Lunar Forge 1511,"In Lunar Forge 1511, players navigate challenging environments while uncovering secrets and facing tough choices. play lunar forge 1511 to test your reflexes and strategy across varied levels and scenarios.",Everyone,1,3.3
Dark Chronicles 1512,Dark Chronicles 1512 mixes narrative and action in a polished package with memorable moments.,Teen,1,4.5
Lost Sprint 1513,Lost Sprint 1513 delivers an engaging experience that balances storytelling and gameplay in a rich setting.,Rating Pending,1,4.7
Phantom Vanguard 1514,Phantom Vanguard 1514 is a compact but deep adventure focused on exploration and character progression.,Everyone,4,4.1
Hidden Sprint 1515,"Experience Hidden Sprint 1515: a tense, skill-based game where decisions matter and every encounter counts.",Everyone,1,3.6
Frozen Nomad 1516,Frozen Nomad 1516 mixes narrative and action in a polished package with memorable moments.,Everyone,2,3.7
Digital Rebellion 1517,Digital Rebellion 1517 is a compact but deep adventure focused on exploration and character progression. digital rebellion 1517 delivers an engaging experience that balances storytelling and gameplay in a rich setting.,Mature 17+,1,4.8
Neon Sprint 1518,Neon Sprint 1518 mixes narrative and action in a polished package with memorable moments.,Everyone 10+,1,2.5
Dark Horizons 1519,"A stylish, focused title, Dark Horizons 1519 emphasizes creative problem solving and emergent play.",Everyone,1,4.6
Silent Sprint 1520,Silent Sprint 1520 blends immersive worldbuilding with satisfying mechanics suitable for newcomers and veterans.,Teen,1,4.5
Ancient Awakening 1521,Ancient Awakening 1521 mixes narrative and action in a polished package with memorable moments.,Mature 17+,1,3.5
Secret Awakening 1522,Play Secret Awakening 1522 to test your reflexes and strategy across varied levels and scenarios.,Mature 17+,1,4.8
Golden Quest 1523,Golden Quest 1523 mixes narrative and action in a polished package with memorable moments.,Early Childhood,3,4.4
Solar Trial 1524,"In Solar Trial 1524, players navigate challenging environments while uncovering secrets and facing tough choices.",Mature 17+,1,4.0
Prime Fall 1525,"In Prime Fall 1525, players navigate challenging environments while uncovering secrets and facing tough choices. prime fall 1525 mixes narrative and action in a polished package with memorable moments.",Mature 17+,1,2.2
Mythic Saga 1526,"Experience Mythic Saga 1526: a tense, skill-based game where decisions matter and every encounter counts.",Early Childhood,1,2.8
Silent Beacon 1527,Silent Beacon 1527 blends immersive worldbuilding with satisfying mechanics suitable for newcomers and veterans.,Teen,1,2.0
Lost Echo 1528,"Experience Lost Echo 1528: a tense, skill-based game where decisions matter and every encounter counts.",Everyone,1,4.5
Wild Rebellion 1529,Wild Rebellion 1529 delivers an engaging experience that balances storytelling and gameplay in a rich setting.,Teen,1,4.6
Golden Saga 1530,"A stylish, focused title, Golden Saga 1530 emphasizes creative problem solving and emergent play.",Everyone,1,4.4
Frozen Origin 1531,"A stylish, focused title, Frozen Origin 1531 emphasizes creative problem solving and emergent play.",Everyone,1,4.2
Neon Legends 1532,Play Neon Legends 1532 to test your reflexes and strategy across varied levels and scenarios.,Rating Pending,1,4.1
Broken Forge 1533,"In Broken Forge 1533, players navigate challenging environments while uncovering secrets and facing tough choices.",Early Childhood,8,3.4
Last Origin 1534,Play Last Origin 1534 to test your reflexes and strategy across varied levels and scenarios.,Everyone,1,3.0
First Forge 1535,First Forge 1535 mixes narrative and action in a polished package with memorable moments.,Mature 17+,1,4.0
Rogue Fall 1536,Rogue Fall 1536 mixes narrative and action in a polished package with memorable moments.,Everyone 10+,1,3.7
Galactic Nomad 1537,"A stylish, focused title, Galactic Nomad 1537 emphasizes creative problem solving and emergent play. galactic nomad 1537 blends immersive worldbuilding with satisfying mechanics suitable for newcomers and veterans.",Mature 17+,1,4.1
Rogue Tides 1538,Rogue Tides 1538 delivers an engaging experience that balances storytelling and gameplay in a rich setting.,Mature 17+,1,3.5
Ancient Frontier 1539,Ancient Frontier 1539 delivers an engaging experience that balances storytelling and gameplay in a rich setting.,Everyone,1,3.8
Broken Quest 1540,Broken Quest 1540 delivers an engaging experience that balances storytelling and gameplay in a rich setting.,Everyone,1,4.7
Wild Frontier 1541,Play Wild Frontier 1541 to test your reflexes and strategy across varied levels and scenarios.,Mature 17+,1,2.6
Hidden Saga 1542,Hidden Saga 1542 is a compact but deep adventure focused on exploration and character progression. hidden saga 1542 blends immersive worldbuilding with satisfying mechanics suitable for newcomers and veterans.,Mature 17+,1,3.5
Eternal Legends 1543,"Play Eternal Legends 1543 to test your reflexes and strategy across varied levels and scenarios. in eternal legends 1543, players navigate challenging environments while uncovering secrets and facing tough choices.",Everyone,1,3.8
Infinite Empire 1544,Infinite Empire 1544 is a compact but deep adventure focused on exploration and character progression.,Mature 17+,1,2.3
Mythic Fall 1545,"Experience Mythic Fall 1545: a tense, skill-based game where decisions matter and every encounter counts.",Mature 17+,1,2.1
Vivid Run 1546,"Vivid Run 1546 delivers an engaging experience that balances storytelling and gameplay in a rich setting. a stylish, focused title, vivid run 1546 emphasizes creative problem solving and emergent play.",Everyone,1,3.7
Shadow Quest 1547,Shadow Quest 1547 blends immersive worldbuilding with satisfying mechanics suitable for newcomers and veterans. shadow quest 1547 is a compact but deep adventure focused on exploration and character progression.,Mature 17+,1,4.3
Vivid Signal 1548,Play Vivid Signal 1548 to test your reflexes and strategy across varied levels and scenarios. vivid signal 1548 blends immersive worldbuilding with satisfying mechanics suitable for newcomers and veterans.,Everyone,1,4.3
Crimson Warden 1549,Crimson Warden 1549 is a compact but deep adventure focused on exploration and character progression.,Everyone,1,3.3
Broken Vanguard 1550,Broken Vanguard 1550 delivers an engaging experience that balances storytelling and gameplay in a rich setting.,Everyone,1,4.4
First Origin 1551,"A stylish, focused title, First Origin 1551 emphasizes creative problem solving and emergent play.",Everyone,4,3.0
Frozen Nomad 1552,Play Frozen Nomad 1552 to test your reflexes and strategy across varied levels and scenarios.,Everyone,1,3.7
Crimson Horizons 1553,Crimson Horizons 1553 mixes narrative and action in a polished package with memorable moments.,Teen,1,4.4
Iron Saga 1554,"Experience Iron Saga 1554: a tense, skill-based game where decisions matter and every encounter counts.",Rating Pending,1,2.7
Golden Signal 1555,Golden Signal 1555 blends immersive worldbuilding with satisfying mechanics suitable for newcomers and veterans.,Everyone,1,3.8
Mythic Horizons 1556,Mythic Horizons 1556 delivers an engaging experience that balances storytelling and gameplay in a rich setting.,Teen,1,4.0
Dark Chronicles 1557,Dark Chronicles 1557 delivers an engaging experience that balances storytelling and gameplay in a rich setting.,Teen,1,3.3
Cyber Tides 1558,"In Cyber Tides 1558, players navigate challenging environments while uncovering secrets and facing tough choices.",Everyone,1,3.6
Wild Quest 1559,"A stylish, focused title, Wild Quest 1559 emphasizes creative problem solving and emergent play.",Everyone,1,2.8
Frozen Vanguard 1560,"Experience Frozen Vanguard 1560: a tense, skill-based game where decisions matter and every encounter counts.",Mature 17+,1,3.1
Rogue Empire 1561,"Rogue Empire 1561 delivers an engaging experience that balances storytelling and gameplay in a rich setting. in rogue empire 1561, players navigate challenging environments while uncovering secrets and facing tough choices.",Everyone 10+,2,4.1
Lost Awakening 1562,Play Lost Awakening 1562 to test your reflexes and strategy across varied levels and scenarios. lost awakening 1562 blends immersive worldbuilding with satisfying mechanics suitable for newcomers and veterans.,Everyone,2,4.1
Golden Run 1563,Play Golden Run 1563 to test your reflexes and strategy across varied levels and scenarios.,Mature 17+,1,4.4
Silent Warden 1564,"Experience Silent Warden 1564: a tense, skill-based game where decisions matter and every encounter counts.",Teen,1,3.7
Secret Rift 1565,Secret Rift 1565 blends immersive worldbuilding with satisfying mechanics suitable for newcomers and veterans. secret rift 1565 blends immersive worldbuilding with satisfying mechanics suitable for newcomers and veterans.,Teen,2,3.4
Golden Awakening 1566,Play Golden Awakening 1566 to test your reflexes and strategy across varied levels and scenarios.,Everyone 10+,1,3.9
Ancient Odyssey 1567,Ancient Odyssey 1567 delivers an engaging experience that balances storytelling and gameplay in a rich setting.,Everyone 10+,1,4.9
Vivid Frontier 1568,"A stylish, focused title, Vivid Frontier 1568 emphasizes creative problem solving and emergent play.",Everyone,1,4.0
Shadow Legends 1569,"Experience Shadow Legends 1569: a tense, skill-based game where decisions matter and every encounter counts.",Teen,1,4.2
Silent Storm 1570,Silent Storm 1570 delivers an engaging experience that balances storytelling and gameplay in a rich setting.,Teen,1,4.3
First Dreams 1571,Play First Dreams 1571 to test your reflexes and strategy across varied levels and scenarios.,Mature 17+,1,4.0
Phantom Fall 1572,Phantom Fall 1572 is a compact but deep adventure focused on exploration and character progression.,Teen,1,3.8
Rogue Empire 1573,Rogue Empire 1573 delivers an engaging experience that balances storytelling and gameplay in a rich setting.,Everyone,1,4.9
Cyber Empire 1574,Cyber Empire 1574 mixes narrative and action in a polished package with memorable moments.,Everyone,1,4.5
Digital Ascension 1575,Digital Ascension 1575 blends immersive worldbuilding with satisfying mechanics suitable for newcomers and veterans.,Everyone 10+,8,3.8
Frozen Dreams 1576,Play Frozen Dreams 1576 to test your reflexes and strategy across varied levels and scenarios.,Mature 17+,1,4.1
Ancient Awakening 1577,"Ancient Awakening 1577 delivers an engaging experience that balances storytelling and gameplay in a rich setting. experience ancient awakening 1577: a tense, skill-based game where decisions matter and every encounter counts.",Everyone 10+,2,4.7
Silent Fall 1578,"Silent Fall 1578 is a compact but deep adventure focused on exploration and character progression. a stylish, focused title, silent fall 1578 emphasizes creative problem solving and emergent play.",Rating Pending,4,4.1
Iron Saga 1579,Iron Saga 1579 delivers an engaging experience that balances storytelling and gameplay in a rich setting. iron saga 1579 mixes narrative and action in a polished package with memorable moments.,Mature 17+,1,3.7
Phantom Ascension 1580,"In Phantom Ascension 1580, players navigate challenging environments while uncovering secrets and facing tough choices.",Mature 17+,1,4.2
Hidden Warden 1581,Hidden Warden 1581 mixes narrative and action in a polished package with memorable moments. play hidden warden 1581 to test your reflexes and strategy across varied levels and scenarios.,Everyone 10+,1,4.0
Neon Rift 1582,"A stylish, focused title, Neon Rift 1582 emphasizes creative problem solving and emergent play. in neon rift 1582, players navigate challenging environments while uncovering secrets and facing tough choices.",Everyone 10+,1,3.5
Neon Frontier 1583,"A stylish, focused title, Neon Frontier 1583 emphasizes creative problem solving and emergent play.",Mature 17+,1,3.7
Galactic Frontier 1584,"A stylish, focused title, Galactic Frontier 1584 emphasizes creative problem solving and emergent play.",Mature 17+,1,4.7
Cyber Dreams 1585,Cyber Dreams 1585 blends immersive worldbuilding with satisfying mechanics suitable for newcomers and veterans.,Teen,2,3.8
Solar Origin 1586,"Experience Solar Origin 1586: a tense, skill-based game where decisions matter and every encounter counts.",Mature 17+,4,3.0
Ancient Dreams 1587,Ancient Dreams 1587 delivers an engaging experience that balances storytelling and gameplay in a rich setting.,Mature 17+,1,2.7
Phantom Legends 1588,"Phantom Legends 1588 is a compact but deep adventure focused on exploration and character progression. a stylish, focused title, phantom legends 1588 emphasizes creative problem solving and emergent play.",Teen,2,4.3
Frozen Run 1589,Frozen Run 1589 is a compact but deep adventure focused on exploration and character progression.,Everyone 10+,3,3.1
Iron Fall 1590,Play Iron Fall 1590 to test your reflexes and strategy across varied levels and scenarios.,Teen,8,4.0
Iron Empire 1591,"Experience Iron Empire 1591: a tense, skill-based game where decisions matter and every encounter counts. in iron empire 1591, players navigate challenging environments while uncovering secrets and facing tough choices.",Teen,1,4.4
Lost Empire 1592,Lost Empire 1592 delivers an engaging experience that balances storytelling and gameplay in a rich setting.,Everyone,1,3.0
Galactic Beacon 1593,Galactic Beacon 1593 blends immersive worldbuilding with satisfying mechanics suitable for newcomers and veterans. galactic beacon 1593 mixes narrative and action in a polished package with memorable moments.,Everyone 10+,1,3.3
Broken Trial 1594,Broken Trial 1594 mixes narrative and action in a polished package with memorable moments.,Mature 17+,1,4.3
Golden Tides 1595,Golden Tides 1595 is a compact but deep adventure focused on exploration and character progression. golden tides 1595 mixes narrative and action in a polished package with memorable moments.,Everyone 10+,1,3.3
Wild Legends 1596,Wild Legends 1596 delivers an engaging experience that balances storytelling and gameplay in a rich setting.,Everyone 10+,8,4.5
Neon Signal 1597,Neon Signal 1597 mixes narrative and action in a polished package with memorable moments.,Everyone,1,3.5
Iron Legends 1598,"In Iron Legends 1598, players navigate challenging environments while uncovering secrets and facing tough choices.",Everyone,1,3.4
Broken Run 1599,Broken Run 1599 blends immersive worldbuilding with satisfying mechanics suitable for newcomers and veterans.,Everyone,1,4.8
Broken Echo 1600,"In Broken Echo 1600, players navigate challenging environments while uncovering secrets and facing tough choices.",Mature 17+,1,3.3
Cyber Run 1601,Cyber Run 1601 blends immersive worldbuilding with satisfying mechanics suitable for newcomers and veterans. play cyber run 1601 to test your reflexes and strategy across varied levels and scenarios.,Mature 17+,4,3.4
First Warden 1602,First Warden 1602 is a compact but deep adventure focused on exploration and character progression.,Teen,1,4.7
Mythic Vanguard 1603,"In Mythic Vanguard 1603, players navigate challenging environments while uncovering secrets and facing tough choices. play mythic vanguard 1603 to test your reflexes and strategy across varied levels and scenarios.",Mature 17+,1,3.2
Broken Tides 1604,"A stylish, focused title, Broken Tides 1604 emphasizes creative problem solving and emergent play.",Everyone 10+,1,3.4
Lunar Tides 1605,Lunar Tides 1605 blends immersive worldbuilding with satisfying mechanics suitable for newcomers and veterans.,Adults Only 18+,3,3.6
Ancient Horizons 1606,Ancient Horizons 1606 mixes narrative and action in a polished package with memorable moments.,Mature 17+,1,3.9
Last Vanguard 1607,Last Vanguard 1607 is a compact but deep adventure focused on exploration and character progression. play last vanguard 1607 to test your reflexes and strategy across varied levels and scenarios.,Everyone,1,3.4
Mythic Horizons 1608,"In Mythic Horizons 1608, players navigate challenging environments while uncovering secrets and facing tough choices.",Everyone,1,3.6
Lunar Odyssey 1609,Lunar Odyssey 1609 blends immersive worldbuilding with satisfying mechanics suitable for newcomers and veterans.,Everyone,2,3.0
Rogue Origin 1610,"In Rogue Origin 1610, players navigate challenging environments while uncovering secrets and facing tough choices.",Everyone 10+,8,3.4
Prime Frontier 1611,Prime Frontier 1611 is a compact but deep adventure focused on exploration and character progression.,Mature 17+,1,3.5
Shadow Vanguard 1612,"A stylish, focused title, Shadow Vanguard 1612 emphasizes creative problem solving and emergent play. shadow vanguard 1612 delivers an engaging experience that balances storytelling and gameplay in a rich setting.",Everyone,1,4.1
Mythic Trial 1613,"Mythic Trial 1613 is a compact but deep adventure focused on exploration and character progression. in mythic trial 1613, players navigate challenging environments while uncovering secrets and facing tough choices.",Everyone,1,3.7
Silent Harbor 1614,"Experience Silent Harbor 1614: a tense, skill-based game where decisions matter and every encounter counts.",Rating Pending,1,4.6
Vivid Beacon 1615,"A stylish, focused title, Vivid Beacon 1615 emphasizes creative problem solving and emergent play. a stylish, focused title, vivid beacon 1615 emphasizes creative problem solving and emergent play.",Everyone,8,4.0
Secret Odyssey 1616,Secret Odyssey 1616 mixes narrative and action in a polished package with memorable moments.,Mature 17+,2,2.8
Neon Horizons 1617,"Experience Neon Horizons 1617: a tense, skill-based game where decisions matter and every encounter counts.",Everyone,4,4.0
Hidden Sprint 1618,Hidden Sprint 1618 is a compact but deep adventure focused on exploration and character progression.,Mature 17+,1,4.6
Solar Nomad 1619,Solar Nomad 1619 is a compact but deep adventure focused on exploration and character progression.,Everyone,1,4.4
Digital Vanguard 1620,"Digital Vanguard 1620 blends immersive worldbuilding with satisfying mechanics suitable for newcomers and veterans. in digital vanguard 1620, players navigate challenging environments while uncovering secrets and facing tough choices.",Mature 17+,1,3.3
Eternal Harbor 1621,Eternal Harbor 1621 is a compact but deep adventure focused on exploration and character progression.,Everyone,1,4.6
Lost Vanguard 1622,Lost Vanguard 1622 is a compact but deep adventure focused on exploration and character progression.,Everyone,1,4.0
Golden Echo 1623,Golden Echo 1623 is a compact but deep adventure focused on exploration and character progression.,Rating Pending,1,4.7
Iron Sprint 1624,"Iron Sprint 1624 is a compact but deep adventure focused on exploration and character progression. a stylish, focused title, iron sprint 1624 emphasizes creative problem solving and emergent play.",Everyone,1,4.7
First Run 1625,"A stylish, focused title, First Run 1625 emphasizes creative problem solving and emergent play.",Mature 17+,1,4.3
Phantom Warden 1626,"In Phantom Warden 1626, players navigate challenging environments while uncovering secrets and facing tough choices.",Rating Pending,1,3.4
Cyber Legends 1627,"Experience Cyber Legends 1627: a tense, skill-based game where decisions matter and every encounter counts.",Everyone,1,3.0
Lunar Rift 1628,"Experience Lunar Rift 1628: a tense, skill-based game where decisions matter and every encounter counts.",Teen,1,4.1
Eternal Empire 1629,Eternal Empire 1629 mixes narrative and action in a polished package with memorable moments.,Everyone 10+,1,2.8
Digital Beacon 1630,Digital Beacon 1630 is a compact but deep adventure focused on exploration and character progression.,Teen,1,4.0
Infinite Realm 1631,Infinite Realm 1631 is a compact but deep adventure focused on exploration and character progression. play infinite realm 1631 to test your reflexes and strategy across varied levels and scenarios.,Everyone 10+,1,4.0
Dark Saga 1632,"Experience Dark Saga 1632: a tense, skill-based game where decisions matter and every encounter counts.",Teen,1,2.6
Broken Rebellion 1633,Broken Rebellion 1633 blends immersive worldbuilding with satisfying mechanics suitable for newcomers and veterans.,Teen,1,3.2
Galactic Rebellion 1634,Galactic Rebellion 1634 mixes narrative and action in a polished package with memorable moments.,Teen,1,3.2
Last Realm 1635,Last Realm 1635 mixes narrative and action in a polished package with memorable moments. last realm 1635 blends immersive worldbuilding with satisfying mechanics suitable for newcomers and veterans.,Mature 17+,1,2.9
Shadow Tides 1636,"In Shadow Tides 1636, players navigate challenging environments while uncovering secrets and facing tough choices.",Everyone 10+,1,3.2
Phantom Run 1637,"In Phantom Run 1637, players navigate challenging environments while uncovering secrets and facing tough choices.",Everyone 10+,8,4.0
Golden Forge 1638,Golden Forge 1638 delivers an engaging experience that balances storytelling and gameplay in a rich setting.,Early Childhood,1,3.3
Vivid Harbor 1639,"In Vivid Harbor 1639, players navigate challenging environments while uncovering secrets and facing tough choices. in vivid harbor 1639, players navigate challenging environments while uncovering secrets and facing tough choices.",Everyone,1,2.9
First Empire 1640,First Empire 1640 mixes narrative and action in a polished package with memorable moments.,Teen,1,2.9
Last Legends 1641,Last Legends 1641 mixes narrative and action in a polished package with memorable moments.,Teen,1,4.6
Iron Realm 1642,Iron Realm 1642 delivers an engaging experience that balances storytelling and gameplay in a rich setting.,Everyone 10+,1,3.6
Ancient Origin 1643,"Experience Ancient Origin 1643: a tense, skill-based game where decisions matter and every encounter counts.",Mature 17+,8,3.7
Prime Horizons 1644,"In Prime Horizons 1644, players navigate challenging environments while uncovering secrets and facing tough choices.",Teen,1,3.6
Iron Fall 1645,"Play Iron Fall 1645 to test your reflexes and strategy across varied levels and scenarios. in iron fall 1645, players navigate challenging environments while uncovering secrets and facing tough choices.",Everyone,1,4.8
Broken Echo 1646,Broken Echo 1646 mixes narrative and action in a polished package with memorable moments.,Everyone,1,4.7
Wild Ascension 1647,"A stylish, focused title, Wild Ascension 1647 emphasizes creative problem solving and emergent play.",Everyone,1,3.6
Broken Ascension 1648,Broken Ascension 1648 blends immersive worldbuilding with satisfying mechanics suitable for newcomers and veterans.,Everyone,3,4.2
Rogue Rift 1649,"Experience Rogue Rift 1649: a tense, skill-based game where decisions matter and every encounter counts.",Everyone,1,4.1
Phantom Forge 1650,Play Phantom Forge 1650 to test your reflexes and strategy across varied levels and scenarios. phantom forge 1650 mixes narrative and action in a polished package with memorable moments.,Everyone,1,3.6
First Rift 1651,Play First Rift 1651 to test your reflexes and strategy across varied levels and scenarios. first rift 1651 is a compact but deep adventure focused on exploration and character progression.,Teen,1,4.6
Secret Trial 1652,Secret Trial 1652 blends immersive worldbuilding with satisfying mechanics suitable for newcomers and veterans.,Teen,1,4.1
Last Storm 1653,Last Storm 1653 mixes narrative and action in a polished package with memorable moments.,Everyone,8,4.5
Neon Horizons 1654,"In Neon Horizons 1654, players navigate challenging environments while uncovering secrets and facing tough choices.",Everyone,1,4.4
Frozen Quest 1655,Frozen Quest 1655 blends immersive worldbuilding with satisfying mechanics suitable for newcomers and veterans.,Teen,1,4.6
Hidden Ascension 1656,Hidden Ascension 1656 is a compact but deep adventure focused on exploration and character progression. hidden ascension 1656 delivers an engaging experience that balances storytelling and gameplay in a rich setting.,Teen,1,2.7
Mythic Quest 1657,Mythic Quest 1657 blends immersive worldbuilding with satisfying mechanics suitable for newcomers and veterans. mythic quest 1657 is a compact but deep adventure focused on exploration and character progression.,Everyone,1,4.8
Mythic Nomad 1658,"In Mythic Nomad 1658, players navigate challenging environments while uncovering secrets and facing tough choices.",Mature 17+,1,3.9
Mythic Beacon 1659,Mythic Beacon 1659 mixes narrative and action in a polished package with memorable moments.,Teen,1,4.0
Frozen Beacon 1660,Frozen Beacon 1660 blends immersive worldbuilding with satisfying mechanics suitable for newcomers and veterans.,Everyone,1,4.7
Last Horizons 1661,"Play Last Horizons 1661 to test your reflexes and strategy across varied levels and scenarios. in last horizons 1661, players navigate challenging environments while uncovering secrets and facing tough choices.",Everyone,3,4.2
Broken Horizons 1662,"Experience Broken Horizons 1662: a tense, skill-based game where decisions matter and every encounter counts.",Everyone 10+,1,2.3
Rogue Ascension 1663,"In Rogue Ascension 1663, players navigate challenging environments while uncovering secrets and facing tough choices.",Teen,8,4.0
Solar Harbor 1664,Play Solar Harbor 1664 to test your reflexes and strategy across varied levels and scenarios.,Everyone,1,3.1
Hidden Awakening 1665,"Hidden Awakening 1665 is a compact but deep adventure focused on exploration and character progression. experience hidden awakening 1665: a tense, skill-based game where decisions matter and every encounter counts.",Everyone,1,4.0
Infinite Vanguard 1666,Infinite Vanguard 1666 mixes narrative and action in a polished package with memorable moments.,Mature 17+,3,4.9
Prime Ascension 1667,Play Prime Ascension 1667 to test your reflexes and strategy across varied levels and scenarios.,Mature 17+,1,3.2
Cyber Signal 1668,Cyber Signal 1668 blends immersive worldbuilding with satisfying mechanics suitable for newcomers and veterans. cyber signal 1668 blends immersive worldbuilding with satisfying mechanics suitable for newcomers and veterans.,Everyone,1,4.2
Cyber Warden 1669,Play Cyber Warden 1669 to test your reflexes and strategy across varied levels and scenarios.,Everyone,4,4.0
Rogue Nomad 1670,Rogue Nomad 1670 is a compact but deep adventure focused on exploration and character progression. rogue nomad 1670 is a compact but deep adventure focused on exploration and character progression.,Teen,1,2.4
Solar Legends 1671,"Experience Solar Legends 1671: a tense, skill-based game where decisions matter and every encounter counts.",Everyone,1,4.6
Mythic Empire 1672,Mythic Empire 1672 mixes narrative and action in a polished package with memorable moments.,Everyone 10+,3,3.2
Mythic Beacon 1673,Mythic Beacon 1673 delivers an engaging experience that balances storytelling and gameplay in a rich setting. play mythic beacon 1673 to test your reflexes and strategy across varied levels and scenarios.,Everyone,1,4.0
Silent Dreams 1674,Silent Dreams 1674 blends immersive worldbuilding with satisfying mechanics suitable for newcomers and veterans.,Everyone,1,3.5
Wild Sprint 1675,Wild Sprint 1675 delivers an engaging experience that balances storytelling and gameplay in a rich setting. wild sprint 1675 is a compact but deep adventure focused on exploration and character progression.,Rating Pending,1,3.6
Hidden Harbor 1676,Hidden Harbor 1676 mixes narrative and action in a polished package with memorable moments.,Everyone,3,3.3
Golden Realm 1677,"A stylish, focused title, Golden Realm 1677 emphasizes creative problem solving and emergent play.",Everyone,1,3.3
Frozen Warden 1678,Frozen Warden 1678 delivers an engaging experience that balances storytelling and gameplay in a rich setting.,Teen,1,3.8
Ancient Storm 1679,Ancient Storm 1679 is a compact but deep adventure focused on exploration and character progression.,Mature 17+,1,2.6
Ancient Beacon 1680,Play Ancient Beacon 1680 to test your reflexes and strategy across varied levels and scenarios.,Mature 17+,1,3.0
Hidden Legends 1681,"A stylish, focused title, Hidden Legends 1681 emphasizes creative problem solving and emergent play. experience hidden legends 1681: a tense, skill-based game where decisions matter and every encounter counts.",Teen,1,4.1
Infinite Run 1682,"Infinite Run 1682 delivers an engaging experience that balances storytelling and gameplay in a rich setting. a stylish, focused title, infinite run 1682 emphasizes creative problem solving and emergent play.",Rating Pending,1,4.0
First Vanguard 1683,First Vanguard 1683 delivers an engaging experience that balances storytelling and gameplay in a rich setting.,Mature 17+,3,4.3
Eternal Quest 1684,"Experience Eternal Quest 1684: a tense, skill-based game where decisions matter and every encounter counts.",Everyone 10+,1,4.2
Lost Rift 1685,"In Lost Rift 1685, players navigate challenging environments while uncovering secrets and facing tough choices.",Everyone,1,4.3
Silent Tides 1686,"A stylish, focused title, Silent Tides 1686 emphasizes creative problem solving and emergent play. silent tides 1686 delivers an engaging experience that balances storytelling and gameplay in a rich setting.",Everyone 10+,1,3.6
Eternal Sprint 1687,Eternal Sprint 1687 blends immersive worldbuilding with satisfying mechanics suitable for newcomers and veterans.,Teen,2,5.0
Eternal Empire 1688,"Experience Eternal Empire 1688: a tense, skill-based game where decisions matter and every encounter counts. eternal empire 1688 blends immersive worldbuilding with satisfying mechanics suitable for newcomers and veterans.",Everyone,1,3.8
Infinite Rebellion 1689,"Play Infinite Rebellion 1689 to test your reflexes and strategy across varied levels and scenarios. a stylish, focused title, infinite rebellion 1689 emphasizes creative problem solving and emergent play.",Everyone,1,4.4
Broken Beacon 1690,Play Broken Beacon 1690 to test your reflexes and strategy across varied levels and scenarios. play broken beacon 1690 to test your reflexes and strategy across varied levels and scenarios.,Everyone,1,3.6
Golden Frontier 1691,Play Golden Frontier 1691 to test your reflexes and strategy across varied levels and scenarios.,Everyone,1,4.4
Prime Nomad 1692,"Prime Nomad 1692 is a compact but deep adventure focused on exploration and character progression. in prime nomad 1692, players navigate challenging environments while uncovering secrets and facing tough choices.",Mature 17+,1,4.1
Galactic Odyssey 1693,Galactic Odyssey 1693 is a compact but deep adventure focused on exploration and character progression. galactic odyssey 1693 blends immersive worldbuilding with satisfying mechanics suitable for newcomers and veterans.,Everyone,1,4.4
Ancient Echo 1694,Play Ancient Echo 1694 to test your reflexes and strategy across varied levels and scenarios.,Teen,1,3.1
Shadow Sprint 1695,Shadow Sprint 1695 mixes narrative and action in a polished package with memorable moments. shadow sprint 1695 blends immersive worldbuilding with satisfying mechanics suitable for newcomers and veterans.,Teen,8,3.3
Silent Signal 1696,Silent Signal 1696 delivers an engaging experience that balances storytelling and gameplay in a rich setting.,Teen,1,3.1
Golden Horizons 1697,"Golden Horizons 1697 delivers an engaging experience that balances storytelling and gameplay in a rich setting. experience golden horizons 1697: a tense, skill-based game where decisions matter and every encounter counts.",Mature 17+,1,4.4
Secret Realm 1698,"In Secret Realm 1698, players navigate challenging environments while uncovering secrets and facing tough choices.",Teen,4,4.0
Phantom Awakening 1699,"In Phantom Awakening 1699, players navigate challenging environments while uncovering secrets and facing tough choices.",Everyone,1,4.2
Broken Awakening 1700,Broken Awakening 1700 is a compact but deep adventure focused on exploration and character progression.,Teen,1,3.7
Secret Empire 1701,"A stylish, focused title, Secret Empire 1701 emphasizes creative problem solving and emergent play.",Teen,4,3.9
Phantom Chronicles 1702,Phantom Chronicles 1702 mixes narrative and action in a polished package with memorable moments.,Mature 17+,1,4.2
Secret Vanguard 1703,Secret Vanguard 1703 is a compact but deep adventure focused on exploration and character progression.,Everyone 10+,1,3.5
Eternal Ascension 1704,Eternal Ascension 1704 blends immersive worldbuilding with satisfying mechanics suitable for newcomers and veterans. eternal ascension 1704 blends immersive worldbuilding with satisfying mechanics suitable for newcomers and veterans.,Teen,1,3.1
First Harbor 1705,"In First Harbor 1705, players navigate challenging environments while uncovering secrets and facing tough choices. a stylish, focused title, first harbor 1705 emphasizes creative problem solving and emergent play.",Everyone,1,3.7
Vivid Empire 1706,"In Vivid Empire 1706, players navigate challenging environments while uncovering secrets and facing tough choices.",Teen,1,3.7
Crimson Rebellion 1707,Crimson Rebellion 1707 is a compact but deep adventure focused on exploration and character progression.,Everyone,1,3.8
Silent Warden 1708,"Experience Silent Warden 1708: a tense, skill-based game where decisions matter and every encounter counts.",Early Childhood,1,4.2
Crimson Empire 1709,"Experience Crimson Empire 1709: a tense, skill-based game where decisions matter and every encounter counts.",Early Childhood,1,3.2
Lunar Fall 1710,Lunar Fall 1710 delivers an engaging experience that balances storytelling and gameplay in a rich setting. lunar fall 1710 mixes narrative and action in a polished package with memorable moments.,Teen,1,4.6
Solar Horizons 1711,"Experience Solar Horizons 1711: a tense, skill-based game where decisions matter and every encounter counts.",Teen,4,4.6
Crimson Harbor 1712,"In Crimson Harbor 1712, players navigate challenging environments while uncovering secrets and facing tough choices.",Teen,4,4.4
Vivid Awakening 1713,Vivid Awakening 1713 blends immersive worldbuilding with satisfying mechanics suitable for newcomers and veterans.,Everyone,8,4.0
Silent Empire 1714,"In Silent Empire 1714, players navigate challenging environments while uncovering secrets and facing tough choices.",Mature 17+,1,3.6
Dark Awakening 1715,"In Dark Awakening 1715, players navigate challenging environments while uncovering secrets and facing tough choices.",Everyone 10+,8,4.3
Digital Run 1716,"A stylish, focused title, Digital Run 1716 emphasizes creative problem solving and emergent play.",Teen,1,4.7
Infinite Origin 1717,"Infinite Origin 1717 blends immersive worldbuilding with satisfying mechanics suitable for newcomers and veterans. in infinite origin 1717, players navigate challenging environments while uncovering secrets and facing tough choices.",Teen,1,3.9
Mythic Saga 1718,"In Mythic Saga 1718, players navigate challenging environments while uncovering secrets and facing tough choices.",Teen,1,3.5
Secret Ascension 1719,"A stylish, focused title, Secret Ascension 1719 emphasizes creative problem solving and emergent play. secret ascension 1719 delivers an engaging experience that balances storytelling and gameplay in a rich setting.",Rating Pending,2,3.7
Iron Horizons 1720,Iron Horizons 1720 mixes narrative and action in a polished package with memorable moments.,Teen,1,3.8
Silent Legends 1721,Silent Legends 1721 is a compact but deep adventure focused on exploration and character progression.,Everyone,1,3.2
Vivid Tides 1722,Vivid Tides 1722 is a compact but deep adventure focused on exploration and character progression.,Teen,1,3.8
Wild Storm 1723,"Wild Storm 1723 blends immersive worldbuilding with satisfying mechanics suitable for newcomers and veterans. a stylish, focused title, wild storm 1723 emphasizes creative problem solving and emergent play.",Teen,1,3.8
Frozen Trial 1724,Play Frozen Trial 1724 to test your reflexes and strategy across varied levels and scenarios.,Mature 17+,1,4.2
Infinite Origin 1725,"Infinite Origin 1725 blends immersive worldbuilding with satisfying mechanics suitable for newcomers and veterans. a stylish, focused title, infinite origin 1725 emphasizes creative problem solving and emergent play.",Everyone,4,4.0
Crimson Harbor 1726,Crimson Harbor 1726 delivers an engaging experience that balances storytelling and gameplay in a rich setting.,Everyone,1,2.6
Wild Sprint 1727,Play Wild Sprint 1727 to test your reflexes and strategy across varied levels and scenarios.,Everyone,2,3.5
Hidden Beacon 1728,Hidden Beacon 1728 blends immersive worldbuilding with satisfying mechanics suitable for newcomers and veterans.,Mature 17+,1,4.6
Crimson Odyssey 1729,"Experience Crimson Odyssey 1729: a tense, skill-based game where decisions matter and every encounter counts.",Mature 17+,1,3.5
First Origin 1730,"A stylish, focused title, First Origin 1730 emphasizes creative problem solving and emergent play.",Mature 17+,8,4.2
Solar Awakening 1731,Solar Awakening 1731 mixes narrative and action in a polished package with memorable moments. play solar awakening 1731 to test your reflexes and strategy across varied levels and scenarios.,Teen,1,3.7
Digital Rift 1732,Digital Rift 1732 blends immersive worldbuilding with satisfying mechanics suitable for newcomers and veterans.,Teen,1,3.9
Phantom Realm 1733,"Phantom Realm 1733 delivers an engaging experience that balances storytelling and gameplay in a rich setting. experience phantom realm 1733: a tense, skill-based game where decisions matter and every encounter counts.",Everyone 10+,2,3.4
Crimson Run 1734,Crimson Run 1734 blends immersive worldbuilding with satisfying mechanics suitable for newcomers and veterans. crimson run 1734 delivers an engaging experience that balances storytelling and gameplay in a rich setting.,Everyone 10+,1,4.0
Vivid Sprint 1735,Vivid Sprint 1735 mixes narrative and action in a polished package with memorable moments.,Everyone,8,4.9
Silent Fall 1736,Silent Fall 1736 blends immersive worldbuilding with satisfying mechanics suitable for newcomers and veterans.,Everyone,1,3.8
Lunar Rebellion 1737,Play Lunar Rebellion 1737 to test your reflexes and strategy across varied levels and scenarios.,Everyone,1,2.5
Iron Origin 1738,"Play Iron Origin 1738 to test your reflexes and strategy across varied levels and scenarios. in iron origin 1738, players navigate challenging environments while uncovering secrets and facing tough choices.",Rating Pending,1,4.6
Silent Fall 1739,"Silent Fall 1739 delivers an engaging experience that balances storytelling and gameplay in a rich setting. experience silent fall 1739: a tense, skill-based game where decisions matter and every encounter counts.",Everyone 10+,1,4.9
Prime Frontier 1740,"A stylish, focused title, Prime Frontier 1740 emphasizes creative problem solving and emergent play. prime frontier 1740 is a compact but deep adventure focused on exploration and character progression.",Teen,1,3.3
Crimson Legends 1741,"Experience Crimson Legends 1741: a tense, skill-based game where decisions matter and every encounter counts.",Teen,1,4.3
Golden Origin 1742,Golden Origin 1742 is a compact but deep adventure focused on exploration and character progression.,Everyone 10+,1,3.9
Eternal Odyssey 1743,"In Eternal Odyssey 1743, players navigate challenging environments while uncovering secrets and facing tough choices. eternal odyssey 1743 delivers an engaging experience that balances storytelling and gameplay in a rich setting.",Teen,1,4.2
Hidden Fall 1744,Hidden Fall 1744 blends immersive worldbuilding with satisfying mechanics suitable for newcomers and veterans.,Mature 17+,1,3.8
Eternal Saga 1745,"Eternal Saga 1745 blends immersive worldbuilding with satisfying mechanics suitable for newcomers and veterans. a stylish, focused title, eternal saga 1745 emphasizes creative problem solving and emergent play.",Everyone,1,4.1
Phantom Storm 1746,"Experience Phantom Storm 1746: a tense, skill-based game where decisions matter and every encounter counts. experience phantom storm 1746: a tense, skill-based game where decisions matter and every encounter counts.",Teen,1,4.1
Broken Awakening 1747,"In Broken Awakening 1747, players navigate challenging environments while uncovering secrets and facing tough choices.",Everyone,1,4.5
Digital Harbor 1748,"A stylish, focused title, Digital Harbor 1748 emphasizes creative problem solving and emergent play.",Mature 17+,4,3.1
Digital Odyssey 1749,Digital Odyssey 1749 delivers an engaging experience that balances storytelling and gameplay in a rich setting.,Teen,1,4.6
Hidden Sprint 1750,Hidden Sprint 1750 mixes narrative and action in a polished package with memorable moments.,Teen,8,3.4
Rogue Beacon 1751,"In Rogue Beacon 1751, players navigate challenging environments while uncovering secrets and facing tough choices.",Mature 17+,1,4.4
Eternal Empire 1752,"In Eternal Empire 1752, players navigate challenging environments while uncovering secrets and facing tough choices.",Teen,1,3.2
Prime Frontier 1753,Prime Frontier 1753 blends immersive worldbuilding with satisfying mechanics suitable for newcomers and veterans. prime frontier 1753 mixes narrative and action in a polished package with memorable moments.,Everyone,1,3.4
Wild Awakening 1754,Wild Awakening 1754 delivers an engaging experience that balances storytelling and gameplay in a rich setting.,Everyone,1,3.8
Crimson Fall 1755,"Experience Crimson Fall 1755: a tense, skill-based game where decisions matter and every encounter counts.",Teen,1,2.9
Prime Tides 1756,Prime Tides 1756 blends immersive worldbuilding with satisfying mechanics suitable for newcomers and veterans.,Everyone,1,2.9
Silent Signal 1757,"A stylish, focused title, Silent Signal 1757 emphasizes creative problem solving and emergent play.",Everyone 10+,1,4.0
Last Nomad 1758,Last Nomad 1758 is a compact but deep adventure focused on exploration and character progression.,Mature 17+,2,2.8
Mythic Beacon 1759,"In Mythic Beacon 1759, players navigate challenging environments while uncovering secrets and facing tough choices.",Everyone,1,4.1
Infinite Sprint 1760,Infinite Sprint 1760 delivers an engaging experience that balances storytelling and gameplay in a rich setting.,Mature 17+,1,4.1
Mythic Dreams 1761,Mythic Dreams 1761 mixes narrative and action in a polished package with memorable moments.,Mature 17+,1,4.6
Neon Quest 1762,Neon Quest 1762 delivers an engaging experience that balances storytelling and gameplay in a rich setting. play neon quest 1762 to test your reflexes and strategy across varied levels and scenarios.,Mature 17+,2,4.0
Eternal Legends 1763,"In Eternal Legends 1763, players navigate challenging environments while uncovering secrets and facing tough choices.",Mature 17+,1,3.3
Golden Legends 1764,Golden Legends 1764 is a compact but deep adventure focused on exploration and character progression.,Teen,1,2.7
Wild Harbor 1765,"Experience Wild Harbor 1765: a tense, skill-based game where decisions matter and every encounter counts. play wild harbor 1765 to test your reflexes and strategy across varied levels and scenarios.",Everyone,3,4.9
Neon Dreams 1766,Neon Dreams 1766 delivers an engaging experience that balances storytelling and gameplay in a rich setting.,Teen,1,4.5
Shadow Beacon 1767,Shadow Beacon 1767 delivers an engaging experience that balances storytelling and gameplay in a rich setting. shadow beacon 1767 is a compact but deep adventure focused on exploration and character progression.,Mature 17+,8,4.0
Ancient Horizons 1768,Ancient Horizons 1768 mixes narrative and action in a polished package with memorable moments. ancient horizons 1768 delivers an engaging experience that balances storytelling and gameplay in a rich setting.,Mature 17+,1,3.9
Phantom Ascension 1769,Phantom Ascension 1769 blends immersive worldbuilding with satisfying mechanics suitable for newcomers and veterans.,Mature 17+,1,4.8
Solar Rift 1770,"A stylish, focused title, Solar Rift 1770 emphasizes creative problem solving and emergent play. solar rift 1770 mixes narrative and action in a polished package with memorable moments.",Everyone,1,2.9
Lunar Realm 1771,"Experience Lunar Realm 1771: a tense, skill-based game where decisions matter and every encounter counts. experience lunar realm 1771: a tense, skill-based game where decisions matter and every encounter counts.",Mature 17+,1,3.0
Phantom Quest 1772,"In Phantom Quest 1772, players navigate challenging environments while uncovering secrets and facing tough choices.",Rating Pending,1,2.5
Prime Nomad 1773,"Experience Prime Nomad 1773: a tense, skill-based game where decisions matter and every encounter counts.",Teen,1,3.4
Neon Forge 1774,"Experience Neon Forge 1774: a tense, skill-based game where decisions matter and every encounter counts.",Everyone,1,3.6
Solar Chronicles 1775,"Experience Solar Chronicles 1775: a tense, skill-based game where decisions matter and every encounter counts.",Teen,1,3.1
Iron Saga 1776,Iron Saga 1776 delivers an engaging experience that balances storytelling and gameplay in a rich setting.,Teen,1,4.5
Iron Beacon 1777,Iron Beacon 1777 delivers an engaging experience that balances storytelling and gameplay in a rich setting.,Rating Pending,1,4.6
Rogue Chronicles 1778,Rogue Chronicles 1778 delivers an engaging experience that balances storytelling and gameplay in a rich setting.,Teen,1,3.8
Digital Frontier 1779,"In Digital Frontier 1779, players navigate challenging environments while uncovering secrets and facing tough choices.",Teen,1,4.1
Lost Warden 1780,Lost Warden 1780 delivers an engaging experience that balances storytelling and gameplay in a rich setting.,Everyone 10+,1,4.1
Ancient Signal 1781,Ancient Signal 1781 delivers an engaging experience that balances storytelling and gameplay in a rich setting.,Everyone,1,4.3
Iron Realm 1782,Play Iron Realm 1782 to test your reflexes and strategy across varied levels and scenarios.,Everyone 10+,2,4.2
Digital Ascension 1783,Digital Ascension 1783 is a compact but deep adventure focused on exploration and character progression.,Everyone,1,3.6
Galactic Echo 1784,"In Galactic Echo 1784, players navigate challenging environments while uncovering secrets and facing tough choices.",Mature 17+,3,4.8
Broken Forge 1785,"Experience Broken Forge 1785: a tense, skill-based game where decisions matter and every encounter counts.",Mature 17+,4,4.0
Iron Saga 1786,"Experience Iron Saga 1786: a tense, skill-based game where decisions matter and every encounter counts.",Everyone,1,4.3
Infinite Rift 1787,Infinite Rift 1787 delivers an engaging experience that balances storytelling and gameplay in a rich setting.,Teen,1,4.7
Frozen Beacon 1788,Frozen Beacon 1788 blends immersive worldbuilding with satisfying mechanics suitable for newcomers and veterans.,Rating Pending,8,2.7
Digital Horizons 1789,Digital Horizons 1789 is a compact but deep adventure focused on exploration and character progression. digital horizons 1789 blends immersive worldbuilding with satisfying mechanics suitable for newcomers and veterans.,Everyone,1,3.9
Silent Signal 1790,Play Silent Signal 1790 to test your reflexes and strategy across varied levels and scenarios.,Everyone,1,2.6
Iron Saga 1791,Iron Saga 1791 is a compact but deep adventure focused on exploration and character progression. iron saga 1791 blends immersive worldbuilding with satisfying mechanics suitable for newcomers and veterans.,Teen,1,4.0
Solar Empire 1792,Solar Empire 1792 blends immersive worldbuilding with satisfying mechanics suitable for newcomers and veterans.,Teen,1,3.4
Wild Legends 1793,Wild Legends 1793 is a compact but deep adventure focused on exploration and character progression. wild legends 1793 delivers an engaging experience that balances storytelling and gameplay in a rich setting.,Everyone,4,4.7
Iron Rebellion 1794,Iron Rebellion 1794 delivers an engaging experience that balances storytelling and gameplay in a rich setting. iron rebellion 1794 blends immersive worldbuilding with satisfying mechanics suitable for newcomers and veterans.,Everyone 10+,1,4.1
Wild Vanguard 1795,Wild Vanguard 1795 mixes narrative and action in a polished package with memorable moments.,Teen,1,4.9
Lost Ascension 1796,"Experience Lost Ascension 1796: a tense, skill-based game where decisions matter and every encounter counts.",Mature 17+,1,3.3
Wild Rift 1797,"Wild Rift 1797 delivers an engaging experience that balances storytelling and gameplay in a rich setting. a stylish, focused title, wild rift 1797 emphasizes creative problem solving and emergent play.",Teen,1,4.0
Solar Awakening 1798,"Solar Awakening 1798 delivers an engaging experience that balances storytelling and gameplay in a rich setting. a stylish, focused title, solar awakening 1798 emphasizes creative problem solving and emergent play.",Everyone,1,3.1
First Odyssey 1799,"In First Odyssey 1799, players navigate challenging environments while uncovering secrets and facing tough choices. first odyssey 1799 mixes narrative and action in a polished package with memorable moments.",Teen,1,4.0
Cyber Storm 1800,"In Cyber Storm 1800, players navigate challenging environments while uncovering secrets and facing tough choices. cyber storm 1800 blends immersive worldbuilding with satisfying mechanics suitable for newcomers and veterans.",Everyone,8,3.5
Lunar Odyssey 1801,"In Lunar Odyssey 1801, players navigate challenging environments while uncovering secrets and facing tough choices.",Teen,8,3.2
First Realm 1802,First Realm 1802 mixes narrative and action in a polished package with memorable moments. first realm 1802 is a compact but deep adventure focused on exploration and character progression.,Mature 17+,1,4.4
Digital Chronicles 1803,Digital Chronicles 1803 delivers an engaging experience that balances storytelling and gameplay in a rich setting. digital chronicles 1803 is a compact but deep adventure focused on exploration and character progression.,Everyone,1,3.7
Lost Rebellion 1804,Lost Rebellion 1804 delivers an engaging experience that balances storytelling and gameplay in a rich setting.,Everyone,3,2.8
Rogue Beacon 1805,Play Rogue Beacon 1805 to test your reflexes and strategy across varied levels and scenarios. rogue beacon 1805 is a compact but deep adventure focused on exploration and character progression.,Teen,1,4.1
Silent Ascension 1806,"In Silent Ascension 1806, players navigate challenging environments while uncovering secrets and facing tough choices.",Everyone,1,4.2
Lost Signal 1807,Lost Signal 1807 blends immersive worldbuilding with satisfying mechanics suitable for newcomers and veterans.,Mature 17+,3,2.7
Silent Horizons 1808,"Silent Horizons 1808 mixes narrative and action in a polished package with memorable moments. a stylish, focused title, silent horizons 1808 emphasizes creative problem solving and emergent play.",Everyone 10+,1,2.8
Lost Awakening 1809,"Experience Lost Awakening 1809: a tense, skill-based game where decisions matter and every encounter counts.",Teen,8,2.9
Shadow Echo 1810,Shadow Echo 1810 mixes narrative and action in a polished package with memorable moments.,Mature 17+,1,3.5
Phantom Legends 1811,"Experience Phantom Legends 1811: a tense, skill-based game where decisions matter and every encounter counts.",Everyone,1,3.8
Phantom Sprint 1812,Phantom Sprint 1812 mixes narrative and action in a polished package with memorable moments.,Everyone 10+,1,3.6
First Sprint 1813,Play First Sprint 1813 to test your reflexes and strategy across varied levels and scenarios.,Early Childhood,1,4.8
Shadow Dreams 1814,"Experience Shadow Dreams 1814: a tense, skill-based game where decisions matter and every encounter counts.",Mature 17+,8,3.8
Silent Fall 1815,"In Silent Fall 1815, players navigate challenging environments while uncovering secrets and facing tough choices. in silent fall 1815, players navigate challenging environments while uncovering secrets and facing tough choices.",Everyone 10+,1,4.6
Wild Forge 1816,Wild Forge 1816 is a compact but deep adventure focused on exploration and character progression.,Everyone,1,4.3
Cyber Fall 1817,"A stylish, focused title, Cyber Fall 1817 emphasizes creative problem solving and emergent play.",Teen,1,4.2
Silent Rift 1818,"In Silent Rift 1818, players navigate challenging environments while uncovering secrets and facing tough choices.",Mature 17+,1,4.3
Prime Forge 1819,Prime Forge 1819 blends immersive worldbuilding with satisfying mechanics suitable for newcomers and veterans.,Everyone,1,4.2
Ancient Legends 1820,Play Ancient Legends 1820 to test your reflexes and strategy across varied levels and scenarios. play ancient legends 1820 to test your reflexes and strategy across varied levels and scenarios.,Mature 17+,1,4.7
Secret Forge 1821,"Secret Forge 1821 delivers an engaging experience that balances storytelling and gameplay in a rich setting. experience secret forge 1821: a tense, skill-based game where decisions matter and every encounter counts.",Everyone 10+,1,4.1
Rogue Frontier 1822,Rogue Frontier 1822 blends immersive worldbuilding with satisfying mechanics suitable for newcomers and veterans.,Mature 17+,1,3.6
Crimson Ascension 1823,Crimson Ascension 1823 delivers an engaging experience that balances storytelling and gameplay in a rich setting.,Mature 17+,1,3.1
Cyber Tides 1824,Cyber Tides 1824 blends immersive worldbuilding with satisfying mechanics suitable for newcomers and veterans.,Everyone,2,2.4
Galactic Harbor 1825,"A stylish, focused title, Galactic Harbor 1825 emphasizes creative problem solving and emergent play. play galactic harbor 1825 to test your reflexes and strategy across varied levels and scenarios.",Teen,1,4.2
Eternal Warden 1826,"Eternal Warden 1826 delivers an engaging experience that balances storytelling and gameplay in a rich setting. in eternal warden 1826, players navigate challenging environments while uncovering secrets and facing tough choices.",Everyone,1,4.1
Dark Nomad 1827,"In Dark Nomad 1827, players navigate challenging environments while uncovering secrets and facing tough choices.",Mature 17+,1,3.9
Dark Awakening 1828,"In Dark Awakening 1828, players navigate challenging environments while uncovering secrets and facing tough choices.",Everyone,1,3.7
Wild Rift 1829,Wild Rift 1829 is a compact but deep adventure focused on exploration and character progression.,Teen,1,2.2
First Ascension 1830,"First Ascension 1830 mixes narrative and action in a polished package with memorable moments. in first ascension 1830, players navigate challenging environments while uncovering secrets and facing tough choices.",Everyone,1,3.8
Shadow Ascension 1831,Shadow Ascension 1831 mixes narrative and action in a polished package with memorable moments.,Everyone 10+,8,4.3
Cyber Warden 1832,Cyber Warden 1832 blends immersive worldbuilding with satisfying mechanics suitable for newcomers and veterans.,Mature 17+,8,3.5
Eternal Quest 1833,"Eternal Quest 1833 delivers an engaging experience that balances storytelling and gameplay in a rich setting. in eternal quest 1833, players navigate challenging environments while uncovering secrets and facing tough choices.",Everyone 10+,1,3.6
Wild Dreams 1834,Wild Dreams 1834 blends immersive worldbuilding with satisfying mechanics suitable for newcomers and veterans.,Everyone,1,3.9
Galactic Storm 1835,Galactic Storm 1835 is a compact but deep adventure focused on exploration and character progression. play galactic storm 1835 to test your reflexes and strategy across varied levels and scenarios.,Mature 17+,1,2.3
Frozen Signal 1836,Frozen Signal 1836 mixes narrative and action in a polished package with memorable moments.,Mature 17+,1,4.7
First Nomad 1837,"A stylish, focused title, First Nomad 1837 emphasizes creative problem solving and emergent play.",Everyone 10+,1,3.9
Infinite Empire 1838,Infinite Empire 1838 is a compact but deep adventure focused on exploration and character progression.,Teen,1,4.0
Solar Rift 1839,"A stylish, focused title, Solar Rift 1839 emphasizes creative problem solving and emergent play.",Rating Pending,1,4.2
Shadow Run 1840,Shadow Run 1840 mixes narrative and action in a polished package with memorable moments.,Mature 17+,1,2.7
Phantom Signal 1841,Play Phantom Signal 1841 to test your reflexes and strategy across varied levels and scenarios. phantom signal 1841 blends immersive worldbuilding with satisfying mechanics suitable for newcomers and veterans.,Teen,1,2.7
Silent Odyssey 1842,"In Silent Odyssey 1842, players navigate challenging environments while uncovering secrets and facing tough choices.",Teen,1,4.5
Eternal Realm 1843,"Eternal Realm 1843 mixes narrative and action in a polished package with memorable moments. experience eternal realm 1843: a tense, skill-based game where decisions matter and every encounter counts.",Everyone 10+,1,3.6
Silent Frontier 1844,"In Silent Frontier 1844, players navigate challenging environments while uncovering secrets and facing tough choices.",Everyone,4,3.3
Neon Empire 1845,Play Neon Empire 1845 to test your reflexes and strategy across varied levels and scenarios.,Mature 17+,8,3.0
Wild Run 1846,Wild Run 1846 is a compact but deep adventure focused on exploration and character progression. wild run 1846 delivers an engaging experience that balances storytelling and gameplay in a rich setting.,Everyone,1,3.6
Prime Beacon 1847,"Experience Prime Beacon 1847: a tense, skill-based game where decisions matter and every encounter counts.",Everyone,1,4.8
Vivid Empire 1848,"In Vivid Empire 1848, players navigate challenging environments while uncovering secrets and facing tough choices.",Teen,1,4.7
Eternal Harbor 1849,Eternal Harbor 1849 delivers an engaging experience that balances storytelling and gameplay in a rich setting.,Everyone,3,3.7
Lost Fall 1850,"In Lost Fall 1850, players navigate challenging environments while uncovering secrets and facing tough choices.",Teen,1,4.5
Wild Quest 1851,Wild Quest 1851 mixes narrative and action in a polished package with memorable moments.,Everyone,8,3.2
Ancient Realm 1852,Ancient Realm 1852 blends immersive worldbuilding with satisfying mechanics suitable for newcomers and veterans.,Teen,3,4.1
Phantom Forge 1853,"A stylish, focused title, Phantom Forge 1853 emphasizes creative problem solving and emergent play.",Everyone 10+,1,4.1
Phantom Empire 1854,"A stylish, focused title, Phantom Empire 1854 emphasizes creative problem solving and emergent play.",Early Childhood,1,3.3
Galactic Tides 1855,Galactic Tides 1855 mixes narrative and action in a polished package with memorable moments. galactic tides 1855 delivers an engaging experience that balances storytelling and gameplay in a rich setting.,Teen,1,4.6
Mythic Quest 1856,Mythic Quest 1856 mixes narrative and action in a polished package with memorable moments.,Teen,1,4.0
Lunar Harbor 1857,Lunar Harbor 1857 mixes narrative and action in a polished package with memorable moments.,Everyone,2,3.9
Digital Origin 1858,Play Digital Origin 1858 to test your reflexes and strategy across varied levels and scenarios.,Teen,8,4.2
Digital Run 1859,"Experience Digital Run 1859: a tense, skill-based game where decisions matter and every encounter counts.",Rating Pending,1,4.9
Phantom Rift 1860,Phantom Rift 1860 mixes narrative and action in a polished package with memorable moments.,Mature 17+,1,4.4
Lunar Origin 1861,"In Lunar Origin 1861, players navigate challenging environments while uncovering secrets and facing tough choices. play lunar origin 1861 to test your reflexes and strategy across varied levels and scenarios.",Mature 17+,8,3.2
Eternal Awakening 1862,Eternal Awakening 1862 is a compact but deep adventure focused on exploration and character progression.,Early Childhood,8,3.1
Silent Legends 1863,Silent Legends 1863 is a compact but deep adventure focused on exploration and character progression.,Everyone,1,3.9
Prime Tides 1864,Prime Tides 1864 blends immersive worldbuilding with satisfying mechanics suitable for newcomers and veterans.,Everyone,1,4.2
Eternal Rebellion 1865,Eternal Rebellion 1865 delivers an engaging experience that balances storytelling and gameplay in a rich setting.,Everyone,1,3.8
Mythic Storm 1866,Mythic Storm 1866 mixes narrative and action in a polished package with memorable moments.,Everyone 10+,1,3.2
Lost Ascension 1867,Lost Ascension 1867 blends immersive worldbuilding with satisfying mechanics suitable for newcomers and veterans.,Everyone,1,4.5
Digital Signal 1868,Digital Signal 1868 blends immersive worldbuilding with satisfying mechanics suitable for newcomers and veterans.,Everyone,1,4.2
First Echo 1869,Play First Echo 1869 to test your reflexes and strategy across varied levels and scenarios.,Mature 17+,1,4.0
Secret Rift 1870,"In Secret Rift 1870, players navigate challenging environments while uncovering secrets and facing tough choices. play secret rift 1870 to test your reflexes and strategy across varied levels and scenarios.",Mature 17+,1,4.0
Shadow Ascension 1871,Shadow Ascension 1871 delivers an engaging experience that balances storytelling and gameplay in a rich setting.,Mature 17+,1,4.3
Golden Empire 1872,Golden Empire 1872 mixes narrative and action in a polished package with memorable moments.,Mature 17+,1,3.7
Rogue Sprint 1873,"In Rogue Sprint 1873, players navigate challenging environments while uncovering secrets and facing tough choices.",Everyone,1,4.4
Prime Fall 1874,"A stylish, focused title, Prime Fall 1874 emphasizes creative problem solving and emergent play.",Teen,1,4.7
Solar Tides 1875,"Experience Solar Tides 1875: a tense, skill-based game where decisions matter and every encounter counts.",Mature 17+,3,4.2
Broken Beacon 1876,"A stylish, focused title, Broken Beacon 1876 emphasizes creative problem solving and emergent play.",Everyone 10+,1,2.8
Shadow Rebellion 1877,Shadow Rebellion 1877 mixes narrative and action in a polished package with memorable moments.,Mature 17+,1,4.7
Galactic Awakening 1878,"Galactic Awakening 1878 blends immersive worldbuilding with satisfying mechanics suitable for newcomers and veterans. a stylish, focused title, galactic awakening 1878 emphasizes creative problem solving and emergent play.",Teen,1,4.5
Cyber Echo 1879,"Experience Cyber Echo 1879: a tense, skill-based game where decisions matter and every encounter counts.",Everyone,1,4.6
Phantom Ascension 1880,Phantom Ascension 1880 mixes narrative and action in a polished package with memorable moments.,Mature 17+,1,4.8
Golden Quest 1881,Golden Quest 1881 mixes narrative and action in a polished package with memorable moments.,Everyone,1,2.9
Vivid Quest 1882,Vivid Quest 1882 is a compact but deep adventure focused on exploration and character progression.,Teen,1,4.6
Mythic Forge 1883,Play Mythic Forge 1883 to test your reflexes and strategy across varied levels and scenarios.,Everyone,1,3.5
Last Legends 1884,Last Legends 1884 is a compact but deep adventure focused on exploration and character progression.,Everyone,1,2.7
Solar Saga 1885,Solar Saga 1885 is a compact but deep adventure focused on exploration and character progression.,Mature 17+,1,4.0
Lost Ascension 1886,Lost Ascension 1886 is a compact but deep adventure focused on exploration and character progression.,Everyone,1,3.4
Shadow Rebellion 1887,"A stylish, focused title, Shadow Rebellion 1887 emphasizes creative problem solving and emergent play.",Everyone,1,4.2
Ancient Tides 1888,Play Ancient Tides 1888 to test your reflexes and strategy across varied levels and scenarios. ancient tides 1888 blends immersive worldbuilding with satisfying mechanics suitable for newcomers and veterans.,Mature 17+,1,4.5
Galactic Fall 1889,Galactic Fall 1889 mixes narrative and action in a polished package with memorable moments.,Early Childhood,1,4.6
Eternal Storm 1890,"A stylish, focused title, Eternal Storm 1890 emphasizes creative problem solving and emergent play.",Everyone,1,3.4
Frozen Origin 1891,"Experience Frozen Origin 1891: a tense, skill-based game where decisions matter and every encounter counts.",Everyone,8,4.4
Secret Chronicles 1892,"A stylish, focused title, Secret Chronicles 1892 emphasizes creative problem solving and emergent play. secret chronicles 1892 blends immersive worldbuilding with satisfying mechanics suitable for newcomers and veterans.",Everyone 10+,1,4.1
Wild Forge 1893,"A stylish, focused title, Wild Forge 1893 emphasizes creative problem solving and emergent play.",Everyone,1,4.8
Rogue Chronicles 1894,Play Rogue Chronicles 1894 to test your reflexes and strategy across varied levels and scenarios.,Everyone,1,4.0
Ancient Harbor 1895,"Experience Ancient Harbor 1895: a tense, skill-based game where decisions matter and every encounter counts.",Everyone,1,4.1
Lunar Realm 1896,Lunar Realm 1896 is a compact but deep adventure focused on exploration and character progression.,Everyone,1,3.8
Lost Storm 1897,Lost Storm 1897 mixes narrative and action in a polished package with memorable moments.,Teen,1,4.7
Cyber Rift 1898,Play Cyber Rift 1898 to test your reflexes and strategy across varied levels and scenarios.,Teen,1,4.9
Neon Run 1899,Neon Run 1899 mixes narrative and action in a polished package with memorable moments.,Early Childhood,1,3.9
Lost Forge 1900,"In Lost Forge 1900, players navigate challenging environments while uncovering secrets and facing tough choices.",Mature 17+,8,2.6
Silent Realm 1901,"Experience Silent Realm 1901: a tense, skill-based game where decisions matter and every encounter counts. silent realm 1901 is a compact but deep adventure focused on exploration and character progression.",Everyone 10+,1,4.6
Solar Nomad 1902,Play Solar Nomad 1902 to test your reflexes and strategy across varied levels and scenarios.,Rating Pending,1,3.2
Digital Harbor 1903,"Experience Digital Harbor 1903: a tense, skill-based game where decisions matter and every encounter counts.",Teen,4,3.3
Prime Ascension 1904,"Experience Prime Ascension 1904: a tense, skill-based game where decisions matter and every encounter counts. prime ascension 1904 is a compact but deep adventure focused on exploration and character progression.",Everyone,1,4.7
Frozen Horizons 1905,"Experience Frozen Horizons 1905: a tense, skill-based game where decisions matter and every encounter counts. frozen horizons 1905 blends immersive worldbuilding with satisfying mechanics suitable for newcomers and veterans.",Mature 17+,1,4.3
Frozen Forge 1906,Frozen Forge 1906 is a compact but deep adventure focused on exploration and character progression.,Everyone,1,3.9
Broken Awakening 1907,Play Broken Awakening 1907 to test your reflexes and strategy across varied levels and scenarios.,Everyone,1,3.9
Dark Realm 1908,"Experience Dark Realm 1908: a tense, skill-based game where decisions matter and every encounter counts.",Everyone 10+,8,3.4
Frozen Harbor 1909,"Experience Frozen Harbor 1909: a tense, skill-based game where decisions matter and every encounter counts. play frozen harbor 1909 to test your reflexes and strategy across varied levels and scenarios.",Everyone,1,4.7
Infinite Harbor 1910,Infinite Harbor 1910 mixes narrative and action in a polished package with memorable moments.,Everyone,4,3.8
Phantom Horizons 1911,"Experience Phantom Horizons 1911: a tense, skill-based game where decisions matter and every encounter counts. phantom horizons 1911 is a compact but deep adventure focused on exploration and character progression.",Teen,3,4.6
Eternal Beacon 1912,"In Eternal Beacon 1912, players navigate challenging environments while uncovering secrets and facing tough choices. experience eternal beacon 1912: a tense, skill-based game where decisions matter and every encounter counts.",Mature 17+,1,3.1
Neon Beacon 1913,"In Neon Beacon 1913, players navigate challenging environments while uncovering secrets and facing tough choices.",Teen,1,4.1
Frozen Fall 1914,Frozen Fall 1914 blends immersive worldbuilding with satisfying mechanics suitable for newcomers and veterans.,Rating Pending,1,4.6
Eternal Ascension 1915,"Experience Eternal Ascension 1915: a tense, skill-based game where decisions matter and every encounter counts.",Everyone,1,2.9
Broken Nomad 1916,Broken Nomad 1916 delivers an engaging experience that balances storytelling and gameplay in a rich setting.,Teen,1,4.3
Mythic Fall 1917,Mythic Fall 1917 is a compact but deep adventure focused on exploration and character progression.,Rating Pending,1,3.2
Wild Ascension 1918,Wild Ascension 1918 blends immersive worldbuilding with satisfying mechanics suitable for newcomers and veterans.,Everyone,3,4.2
Secret Dreams 1919,"Experience Secret Dreams 1919: a tense, skill-based game where decisions matter and every encounter counts.",Teen,8,3.6
Mythic Storm 1920,Mythic Storm 1920 is a compact but deep adventure focused on exploration and character progression.,Mature 17+,1,4.2
Rogue Tides 1921,Play Rogue Tides 1921 to test your reflexes and strategy across varied levels and scenarios. rogue tides 1921 mixes narrative and action in a polished package with memorable moments.,Everyone,1,2.8
Silent Horizons 1922,Play Silent Horizons 1922 to test your reflexes and strategy across varied levels and scenarios.,Teen,1,3.8
Wild Frontier 1923,Wild Frontier 1923 mixes narrative and action in a polished package with memorable moments. wild frontier 1923 blends immersive worldbuilding with satisfying mechanics suitable for newcomers and veterans.,Mature 17+,1,3.7
Solar Harbor 1924,Solar Harbor 1924 is a compact but deep adventure focused on exploration and character progression.,Mature 17+,1,4.6
Golden Nomad 1925,Golden Nomad 1925 blends immersive worldbuilding with satisfying mechanics suitable for newcomers and veterans.,Mature 17+,2,2.5
Lunar Origin 1926,Lunar Origin 1926 delivers an engaging experience that balances storytelling and gameplay in a rich setting.,Teen,1,4.5
Frozen Dreams 1927,Frozen Dreams 1927 is a compact but deep adventure focused on exploration and character progression. frozen dreams 1927 blends immersive worldbuilding with satisfying mechanics suitable for newcomers and veterans.,Mature 17+,1,4.4
Broken Rebellion 1928,Broken Rebellion 1928 is a compact but deep adventure focused on exploration and character progression.,Teen,1,3.2
Lost Vanguard 1929,Lost Vanguard 1929 delivers an engaging experience that balances storytelling and gameplay in a rich setting.,Everyone 10+,1,3.1
Vivid Quest 1930,Vivid Quest 1930 delivers an engaging experience that balances storytelling and gameplay in a rich setting.,Everyone,1,2.7
First Legends 1931,"Experience First Legends 1931: a tense, skill-based game where decisions matter and every encounter counts.",Everyone,2,4.4
Dark Storm 1932,Dark Storm 1932 mixes narrative and action in a polished package with memorable moments.,Mature 17+,1,3.1
Ancient Vanguard 1933,"A stylish, focused title, Ancient Vanguard 1933 emphasizes creative problem solving and emergent play.",Mature 17+,1,4.3
Digital Harbor 1934,Digital Harbor 1934 delivers an engaging experience that balances storytelling and gameplay in a rich setting.,Mature 17+,3,3.6
Shadow Awakening 1935,"In Shadow Awakening 1935, players navigate challenging environments while uncovering secrets and facing tough choices.",Teen,1,4.1
Galactic Realm 1936,Galactic Realm 1936 blends immersive worldbuilding with satisfying mechanics suitable for newcomers and veterans.,Teen,1,4.3
Broken Quest 1937,Broken Quest 1937 mixes narrative and action in a polished package with memorable moments.,Mature 17+,1,3.6
Cyber Vanguard 1938,Cyber Vanguard 1938 is a compact but deep adventure focused on exploration and character progression.,Everyone,1,3.6
Lunar Quest 1939,Lunar Quest 1939 delivers an engaging experience that balances storytelling and gameplay in a rich setting.,Teen,1,4.3
Golden Ascension 1940,Play Golden Ascension 1940 to test your reflexes and strategy across varied levels and scenarios.,Adults Only 18+,1,4.1
Secret Rift 1941,Secret Rift 1941 delivers an engaging experience that balances storytelling and gameplay in a rich setting.,Everyone,1,3.9
Broken Storm 1942,Broken Storm 1942 mixes narrative and action in a polished package with memorable moments.,Everyone,1,3.8
Phantom Warden 1943,"A stylish, focused title, Phantom Warden 1943 emphasizes creative problem solving and emergent play.",Rating Pending,1,2.7
Golden Harbor 1944,Golden Harbor 1944 mixes narrative and action in a polished package with memorable moments.,Mature 17+,8,3.3
Secret Harbor 1945,Secret Harbor 1945 delivers an engaging experience that balances storytelling and gameplay in a rich setting.,Everyone,1,4.7
Golden Saga 1946,Golden Saga 1946 blends immersive worldbuilding with satisfying mechanics suitable for newcomers and veterans.,Mature 17+,1,4.5
Crimson Harbor 1947,Crimson Harbor 1947 mixes narrative and action in a polished package with memorable moments.,Everyone 10+,1,3.0
Solar Dreams 1948,"Experience Solar Dreams 1948: a tense, skill-based game where decisions matter and every encounter counts. solar dreams 1948 mixes narrative and action in a polished package with memorable moments.",Teen,1,3.5
Crimson Legends 1949,"In Crimson Legends 1949, players navigate challenging environments while uncovering secrets and facing tough choices.",Everyone,1,3.8
First Ascension 1950,First Ascension 1950 blends immersive worldbuilding with satisfying mechanics suitable for newcomers and veterans.,Teen,1,3.9
Golden Echo 1951,Play Golden Echo 1951 to test your reflexes and strategy across varied levels and scenarios.,Mature 17+,1,4.0
Silent Ascension 1952,Silent Ascension 1952 is a compact but deep adventure focused on exploration and character progression.,Mature 17+,4,4.9
Secret Empire 1953,Play Secret Empire 1953 to test your reflexes and strategy across varied levels and scenarios.,Mature 17+,1,4.6
Iron Empire 1954,Iron Empire 1954 blends immersive worldbuilding with satisfying mechanics suitable for newcomers and veterans.,Teen,1,4.3
Lunar Forge 1955,Lunar Forge 1955 delivers an engaging experience that balances storytelling and gameplay in a rich setting.,Everyone,2,4.4
Silent Warden 1956,"In Silent Warden 1956, players navigate challenging environments while uncovering secrets and facing tough choices.",Teen,1,4.2
Prime Empire 1957,"Experience Prime Empire 1957: a tense, skill-based game where decisions matter and every encounter counts.",Everyone,1,4.1
Phantom Odyssey 1958,Phantom Odyssey 1958 blends immersive worldbuilding with satisfying mechanics suitable for newcomers and veterans.,Everyone,1,2.9
Shadow Legends 1959,"Experience Shadow Legends 1959: a tense, skill-based game where decisions matter and every encounter counts.",Everyone,1,2.0
Lunar Sprint 1960,Lunar Sprint 1960 mixes narrative and action in a polished package with memorable moments.,Rating Pending,1,2.9
Eternal Chronicles 1961,Play Eternal Chronicles 1961 to test your reflexes and strategy across varied levels and scenarios.,Teen,1,4.6
Last Legends 1962,Last Legends 1962 delivers an engaging experience that balances storytelling and gameplay in a rich setting.,Mature 17+,1,4.1
Dark Realm 1963,Dark Realm 1963 delivers an engaging experience that balances storytelling and gameplay in a rich setting.,Everyone 10+,1,4.3
Iron Saga 1964,Iron Saga 1964 delivers an engaging experience that balances storytelling and gameplay in a rich setting. iron saga 1964 blends immersive worldbuilding with satisfying mechanics suitable for newcomers and veterans.,Mature 17+,1,4.4
Rogue Empire 1965,"A stylish, focused title, Rogue Empire 1965 emphasizes creative problem solving and emergent play.",Everyone,1,3.7
Neon Sprint 1966,Neon Sprint 1966 delivers an engaging experience that balances storytelling and gameplay in a rich setting. neon sprint 1966 delivers an engaging experience that balances storytelling and gameplay in a rich setting.,Teen,2,3.8
Prime Run 1967,Prime Run 1967 mixes narrative and action in a polished package with memorable moments.,Teen,1,4.5
Golden Rift 1968,Golden Rift 1968 delivers an engaging experience that balances storytelling and gameplay in a rich setting.,Teen,1,4.8
Golden Odyssey 1969,Golden Odyssey 1969 blends immersive worldbuilding with satisfying mechanics suitable for newcomers and veterans. golden odyssey 1969 mixes narrative and action in a polished package with memorable moments.,Teen,1,3.8
Dark Ascension 1970,"In Dark Ascension 1970, players navigate challenging environments while uncovering secrets and facing tough choices. a stylish, focused title, dark ascension 1970 emphasizes creative problem solving and emergent play.",Everyone 10+,1,4.3
Ancient Rebellion 1971,Ancient Rebellion 1971 mixes narrative and action in a polished package with memorable moments.,Everyone,1,3.9
Dark Odyssey 1972,Dark Odyssey 1972 is a compact but deep adventure focused on exploration and character progression.,Teen,1,4.6
Iron Harbor 1973,"Experience Iron Harbor 1973: a tense, skill-based game where decisions matter and every encounter counts.",Everyone,1,4.5
Hidden Ascension 1974,Hidden Ascension 1974 delivers an engaging experience that balances storytelling and gameplay in a rich setting. hidden ascension 1974 mixes narrative and action in a polished package with memorable moments.,Teen,1,3.9
Mythic Odyssey 1975,Mythic Odyssey 1975 blends immersive worldbuilding with satisfying mechanics suitable for newcomers and veterans. play mythic odyssey 1975 to test your reflexes and strategy across varied levels and scenarios.,Everyone,1,3.1
Iron Warden 1976,Play Iron Warden 1976 to test your reflexes and strategy across varied levels and scenarios.,Everyone,1,3.0
Last Rift 1977,"Last Rift 1977 is a compact but deep adventure focused on exploration and character progression. a stylish, focused title, last rift 1977 emphasizes creative problem solving and emergent play.",Rating Pending,1,3.9
Shadow Trial 1978,"Experience Shadow Trial 1978: a tense, skill-based game where decisions matter and every encounter counts.",Everyone,1,3.1
Crimson Frontier 1979,Crimson Frontier 1979 mixes narrative and action in a polished package with memorable moments.,Everyone,1,3.2
Infinite Tides 1980,Infinite Tides 1980 delivers an engaging experience that balances storytelling and gameplay in a rich setting.,Everyone,1,3.3
Galactic Quest 1981,Galactic Quest 1981 mixes narrative and action in a polished package with memorable moments.,Everyone,1,3.7
Frozen Run 1982,Frozen Run 1982 is a compact but deep adventure focused on exploration and character progression.,Mature 17+,1,4.4
Iron Storm 1983,"A stylish, focused title, Iron Storm 1983 emphasizes creative problem solving and emergent play.",Everyone 10+,1,4.5
Lunar Dreams 1984,"Lunar Dreams 1984 mixes narrative and action in a polished package with memorable moments. in lunar dreams 1984, players navigate challenging environments while uncovering secrets and facing tough choices.",Everyone,1,2.2
Hidden Trial 1985,"Experience Hidden Trial 1985: a tense, skill-based game where decisions matter and every encounter counts. experience hidden trial 1985: a tense, skill-based game where decisions matter and every encounter counts.",Teen,1,4.5
Cyber Chronicles 1986,"A stylish, focused title, Cyber Chronicles 1986 emphasizes creative problem solving and emergent play.",Everyone,1,3.9
Rogue Fall 1987,Rogue Fall 1987 blends immersive worldbuilding with satisfying mechanics suitable for newcomers and veterans.,Teen,1,2.4
Wild Vanguard 1988,Wild Vanguard 1988 is a compact but deep adventure focused on exploration and character progression.,Mature 17+,1,2.9
Eternal Beacon 1989,Eternal Beacon 1989 mixes narrative and action in a polished package with memorable moments.,Mature 17+,1,4.9
Eternal Awakening 1990,Eternal Awakening 1990 is a compact but deep adventure focused on exploration and character progression. eternal awakening 1990 is a compact but deep adventure focused on exploration and character progression.,Everyone,2,4.1
Prime Warden 1991,"In Prime Warden 1991, players navigate challenging environments while uncovering secrets and facing tough choices.",Everyone,3,3.2
Vivid Chronicles 1992,Vivid Chronicles 1992 delivers an engaging experience that balances storytelling and gameplay in a rich setting.,Mature 17+,1,3.6
Secret Forge 1993,Secret Forge 1993 mixes narrative and action in a polished package with memorable moments.,Rating Pending,1,3.9
Secret Nomad 1994,Secret Nomad 1994 delivers an engaging experience that balances storytelling and gameplay in a rich setting.,Mature 17+,1,3.9
Lost Chronicles 1995,"Experience Lost Chronicles 1995: a tense, skill-based game where decisions matter and every encounter counts.",Teen,2,2.5
Cyber Fall 1996,"In Cyber Fall 1996, players navigate challenging environments while uncovering secrets and facing tough choices.",Rating Pending,1,4.7
Cyber Ascension 1997,"In Cyber Ascension 1997, players navigate challenging environments while uncovering secrets and facing tough choices.",Teen,1,3.3
Golden Empire 1998,Golden Empire 1998 blends immersive worldbuilding with satisfying mechanics suitable for newcomers and veterans.,Teen,1,4.5
Secret Odyssey 1999,"In Secret Odyssey 1999, players navigate challenging environments while uncovering secrets and facing tough choices.",Mature 17+,1,3.2
Last Echo 2000,"A stylish, focused title, Last Echo 2000 emphasizes creative problem solving and emergent play.",Rating Pending,1,4.8
Silent Horizons 2001,Silent Horizons 2001 is a compact but deep adventure focused on exploration and character progression.,Teen,1,4.2
Vivid Rebellion 2002,"In Vivid Rebellion 2002, players navigate challenging environments while uncovering secrets and facing tough choices.",Everyone 10+,1,3.1
Secret Trial 2003,Play Secret Trial 2003 to test your reflexes and strategy across varied levels and scenarios.,Teen,1,4.4
Broken Vanguard 2004,"In Broken Vanguard 2004, players navigate challenging environments while uncovering secrets and facing tough choices.",Everyone,1,4.9
Vivid Frontier 2005,Vivid Frontier 2005 delivers an engaging experience that balances storytelling and gameplay in a rich setting.,Everyone,1,4.5
Silent Tides 2006,Silent Tides 2006 delivers an engaging experience that balances storytelling and gameplay in a rich setting.,Teen,1,2.8
Lost Quest 2007,Play Lost Quest 2007 to test your reflexes and strategy across varied levels and scenarios.,Teen,1,4.5
Frozen Signal 2008,Play Frozen Signal 2008 to test your reflexes and strategy across varied levels and scenarios. frozen signal 2008 mixes narrative and action in a polished package with memorable moments.,Everyone,1,3.5
Vivid Beacon 2009,Vivid Beacon 2009 mixes narrative and action in a polished package with memorable moments. vivid beacon 2009 delivers an engaging experience that balances storytelling and gameplay in a rich setting.,Mature 17+,1,4.8
Silent Vanguard 2010,Silent Vanguard 2010 delivers an engaging experience that balances storytelling and gameplay in a rich setting.,Mature 17+,1,3.7
Golden Storm 2011,Golden Storm 2011 delivers an engaging experience that balances storytelling and gameplay in a rich setting.,Everyone,1,4.3
Lost Chronicles 2012,Lost Chronicles 2012 blends immersive worldbuilding with satisfying mechanics suitable for newcomers and veterans.,Everyone,1,4.0
Prime Storm 2013,Play Prime Storm 2013 to test your reflexes and strategy across varied levels and scenarios.,Everyone 10+,2,3.2
Silent Ascension 2014,Silent Ascension 2014 blends immersive worldbuilding with satisfying mechanics suitable for newcomers and veterans.,Mature 17+,1,3.1
Digital Rift 2015,Digital Rift 2015 blends immersive worldbuilding with satisfying mechanics suitable for newcomers and veterans.,Everyone,1,3.1
Lost Echo 2016,Lost Echo 2016 is a compact but deep adventure focused on exploration and character progression.,Mature 17+,1,3.6
Vivid Origin 2017,Play Vivid Origin 2017 to test your reflexes and strategy across varied levels and scenarios.,Teen,1,4.3
Dark Realm 2018,Dark Realm 2018 mixes narrative and action in a polished package with memorable moments.,Everyone 10+,8,2.7
Digital Legends 2019,Digital Legends 2019 is a compact but deep adventure focused on exploration and character progression.,Mature 17+,2,3.7
Phantom Warden 2020,Phantom Warden 2020 delivers an engaging experience that balances storytelling and gameplay in a rich setting.,Everyone,1,4.7
Last Warden 2021,"In Last Warden 2021, players navigate challenging environments while uncovering secrets and facing tough choices.",Everyone 10+,4,2.9
Cyber Chronicles 2022,"In Cyber Chronicles 2022, players navigate challenging environments while uncovering secrets and facing tough choices.",Everyone,1,4.6
Mythic Echo 2023,"Play Mythic Echo 2023 to test your reflexes and strategy across varied levels and scenarios. experience mythic echo 2023: a tense, skill-based game where decisions matter and every encounter counts.",Mature 17+,1,3.5
Digital Quest 2024,"In Digital Quest 2024, players navigate challenging environments while uncovering secrets and facing tough choices.",Mature 17+,8,2.8
Digital Warden 2025,"A stylish, focused title, Digital Warden 2025 emphasizes creative problem solving and emergent play.",Mature 17+,1,2.8
Vivid Fall 2026,Vivid Fall 2026 is a compact but deep adventure focused on exploration and character progression. vivid fall 2026 blends immersive worldbuilding with satisfying mechanics suitable for newcomers and veterans.,Mature 17+,8,3.9
Prime Signal 2027,"In Prime Signal 2027, players navigate challenging environments while uncovering secrets and facing tough choices.",Teen,1,3.7
Ancient Origin 2028,Ancient Origin 2028 blends immersive worldbuilding with satisfying mechanics suitable for newcomers and veterans.,Mature 17+,1,3.3
Cyber Nomad 2029,"A stylish, focused title, Cyber Nomad 2029 emphasizes creative problem solving and emergent play.",Everyone,1,3.9
First Legends 2030,First Legends 2030 mixes narrative and action in a polished package with memorable moments. first legends 2030 delivers an engaging experience that balances storytelling and gameplay in a rich setting.,Everyone,2,4.3
Solar Beacon 2031,Play Solar Beacon 2031 to test your reflexes and strategy across varied levels and scenarios.,Everyone,1,2.9
First Chronicles 2032,"In First Chronicles 2032, players navigate challenging environments while uncovering secrets and facing tough choices.",Mature 17+,1,2.8
Iron Harbor 2033,Iron Harbor 2033 is a compact but deep adventure focused on exploration and character progression.,Everyone,1,4.1
Rogue Empire 2034,Rogue Empire 2034 blends immersive worldbuilding with satisfying mechanics suitable for newcomers and veterans.,Everyone 10+,1,4.8
Infinite Rebellion 2035,"In Infinite Rebellion 2035, players navigate challenging environments while uncovering secrets and facing tough choices.",Mature 17+,1,3.3
Eternal Warden 2036,Eternal Warden 2036 mixes narrative and action in a polished package with memorable moments.,Everyone 10+,1,2.2
Silent Origin 2037,"A stylish, focused title, Silent Origin 2037 emphasizes creative problem solving and emergent play.",Teen,1,4.4
Neon Nomad 2038,"A stylish, focused title, Neon Nomad 2038 emphasizes creative problem solving and emergent play.",Mature 17+,1,3.9
Neon Run 2039,"Experience Neon Run 2039: a tense, skill-based game where decisions matter and every encounter counts. neon run 2039 is a compact but deep adventure focused on exploration and character progression.",Mature 17+,1,4.5
Cyber Nomad 2040,Cyber Nomad 2040 mixes narrative and action in a polished package with memorable moments.,Everyone,2,2.8
Broken Odyssey 2041,"A stylish, focused title, Broken Odyssey 2041 emphasizes creative problem solving and emergent play.",Mature 17+,1,3.1
Secret Storm 2042,Play Secret Storm 2042 to test your reflexes and strategy across varied levels and scenarios.,Everyone,1,4.0
Solar Saga 2043,"In Solar Saga 2043, players navigate challenging environments while uncovering secrets and facing tough choices.",Everyone,1,4.2
Golden Quest 2044,"A stylish, focused title, Golden Quest 2044 emphasizes creative problem solving and emergent play.",Teen,1,4.3
Rogue Ascension 2045,Rogue Ascension 2045 blends immersive worldbuilding with satisfying mechanics suitable for newcomers and veterans.,Everyone,1,3.5
Cyber Rebellion 2046,"Experience Cyber Rebellion 2046: a tense, skill-based game where decisions matter and every encounter counts. cyber rebellion 2046 delivers an engaging experience that balances storytelling and gameplay in a rich setting.",Mature 17+,1,3.2
Crimson Rift 2047,Crimson Rift 2047 mixes narrative and action in a polished package with memorable moments.,Mature 17+,1,3.4
Digital Rift 2048,"In Digital Rift 2048, players navigate challenging environments while uncovering secrets and facing tough choices.",Mature 17+,1,4.5
Cyber Chronicles 2049,Cyber Chronicles 2049 delivers an engaging experience that balances storytelling and gameplay in a rich setting. play cyber chronicles 2049 to test your reflexes and strategy across varied levels and scenarios.,Everyone,1,3.7
Phantom Run 2050,Phantom Run 2050 blends immersive worldbuilding with satisfying mechanics suitable for newcomers and veterans. phantom run 2050 blends immersive worldbuilding with satisfying mechanics suitable for newcomers and veterans.,Everyone,4,3.8
Mythic Trial 2051,Mythic Trial 2051 mixes narrative and action in a polished package with memorable moments.,Mature 17+,1,4.0
Eternal Beacon 2052,Eternal Beacon 2052 mixes narrative and action in a polished package with memorable moments.,Early Childhood,1,4.1
Silent Chronicles 2053,Silent Chronicles 2053 mixes narrative and action in a polished package with memorable moments.,Mature 17+,8,4.2
Hidden Legends 2054,"A stylish, focused title, Hidden Legends 2054 emphasizes creative problem solving and emergent play.",Everyone,1,2.8
Cyber Beacon 2055,Cyber Beacon 2055 blends immersive worldbuilding with satisfying mechanics suitable for newcomers and veterans.,Teen,1,4.1
Solar Sprint 2056,Play Solar Sprint 2056 to test your reflexes and strategy across varied levels and scenarios.,Early Childhood,1,4.6
Galactic Harbor 2057,Galactic Harbor 2057 mixes narrative and action in a polished package with memorable moments.,Everyone,1,4.4
Cyber Origin 2058,"In Cyber Origin 2058, players navigate challenging environments while uncovering secrets and facing tough choices.",Mature 17+,1,3.1
Rogue Frontier 2059,"A stylish, focused title, Rogue Frontier 2059 emphasizes creative problem solving and emergent play.",Mature 17+,2,3.1
Silent Odyssey 2060,Silent Odyssey 2060 blends immersive worldbuilding with satisfying mechanics suitable for newcomers and veterans.,Everyone,4,3.4
Mythic Saga 2061,"A stylish, focused title, Mythic Saga 2061 emphasizes creative problem solving and emergent play. mythic saga 2061 is a compact but deep adventure focused on exploration and character progression.",Mature 17+,1,3.5
Rogue Nomad 2062,Rogue Nomad 2062 blends immersive worldbuilding with satisfying mechanics suitable for newcomers and veterans. rogue nomad 2062 delivers an engaging experience that balances storytelling and gameplay in a rich setting.,Everyone 10+,1,4.5
Hidden Frontier 2063,Hidden Frontier 2063 mixes narrative and action in a polished package with memorable moments.,Mature 17+,1,3.5
Galactic Chronicles 2064,"A stylish, focused title, Galactic Chronicles 2064 emphasizes creative problem solving and emergent play.",Teen,1,3.2
Crimson Rebellion 2065,"Crimson Rebellion 2065 is a compact but deep adventure focused on exploration and character progression. in crimson rebellion 2065, players navigate challenging environments while uncovering secrets and facing tough choices.",Everyone,1,4.7
Wild Ascension 2066,Wild Ascension 2066 delivers an engaging experience that balances storytelling and gameplay in a rich setting. play wild ascension 2066 to test your reflexes and strategy across varied levels and scenarios.,Everyone 10+,1,3.4
Ancient Tides 2067,Ancient Tides 2067 mixes narrative and action in a polished package with memorable moments.,Mature 17+,1,4.0
Shadow Frontier 2068,Shadow Frontier 2068 delivers an engaging experience that balances storytelling and gameplay in a rich setting.,Teen,1,4.4
Dark Chronicles 2069,"In Dark Chronicles 2069, players navigate challenging environments while uncovering secrets and facing tough choices. dark chronicles 2069 blends immersive worldbuilding with satisfying mechanics suitable for newcomers and veterans.",Mature 17+,1,4.2
Rogue Ascension 2070,Rogue Ascension 2070 is a compact but deep adventure focused on exploration and character progression.,Mature 17+,1,3.9
Silent Run 2071,"Experience Silent Run 2071: a tense, skill-based game where decisions matter and every encounter counts.",Mature 17+,4,4.1
Neon Trial 2072,Neon Trial 2072 delivers an engaging experience that balances storytelling and gameplay in a rich setting. play neon trial 2072 to test your reflexes and strategy across varied levels and scenarios.,Mature 17+,1,4.4
Broken Forge 2073,Broken Forge 2073 blends immersive worldbuilding with satisfying mechanics suitable for newcomers and veterans.,Early Childhood,1,4.0
Cyber Odyssey 2074,"A stylish, focused title, Cyber Odyssey 2074 emphasizes creative problem solving and emergent play. cyber odyssey 2074 blends immersive worldbuilding with satisfying mechanics suitable for newcomers and veterans.",Everyone 10+,1,3.8
Mythic Rebellion 2075,Mythic Rebellion 2075 delivers an engaging experience that balances storytelling and gameplay in a rich setting.,Mature 17+,1,3.1
Cyber Nomad 2076,Cyber Nomad 2076 delivers an engaging experience that balances storytelling and gameplay in a rich setting.,Teen,1,4.8
Silent Harbor 2077,Silent Harbor 2077 delivers an engaging experience that balances storytelling and gameplay in a rich setting. silent harbor 2077 mixes narrative and action in a polished package with memorable moments.,Early Childhood,1,2.5
Silent Ascension 2078,"Experience Silent Ascension 2078: a tense, skill-based game where decisions matter and every encounter counts.",Everyone 10+,1,4.4
Silent Quest 2079,"A stylish, focused title, Silent Quest 2079 emphasizes creative problem solving and emergent play.",Teen,1,4.2
Digital Tides 2080,Digital Tides 2080 mixes narrative and action in a polished package with memorable moments.,Rating Pending,1,4.1
Crimson Rift 2081,Crimson Rift 2081 is a compact but deep adventure focused on exploration and character progression.,Everyone 10+,1,4.2
Cyber Echo 2082,"Experience Cyber Echo 2082: a tense, skill-based game where decisions matter and every encounter counts. cyber echo 2082 mixes narrative and action in a polished package with memorable moments.",Everyone,1,3.9
Galactic Storm 2083,"A stylish, focused title, Galactic Storm 2083 emphasizes creative problem solving and emergent play.",Teen,8,3.6
Mythic Storm 2084,Mythic Storm 2084 mixes narrative and action in a polished package with memorable moments.,Mature 17+,1,2.3
Golden Legends 2085,"In Golden Legends 2085, players navigate challenging environments while uncovering secrets and facing tough choices.",Teen,1,3.6
Silent Echo 2086,Silent Echo 2086 blends immersive worldbuilding with satisfying mechanics suitable for newcomers and veterans.,Teen,3,3.5
Shadow Storm 2087,Shadow Storm 2087 delivers an engaging experience that balances storytelling and gameplay in a rich setting.,Mature 17+,1,4.8
Shadow Awakening 2088,Shadow Awakening 2088 mixes narrative and action in a polished package with memorable moments.,Everyone,1,4.7
Golden Trial 2089,Golden Trial 2089 blends immersive worldbuilding with satisfying mechanics suitable for newcomers and veterans.,Rating Pending,1,3.4
Silent Dreams 2090,Play Silent Dreams 2090 to test your reflexes and strategy across varied levels and scenarios.,Teen,1,4.2
Hidden Quest 2091,"A stylish, focused title, Hidden Quest 2091 emphasizes creative problem solving and emergent play.",Teen,1,3.7
First Sprint 2092,First Sprint 2092 blends immersive worldbuilding with satisfying mechanics suitable for newcomers and veterans.,Rating Pending,1,4.4
Golden Run 2093,Golden Run 2093 mixes narrative and action in a polished package with memorable moments. golden run 2093 delivers an engaging experience that balances storytelling and gameplay in a rich setting.,Mature 17+,8,4.6
Neon Realm 2094,"In Neon Realm 2094, players navigate challenging environments while uncovering secrets and facing tough choices. neon realm 2094 delivers an engaging experience that balances storytelling and gameplay in a rich setting.",Teen,1,3.0
Wild Frontier 2095,Wild Frontier 2095 mixes narrative and action in a polished package with memorable moments.,Mature 17+,1,4.9
Galactic Awakening 2096,Galactic Awakening 2096 delivers an engaging experience that balances storytelling and gameplay in a rich setting.,Everyone 10+,1,4.2
Dark Fall 2097,Dark Fall 2097 is a compact but deep adventure focused on exploration and character progression.,Everyone,1,4.0
Broken Warden 2098,Play Broken Warden 2098 to test your reflexes and strategy across varied levels and scenarios.,Teen,4,4.7
Neon Fall 2099,"A stylish, focused title, Neon Fall 2099 emphasizes creative problem solving and emergent play. a stylish, focused title, neon fall 2099 emphasizes creative problem solving and emergent play.",Teen,1,3.9
Solar Forge 2100,"In Solar Forge 2100, players navigate challenging environments while uncovering secrets and facing tough choices.",Everyone 10+,1,4.7
Broken Saga 2101,"A stylish, focused title, Broken Saga 2101 emphasizes creative problem solving and emergent play.",Teen,1,4.3
Broken Rebellion 2102,Play Broken Rebellion 2102 to test your reflexes and strategy across varied levels and scenarios.,Teen,1,4.1
Lunar Warden 2103,Lunar Warden 2103 is a compact but deep adventure focused on exploration and character progression.,Rating Pending,1,4.2
Vivid Sprint 2104,"In Vivid Sprint 2104, players navigate challenging environments while uncovering secrets and facing tough choices.",Teen,1,4.3
Neon Legends 2105,Neon Legends 2105 is a compact but deep adventure focused on exploration and character progression. neon legends 2105 blends immersive worldbuilding with satisfying mechanics suitable for newcomers and veterans.,Mature 17+,1,4.2
Mythic Origin 2106,"Mythic Origin 2106 blends immersive worldbuilding with satisfying mechanics suitable for newcomers and veterans. experience mythic origin 2106: a tense, skill-based game where decisions matter and every encounter counts.",Mature 17+,1,4.6
Neon Beacon 2107,Play Neon Beacon 2107 to test your reflexes and strategy across varied levels and scenarios.,Mature 17+,1,3.3
Frozen Horizons 2108,"A stylish, focused title, Frozen Horizons 2108 emphasizes creative problem solving and emergent play.",Everyone,4,4.3
Broken Echo 2109,"Experience Broken Echo 2109: a tense, skill-based game where decisions matter and every encounter counts.",Everyone,3,3.6
Cyber Origin 2110,"Experience Cyber Origin 2110: a tense, skill-based game where decisions matter and every encounter counts. cyber origin 2110 blends immersive worldbuilding with satisfying mechanics suitable for newcomers and veterans.",Everyone,4,3.4
Mythic Harbor 2111,"Experience Mythic Harbor 2111: a tense, skill-based game where decisions matter and every encounter counts.",Mature 17+,1,4.2
Last Sprint 2112,"A stylish, focused title, Last Sprint 2112 emphasizes creative problem solving and emergent play.",Everyone 10+,1,4.0
Golden Vanguard 2113,"In Golden Vanguard 2113, players navigate challenging environments while uncovering secrets and facing tough choices.",Teen,1,4.1
Solar Quest 2114,"Solar Quest 2114 is a compact but deep adventure focused on exploration and character progression. in solar quest 2114, players navigate challenging environments while uncovering secrets and facing tough choices.",Everyone 10+,1,3.4
Broken Fall 2115,Broken Fall 2115 blends immersive worldbuilding with satisfying mechanics suitable for newcomers and veterans.,Everyone 10+,4,4.4
Hidden Warden 2116,"A stylish, focused title, Hidden Warden 2116 emphasizes creative problem solving and emergent play.",Mature 17+,1,4.2
Solar Fall 2117,"Experience Solar Fall 2117: a tense, skill-based game where decisions matter and every encounter counts.",Mature 17+,1,3.0
Rogue Frontier 2118,Rogue Frontier 2118 delivers an engaging experience that balances storytelling and gameplay in a rich setting.,Teen,1,3.2
Digital Realm 2119,Digital Realm 2119 mixes narrative and action in a polished package with memorable moments.,Everyone,1,4.2
Digital Ascension 2120,Digital Ascension 2120 delivers an engaging experience that balances storytelling and gameplay in a rich setting. digital ascension 2120 is a compact but deep adventure focused on exploration and character progression.,Everyone,1,3.4
Crimson Rift 2121,"Experience Crimson Rift 2121: a tense, skill-based game where decisions matter and every encounter counts.",Rating Pending,1,4.4
Phantom Ascension 2122,"In Phantom Ascension 2122, players navigate challenging environments while uncovering secrets and facing tough choices.",Teen,1,4.8
Dark Harbor 2123,"Experience Dark Harbor 2123: a tense, skill-based game where decisions matter and every encounter counts.",Everyone 10+,1,4.4
Wild Beacon 2124,Wild Beacon 2124 mixes narrative and action in a polished package with memorable moments.,Everyone,1,4.3
Frozen Saga 2125,Play Frozen Saga 2125 to test your reflexes and strategy across varied levels and scenarios.,Teen,4,4.4
Solar Awakening 2126,"A stylish, focused title, Solar Awakening 2126 emphasizes creative problem solving and emergent play.",Mature 17+,3,2.6
Lunar Beacon 2127,Play Lunar Beacon 2127 to test your reflexes and strategy across varied levels and scenarios. lunar beacon 2127 is a compact but deep adventure focused on exploration and character progression.,Mature 17+,1,3.8
Silent Warden 2128,Silent Warden 2128 blends immersive worldbuilding with satisfying mechanics suitable for newcomers and veterans.,Mature 17+,1,4.5
Vivid Trial 2129,"Experience Vivid Trial 2129: a tense, skill-based game where decisions matter and every encounter counts.",Everyone,1,4.3
Solar Rebellion 2130,"Experience Solar Rebellion 2130: a tense, skill-based game where decisions matter and every encounter counts. in solar rebellion 2130, players navigate challenging environments while uncovering secrets and facing tough choices.",Everyone,1,4.0
Prime Horizons 2131,"Experience Prime Horizons 2131: a tense, skill-based game where decisions matter and every encounter counts. prime horizons 2131 delivers an engaging experience that balances storytelling and gameplay in a rich setting.",Everyone,1,3.3
Galactic Sprint 2132,"Experience Galactic Sprint 2132: a tense, skill-based game where decisions matter and every encounter counts. play galactic sprint 2132 to test your reflexes and strategy across varied levels and scenarios.",Teen,1,4.5
Mythic Quest 2133,"In Mythic Quest 2133, players navigate challenging environments while uncovering secrets and facing tough choices.",Everyone,1,4.6
Hidden Rift 2134,"A stylish, focused title, Hidden Rift 2134 emphasizes creative problem solving and emergent play.",Everyone,1,2.6
Galactic Beacon 2135,"Galactic Beacon 2135 blends immersive worldbuilding with satisfying mechanics suitable for newcomers and veterans. a stylish, focused title, galactic beacon 2135 emphasizes creative problem solving and emergent play.",Mature 17+,1,4.5
Shadow Trial 2136,"Experience Shadow Trial 2136: a tense, skill-based game where decisions matter and every encounter counts. in shadow trial 2136, players navigate challenging environments while uncovering secrets and facing tough choices.",Everyone 10+,1,4.2
Cyber Chronicles 2137,"Experience Cyber Chronicles 2137: a tense, skill-based game where decisions matter and every encounter counts. cyber chronicles 2137 mixes narrative and action in a polished package with memorable moments.",Mature 17+,8,3.7
Wild Run 2138,"Wild Run 2138 is a compact but deep adventure focused on exploration and character progression. in wild run 2138, players navigate challenging environments while uncovering secrets and facing tough choices.",Everyone,1,4.3
Golden Vanguard 2139,Golden Vanguard 2139 blends immersive worldbuilding with satisfying mechanics suitable for newcomers and veterans.,Teen,1,3.3
Cyber Ascension 2140,Cyber Ascension 2140 is a compact but deep adventure focused on exploration and character progression. cyber ascension 2140 is a compact but deep adventure focused on exploration and character progression.,Everyone,1,3.5
Iron Forge 2141,Iron Forge 2141 is a compact but deep adventure focused on exploration and character progression. iron forge 2141 mixes narrative and action in a polished package with memorable moments.,Everyone,1,4.7
Last Rebellion 2142,"Last Rebellion 2142 blends immersive worldbuilding with satisfying mechanics suitable for newcomers and veterans. in last rebellion 2142, players navigate challenging environments while uncovering secrets and facing tough choices.",Everyone,1,4.3
Ancient Empire 2143,Ancient Empire 2143 blends immersive worldbuilding with satisfying mechanics suitable for newcomers and veterans.,Mature 17+,1,4.3
Solar Dreams 2144,Solar Dreams 2144 blends immersive worldbuilding with satisfying mechanics suitable for newcomers and veterans.,Everyone 10+,1,3.7
Last Signal 2145,Last Signal 2145 delivers an engaging experience that balances storytelling and gameplay in a rich setting.,Teen,1,3.4
Solar Ascension 2146,"Experience Solar Ascension 2146: a tense, skill-based game where decisions matter and every encounter counts.",Teen,1,3.3
Neon Sprint 2147,Neon Sprint 2147 mixes narrative and action in a polished package with memorable moments.,Everyone 10+,3,4.3
Silent Frontier 2148,Silent Frontier 2148 delivers an engaging experience that balances storytelling and gameplay in a rich setting.,Everyone 10+,1,3.8
Phantom Quest 2149,"Play Phantom Quest 2149 to test your reflexes and strategy across varied levels and scenarios. a stylish, focused title, phantom quest 2149 emphasizes creative problem solving and emergent play.",Mature 17+,8,4.3
Prime Rift 2150,Prime Rift 2150 mixes narrative and action in a polished package with memorable moments. play prime rift 2150 to test your reflexes and strategy across varied levels and scenarios.,Mature 17+,1,2.8
Rogue Echo 2151,Rogue Echo 2151 is a compact but deep adventure focused on exploration and character progression.,Everyone 10+,1,3.6
Secret Run 2152,"Experience Secret Run 2152: a tense, skill-based game where decisions matter and every encounter counts.",Teen,1,4.0
Lost Vanguard 2153,Lost Vanguard 2153 mixes narrative and action in a polished package with memorable moments. lost vanguard 2153 delivers an engaging experience that balances storytelling and gameplay in a rich setting.,Everyone 10+,1,4.0
Secret Rift 2154,"Experience Secret Rift 2154: a tense, skill-based game where decisions matter and every encounter counts.",Mature 17+,1,2.8
Secret Fall 2155,"In Secret Fall 2155, players navigate challenging environments while uncovering secrets and facing tough choices.",Mature 17+,1,4.5
Phantom Origin 2156,"Experience Phantom Origin 2156: a tense, skill-based game where decisions matter and every encounter counts.",Everyone 10+,1,3.3
Solar Rebellion 2157,"A stylish, focused title, Solar Rebellion 2157 emphasizes creative problem solving and emergent play.",Mature 17+,1,4.4
Infinite Odyssey 2158,Infinite Odyssey 2158 blends immersive worldbuilding with satisfying mechanics suitable for newcomers and veterans.,Everyone,1,4.6
Infinite Storm 2159,Infinite Storm 2159 is a compact but deep adventure focused on exploration and character progression.,Rating Pending,1,4.0
Eternal Tides 2160,"Experience Eternal Tides 2160: a tense, skill-based game where decisions matter and every encounter counts.",Teen,1,3.7
First Tides 2161,"Experience First Tides 2161: a tense, skill-based game where decisions matter and every encounter counts.",Teen,1,4.7
Ancient Vanguard 2162,Ancient Vanguard 2162 mixes narrative and action in a polished package with memorable moments.,Teen,1,4.8
Last Vanguard 2163,"Experience Last Vanguard 2163: a tense, skill-based game where decisions matter and every encounter counts. experience last vanguard 2163: a tense, skill-based game where decisions matter and every encounter counts.",Teen,1,4.8
Eternal Saga 2164,"Experience Eternal Saga 2164: a tense, skill-based game where decisions matter and every encounter counts.",Everyone,1,4.0
Rogue Fall 2165,Rogue Fall 2165 mixes narrative and action in a polished package with memorable moments.,Teen,1,3.9
Wild Nomad 2166,Wild Nomad 2166 blends immersive worldbuilding with satisfying mechanics suitable for newcomers and veterans. wild nomad 2166 delivers an engaging experience that balances storytelling and gameplay in a rich setting.,Rating Pending,3,4.7
Prime Vanguard 2167,Prime Vanguard 2167 blends immersive worldbuilding with satisfying mechanics suitable for newcomers and veterans.,Mature 17+,1,4.9
Last Tides 2168,Last Tides 2168 mixes narrative and action in a polished package with memorable moments.,Mature 17+,1,3.7
Galactic Dreams 2169,"Galactic Dreams 2169 is a compact but deep adventure focused on exploration and character progression. experience galactic dreams 2169: a tense, skill-based game where decisions matter and every encounter counts.",Everyone,3,4.0
Dark Horizons 2170,Dark Horizons 2170 delivers an engaging experience that balances storytelling and gameplay in a rich setting.,Teen,1,3.7
Infinite Awakening 2171,Infinite Awakening 2171 mixes narrative and action in a polished package with memorable moments. play infinite awakening 2171 to test your reflexes and strategy across varied levels and scenarios.,Mature 17+,1,4.1
Shadow Chronicles 2172,Shadow Chronicles 2172 is a compact but deep adventure focused on exploration and character progression.,Everyone,1,4.5
Infinite Warden 2173,Infinite Warden 2173 is a compact but deep adventure focused on exploration and character progression.,Teen,2,3.3
First Legends 2174,"A stylish, focused title, First Legends 2174 emphasizes creative problem solving and emergent play.",Everyone,8,3.7
Rogue Awakening 2175,"Experience Rogue Awakening 2175: a tense, skill-based game where decisions matter and every encounter counts.",Everyone,1,3.1
Broken Saga 2176,"In Broken Saga 2176, players navigate challenging environments while uncovering secrets and facing tough choices.",Everyone 10+,1,4.4
Solar Realm 2177,"Experience Solar Realm 2177: a tense, skill-based game where decisions matter and every encounter counts. play solar realm 2177 to test your reflexes and strategy across varied levels and scenarios.",Everyone,1,3.6
Iron Horizons 2178,Iron Horizons 2178 mixes narrative and action in a polished package with memorable moments.,Mature 17+,1,3.8
Rogue Horizons 2179,"In Rogue Horizons 2179, players navigate challenging environments while uncovering secrets and facing tough choices.",Teen,1,4.0
Infinite Saga 2180,Infinite Saga 2180 mixes narrative and action in a polished package with memorable moments.,Everyone,1,2.8
First Beacon 2181,Play First Beacon 2181 to test your reflexes and strategy across varied levels and scenarios.,Everyone 10+,1,3.1
Wild Origin 2182,Wild Origin 2182 is a compact but deep adventure focused on exploration and character progression.,Everyone,1,3.4
Silent Awakening 2183,Play Silent Awakening 2183 to test your reflexes and strategy across varied levels and scenarios.,Everyone,1,4.0
Lost Trial 2184,Lost Trial 2184 mixes narrative and action in a polished package with memorable moments.,Rating Pending,1,2.9
Last Frontier 2185,"In Last Frontier 2185, players navigate challenging environments while uncovering secrets and facing tough choices.",Early Childhood,1,4.1
Dark Forge 2186,"In Dark Forge 2186, players navigate challenging environments while uncovering secrets and facing tough choices.",Teen,1,2.7
Broken Sprint 2187,Broken Sprint 2187 is a compact but deep adventure focused on exploration and character progression. broken sprint 2187 is a compact but deep adventure focused on exploration and character progression.,Everyone,1,3.7
Infinite Rift 2188,"Experience Infinite Rift 2188: a tense, skill-based game where decisions matter and every encounter counts.",Teen,1,4.3
Solar Echo 2189,Solar Echo 2189 blends immersive worldbuilding with satisfying mechanics suitable for newcomers and veterans.,Mature 17+,1,2.8
First Quest 2190,"Play First Quest 2190 to test your reflexes and strategy across varied levels and scenarios. a stylish, focused title, first quest 2190 emphasizes creative problem solving and emergent play.",Mature 17+,1,3.7
Iron Echo 2191,Play Iron Echo 2191 to test your reflexes and strategy across varied levels and scenarios.,Teen,1,4.9
Ancient Echo 2192,Ancient Echo 2192 delivers an engaging experience that balances storytelling and gameplay in a rich setting.,Everyone,1,3.5
Broken Ascension 2193,Broken Ascension 2193 blends immersive worldbuilding with satisfying mechanics suitable for newcomers and veterans. play broken ascension 2193 to test your reflexes and strategy across varied levels and scenarios.,Mature 17+,1,4.7
Shadow Saga 2194,Shadow Saga 2194 blends immersive worldbuilding with satisfying mechanics suitable for newcomers and veterans.,Everyone 10+,1,4.0
Eternal Trial 2195,"Experience Eternal Trial 2195: a tense, skill-based game where decisions matter and every encounter counts. experience eternal trial 2195: a tense, skill-based game where decisions matter and every encounter counts.",Mature 17+,1,4.7
Cyber Sprint 2196,"In Cyber Sprint 2196, players navigate challenging environments while uncovering secrets and facing tough choices.",Everyone,4,4.5
Crimson Echo 2197,"Experience Crimson Echo 2197: a tense, skill-based game where decisions matter and every encounter counts.",Everyone 10+,1,4.0
Secret Rift 2198,"A stylish, focused title, Secret Rift 2198 emphasizes creative problem solving and emergent play.",Teen,1,4.5
Shadow Fall 2199,Shadow Fall 2199 delivers an engaging experience that balances storytelling and gameplay in a rich setting.,Teen,1,4.2
Dark Harbor 2200,"Dark Harbor 2200 mixes narrative and action in a polished package with memorable moments. in dark harbor 2200, players navigate challenging environments while uncovering secrets and facing tough choices.",Mature 17+,1,3.9
Neon Signal 2201,"A stylish, focused title, Neon Signal 2201 emphasizes creative problem solving and emergent play.",Everyone,1,4.3
Frozen Saga 2202,"In Frozen Saga 2202, players navigate challenging environments while uncovering secrets and facing tough choices.",Mature 17+,1,3.7
Digital Rebellion 2203,Digital Rebellion 2203 mixes narrative and action in a polished package with memorable moments.,Everyone,1,3.8
Cyber Odyssey 2204,Cyber Odyssey 2204 is a compact but deep adventure focused on exploration and character progression.,Mature 17+,1,3.0
Last Realm 2205,Last Realm 2205 is a compact but deep adventure focused on exploration and character progression. last realm 2205 delivers an engaging experience that balances storytelling and gameplay in a rich setting.,Mature 17+,1,4.5
Frozen Storm 2206,"Experience Frozen Storm 2206: a tense, skill-based game where decisions matter and every encounter counts.",Everyone 10+,1,4.3
Phantom Beacon 2207,Phantom Beacon 2207 delivers an engaging experience that balances storytelling and gameplay in a rich setting.,Mature 17+,1,4.4
Solar Trial 2208,"Experience Solar Trial 2208: a tense, skill-based game where decisions matter and every encounter counts.",Everyone,1,3.8
Silent Vanguard 2209,"Experience Silent Vanguard 2209: a tense, skill-based game where decisions matter and every encounter counts.",Everyone 10+,1,4.6
Infinite Trial 2210,Infinite Trial 2210 is a compact but deep adventure focused on exploration and character progression.,Everyone 10+,4,4.5
Vivid Ascension 2211,Vivid Ascension 2211 is a compact but deep adventure focused on exploration and character progression.,Mature 17+,1,4.1
Crimson Dreams 2212,Crimson Dreams 2212 is a compact but deep adventure focused on exploration and character progression.,Everyone 10+,1,4.4
Broken Realm 2213,Play Broken Realm 2213 to test your reflexes and strategy across varied levels and scenarios.,Rating Pending,1,4.6
Wild Frontier 2214,Play Wild Frontier 2214 to test your reflexes and strategy across varied levels and scenarios. wild frontier 2214 is a compact but deep adventure focused on exploration and character progression.,Everyone,1,4.4
Hidden Rift 2215,Play Hidden Rift 2215 to test your reflexes and strategy across varied levels and scenarios.,Teen,1,3.9
Vivid Horizons 2216,"In Vivid Horizons 2216, players navigate challenging environments while uncovering secrets and facing tough choices.",Everyone,1,3.6
Iron Sprint 2217,"Iron Sprint 2217 blends immersive worldbuilding with satisfying mechanics suitable for newcomers and veterans. a stylish, focused title, iron sprint 2217 emphasizes creative problem solving and emergent play.",Teen,1,3.0
Broken Run 2218,Broken Run 2218 is a compact but deep adventure focused on exploration and character progression.,Everyone,1,3.3
Cyber Run 2219,Cyber Run 2219 blends immersive worldbuilding with satisfying mechanics suitable for newcomers and veterans.,Everyone,1,4.5
Cyber Vanguard 2220,"Experience Cyber Vanguard 2220: a tense, skill-based game where decisions matter and every encounter counts.",Mature 17+,1,3.1
Infinite Dreams 2221,Infinite Dreams 2221 mixes narrative and action in a polished package with memorable moments.,Everyone 10+,1,3.9
Rogue Forge 2222,Play Rogue Forge 2222 to test your reflexes and strategy across varied levels and scenarios.,Everyone,1,4.7
Wild Run 2223,"In Wild Run 2223, players navigate challenging environments while uncovering secrets and facing tough choices.",Teen,1,2.9
Crimson Warden 2224,"Experience Crimson Warden 2224: a tense, skill-based game where decisions matter and every encounter counts.",Everyone,1,3.7
Prime Beacon 2225,Prime Beacon 2225 is a compact but deep adventure focused on exploration and character progression.,Teen,1,4.5
Solar Awakening 2226,"In Solar Awakening 2226, players navigate challenging environments while uncovering secrets and facing tough choices.",Everyone,1,4.4
Neon Vanguard 2227,Neon Vanguard 2227 is a compact but deep adventure focused on exploration and character progression.,Mature 17+,1,3.1
Silent Rift 2228,Silent Rift 2228 mixes narrative and action in a polished package with memorable moments.,Everyone,8,4.5
Galactic Origin 2229,"Experience Galactic Origin 2229: a tense, skill-based game where decisions matter and every encounter counts.",Teen,1,1.9
Infinite Quest 2230,"Infinite Quest 2230 is a compact but deep adventure focused on exploration and character progression. in infinite quest 2230, players navigate challenging environments while uncovering secrets and facing tough choices.",Mature 17+,1,3.1
Mythic Frontier 2231,Mythic Frontier 2231 mixes narrative and action in a polished package with memorable moments.,Everyone 10+,2,4.4
Crimson Dreams 2232,"Experience Crimson Dreams 2232: a tense, skill-based game where decisions matter and every encounter counts.",Mature 17+,1,3.4
Last Legends 2233,Last Legends 2233 blends immersive worldbuilding with satisfying mechanics suitable for newcomers and veterans.,Teen,1,3.7
Iron Fall 2234,Iron Fall 2234 blends immersive worldbuilding with satisfying mechanics suitable for newcomers and veterans.,Everyone,1,3.6
Shadow Run 2235,Play Shadow Run 2235 to test your reflexes and strategy across varied levels and scenarios.,Everyone,1,3.8
Galactic Vanguard 2236,"A stylish, focused title, Galactic Vanguard 2236 emphasizes creative problem solving and emergent play. experience galactic vanguard 2236: a tense, skill-based game where decisions matter and every encounter counts.",Mature 17+,1,4.4
Cyber Rebellion 2237,Cyber Rebellion 2237 blends immersive worldbuilding with satisfying mechanics suitable for newcomers and veterans.,Everyone,1,3.3
Crimson Horizons 2238,"Crimson Horizons 2238 is a compact but deep adventure focused on exploration and character progression. experience crimson horizons 2238: a tense, skill-based game where decisions matter and every encounter counts.",Everyone,1,2.6
Secret Ascension 2239,"A stylish, focused title, Secret Ascension 2239 emphasizes creative problem solving and emergent play.",Everyone,1,4.3
Last Sprint 2240,"Last Sprint 2240 is a compact but deep adventure focused on exploration and character progression. a stylish, focused title, last sprint 2240 emphasizes creative problem solving and emergent play.",Teen,2,3.9
Crimson Ascension 2241,Crimson Ascension 2241 delivers an engaging experience that balances storytelling and gameplay in a rich setting.,Mature 17+,1,3.0
Crimson Horizons 2242,"A stylish, focused title, Crimson Horizons 2242 emphasizes creative problem solving and emergent play. experience crimson horizons 2242: a tense, skill-based game where decisions matter and every encounter counts.",Everyone 10+,1,4.0
Mythic Legends 2243,Mythic Legends 2243 is a compact but deep adventure focused on exploration and character progression.,Mature 17+,1,4.6
Crimson Origin 2244,Crimson Origin 2244 is a compact but deep adventure focused on exploration and character progression.,Everyone,8,3.3
Lunar Saga 2245,"A stylish, focused title, Lunar Saga 2245 emphasizes creative problem solving and emergent play.",Everyone 10+,8,3.5
Neon Empire 2246,"A stylish, focused title, Neon Empire 2246 emphasizes creative problem solving and emergent play.",Teen,1,3.4
Vivid Dreams 2247,Vivid Dreams 2247 blends immersive worldbuilding with satisfying mechanics suitable for newcomers and veterans.,Mature 17+,1,2.4
Dark Horizons 2248,"In Dark Horizons 2248, players navigate challenging environments while uncovering secrets and facing tough choices.",Mature 17+,1,4.7
Galactic Realm 2249,Galactic Realm 2249 delivers an engaging experience that balances storytelling and gameplay in a rich setting.,Everyone,8,3.6
Lunar Fall 2250,Lunar Fall 2250 blends immersive worldbuilding with satisfying mechanics suitable for newcomers and veterans.,Everyone,1,3.8
Ancient Tides 2251,"Play Ancient Tides 2251 to test your reflexes and strategy across varied levels and scenarios. experience ancient tides 2251: a tense, skill-based game where decisions matter and every encounter counts.",Mature 17+,1,4.0
Secret Horizons 2252,Secret Horizons 2252 blends immersive worldbuilding with satisfying mechanics suitable for newcomers and veterans.,Everyone 10+,1,4.0
Shadow Rift 2253,Play Shadow Rift 2253 to test your reflexes and strategy across varied levels and scenarios.,Teen,1,4.9
Golden Rebellion 2254,"Golden Rebellion 2254 delivers an engaging experience that balances storytelling and gameplay in a rich setting. a stylish, focused title, golden rebellion 2254 emphasizes creative problem solving and emergent play.",Mature 17+,1,3.3
Last Warden 2255,"Experience Last Warden 2255: a tense, skill-based game where decisions matter and every encounter counts.",Everyone,1,3.9
Wild Horizons 2256,"Wild Horizons 2256 mixes narrative and action in a polished package with memorable moments. a stylish, focused title, wild horizons 2256 emphasizes creative problem solving and emergent play.",Mature 17+,1,3.6
Crimson Chronicles 2257,Crimson Chronicles 2257 is a compact but deep adventure focused on exploration and character progression.,Teen,1,3.9
Digital Odyssey 2258,"In Digital Odyssey 2258, players navigate challenging environments while uncovering secrets and facing tough choices.",Everyone 10+,1,3.6
Solar Nomad 2259,"Experience Solar Nomad 2259: a tense, skill-based game where decisions matter and every encounter counts.",Teen,1,3.6
Eternal Awakening 2260,"A stylish, focused title, Eternal Awakening 2260 emphasizes creative problem solving and emergent play.",Mature 17+,1,2.8
Lost Storm 2261,Lost Storm 2261 mixes narrative and action in a polished package with memorable moments.,Teen,2,4.9
Eternal Ascension 2262,"Play Eternal Ascension 2262 to test your reflexes and strategy across varied levels and scenarios. a stylish, focused title, eternal ascension 2262 emphasizes creative problem solving and emergent play.",Everyone,1,3.5
Mythic Echo 2263,"In Mythic Echo 2263, players navigate challenging environments while uncovering secrets and facing tough choices.",Mature 17+,1,3.3
Phantom Saga 2264,"Phantom Saga 2264 mixes narrative and action in a polished package with memorable moments. experience phantom saga 2264: a tense, skill-based game where decisions matter and every encounter counts.",Early Childhood,1,4.9
Digital Harbor 2265,"A stylish, focused title, Digital Harbor 2265 emphasizes creative problem solving and emergent play. digital harbor 2265 delivers an engaging experience that balances storytelling and gameplay in a rich setting.",Teen,1,2.5
Phantom Nomad 2266,"A stylish, focused title, Phantom Nomad 2266 emphasizes creative problem solving and emergent play.",Mature 17+,8,3.2
Golden Ascension 2267,Golden Ascension 2267 is a compact but deep adventure focused on exploration and character progression.,Teen,1,4.8
Iron Frontier 2268,Iron Frontier 2268 blends immersive worldbuilding with satisfying mechanics suitable for newcomers and veterans. iron frontier 2268 blends immersive worldbuilding with satisfying mechanics suitable for newcomers and veterans.,Teen,1,4.5
Digital Frontier 2269,"A stylish, focused title, Digital Frontier 2269 emphasizes creative problem solving and emergent play.",Everyone,1,4.5
Hidden Nomad 2270,"A stylish, focused title, Hidden Nomad 2270 emphasizes creative problem solving and emergent play. play hidden nomad 2270 to test your reflexes and strategy across varied levels and scenarios.",Mature 17+,1,4.2
Ancient Warden 2271,Ancient Warden 2271 mixes narrative and action in a polished package with memorable moments.,Everyone,1,3.1
Rogue Ascension 2272,Rogue Ascension 2272 blends immersive worldbuilding with satisfying mechanics suitable for newcomers and veterans.,Rating Pending,1,4.2
Lunar Nomad 2273,"Lunar Nomad 2273 is a compact but deep adventure focused on exploration and character progression. in lunar nomad 2273, players navigate challenging environments while uncovering secrets and facing tough choices.",Teen,1,3.1
Lost Nomad 2274,"Experience Lost Nomad 2274: a tense, skill-based game where decisions matter and every encounter counts.",Mature 17+,1,4.8
First Saga 2275,First Saga 2275 delivers an engaging experience that balances storytelling and gameplay in a rich setting.,Everyone,1,4.2
Ancient Realm 2276,Ancient Realm 2276 delivers an engaging experience that balances storytelling and gameplay in a rich setting. play ancient realm 2276 to test your reflexes and strategy across varied levels and scenarios.,Teen,1,3.1
Shadow Frontier 2277,"Experience Shadow Frontier 2277: a tense, skill-based game where decisions matter and every encounter counts. shadow frontier 2277 blends immersive worldbuilding with satisfying mechanics suitable for newcomers and veterans.",Teen,1,3.5
First Warden 2278,First Warden 2278 mixes narrative and action in a polished package with memorable moments.,Everyone,1,3.5
Secret Nomad 2279,Secret Nomad 2279 mixes narrative and action in a polished package with memorable moments.,Teen,1,4.4
Eternal Awakening 2280,"A stylish, focused title, Eternal Awakening 2280 emphasizes creative problem solving and emergent play.",Mature 17+,1,4.4
Vivid Empire 2281,Play Vivid Empire 2281 to test your reflexes and strategy across varied levels and scenarios.,Mature 17+,4,4.9
Wild Storm 2282,Wild Storm 2282 is a compact but deep adventure focused on exploration and character progression. wild storm 2282 mixes narrative and action in a polished package with memorable moments.,Teen,1,4.9
Rogue Forge 2283,Rogue Forge 2283 blends immersive worldbuilding with satisfying mechanics suitable for newcomers and veterans. rogue forge 2283 is a compact but deep adventure focused on exploration and character progression.,Teen,1,2.4
Lunar Chronicles 2284,Play Lunar Chronicles 2284 to test your reflexes and strategy across varied levels and scenarios.,Mature 17+,3,2.8
Wild Forge 2285,"In Wild Forge 2285, players navigate challenging environments while uncovering secrets and facing tough choices.",Everyone,1,2.7
Infinite Nomad 2286,"A stylish, focused title, Infinite Nomad 2286 emphasizes creative problem solving and emergent play.",Mature 17+,3,4.9
Solar Quest 2287,"Experience Solar Quest 2287: a tense, skill-based game where decisions matter and every encounter counts.",Rating Pending,1,3.3
Frozen Trial 2288,Frozen Trial 2288 delivers an engaging experience that balances storytelling and gameplay in a rich setting.,Everyone,8,4.2
First Vanguard 2289,First Vanguard 2289 mixes narrative and action in a polished package with memorable moments.,Teen,1,4.5
Last Dreams 2290,Last Dreams 2290 mixes narrative and action in a polished package with memorable moments.,Everyone 10+,8,4.2
Vivid Beacon 2291,Vivid Beacon 2291 blends immersive worldbuilding with satisfying mechanics suitable for newcomers and veterans.,Mature 17+,4,3.2
Neon Sprint 2292,"Experience Neon Sprint 2292: a tense, skill-based game where decisions matter and every encounter counts.",Teen,1,4.2
Shadow Echo 2293,"Experience Shadow Echo 2293: a tense, skill-based game where decisions matter and every encounter counts.",Everyone 10+,4,3.0
Neon Legends 2294,"A stylish, focused title, Neon Legends 2294 emphasizes creative problem solving and emergent play.",Everyone,1,3.4
Solar Realm 2295,"Experience Solar Realm 2295: a tense, skill-based game where decisions matter and every encounter counts.",Everyone,1,4.9
Lunar Realm 2296,Lunar Realm 2296 mixes narrative and action in a polished package with memorable moments.,Mature 17+,1,3.5
Solar Empire 2297,Solar Empire 2297 delivers an engaging experience that balances storytelling and gameplay in a rich setting.,Teen,1,4.3
Digital Dreams 2298,Digital Dreams 2298 delivers an engaging experience that balances storytelling and gameplay in a rich setting.,Teen,1,4.4
Ancient Storm 2299,"A stylish, focused title, Ancient Storm 2299 emphasizes creative problem solving and emergent play.",Everyone,1,4.3
Neon Ascension 2300,"Experience Neon Ascension 2300: a tense, skill-based game where decisions matter and every encounter counts.",Everyone 10+,1,3.2
Crimson Origin 2301,Crimson Origin 2301 mixes narrative and action in a polished package with memorable moments.,Teen,1,2.8
Last Awakening 2302,Play Last Awakening 2302 to test your reflexes and strategy across varied levels and scenarios.,Everyone 10+,1,4.6
Mythic Vanguard 2303,Mythic Vanguard 2303 mixes narrative and action in a polished package with memorable moments. play mythic vanguard 2303 to test your reflexes and strategy across varied levels and scenarios.,Mature 17+,1,3.8
Hidden Forge 2304,"A stylish, focused title, Hidden Forge 2304 emphasizes creative problem solving and emergent play.",Mature 17+,1,4.5
Iron Signal 2305,"In Iron Signal 2305, players navigate challenging environments while uncovering secrets and facing tough choices. iron signal 2305 is a compact but deep adventure focused on exploration and character progression.",Everyone 10+,1,3.8
Prime Warden 2306,Prime Warden 2306 is a compact but deep adventure focused on exploration and character progression.,Rating Pending,1,4.5
Infinite Legends 2307,Infinite Legends 2307 delivers an engaging experience that balances storytelling and gameplay in a rich setting.,Mature 17+,1,3.8
Phantom Trial 2308,Phantom Trial 2308 is a compact but deep adventure focused on exploration and character progression.,Mature 17+,1,2.9
Shadow Empire 2309,Shadow Empire 2309 delivers an engaging experience that balances storytelling and gameplay in a rich setting.,Everyone 10+,4,3.7
Hidden Forge 2310,Play Hidden Forge 2310 to test your reflexes and strategy across varied levels and scenarios.,Teen,3,3.3
Secret Legends 2311,Play Secret Legends 2311 to test your reflexes and strategy across varied levels and scenarios. play secret legends 2311 to test your reflexes and strategy across varied levels and scenarios.,Mature 17+,1,4.2
Last Forge 2312,"Experience Last Forge 2312: a tense, skill-based game where decisions matter and every encounter counts.",Mature 17+,1,3.3
Galactic Quest 2313,Play Galactic Quest 2313 to test your reflexes and strategy across varied levels and scenarios.,Adults Only 18+,1,4.6
Galactic Beacon 2314,Galactic Beacon 2314 blends immersive worldbuilding with satisfying mechanics suitable for newcomers and veterans.,Everyone,1,4.2
Broken Warden 2315,Broken Warden 2315 blends immersive worldbuilding with satisfying mechanics suitable for newcomers and veterans. broken warden 2315 mixes narrative and action in a polished package with memorable moments.,Mature 17+,1,4.0
Eternal Nomad 2316,Eternal Nomad 2316 mixes narrative and action in a polished package with memorable moments.,Mature 17+,2,3.0
Lunar Rift 2317,Lunar Rift 2317 delivers an engaging experience that balances storytelling and gameplay in a rich setting.,Mature 17+,1,4.5
Cyber Horizons 2318,Cyber Horizons 2318 delivers an engaging experience that balances storytelling and gameplay in a rich setting.,Everyone,4,3.8
Galactic Vanguard 2319,"A stylish, focused title, Galactic Vanguard 2319 emphasizes creative problem solving and emergent play.",Mature 17+,1,3.9
Secret Storm 2320,Secret Storm 2320 delivers an engaging experience that balances storytelling and gameplay in a rich setting. secret storm 2320 delivers an engaging experience that balances storytelling and gameplay in a rich setting.,Everyone,1,4.2
Secret Rebellion 2321,Secret Rebellion 2321 delivers an engaging experience that balances storytelling and gameplay in a rich setting.,Everyone 10+,1,4.5
Cyber Saga 2322,Cyber Saga 2322 blends immersive worldbuilding with satisfying mechanics suitable for newcomers and veterans.,Teen,1,4.0
Silent Sprint 2323,"Play Silent Sprint 2323 to test your reflexes and strategy across varied levels and scenarios. in silent sprint 2323, players navigate challenging environments while uncovering secrets and facing tough choices.",Everyone,1,4.0
Solar Signal 2324,Solar Signal 2324 blends immersive worldbuilding with satisfying mechanics suitable for newcomers and veterans. solar signal 2324 mixes narrative and action in a polished package with memorable moments.,Mature 17+,1,3.7
Phantom Chronicles 2325,"Experience Phantom Chronicles 2325: a tense, skill-based game where decisions matter and every encounter counts.",Teen,1,3.4
Cyber Tides 2326,Cyber Tides 2326 delivers an engaging experience that balances storytelling and gameplay in a rich setting.,Mature 17+,1,4.7
First Storm 2327,First Storm 2327 blends immersive worldbuilding with satisfying mechanics suitable for newcomers and veterans.,Everyone 10+,1,4.7
Last Signal 2328,Last Signal 2328 is a compact but deep adventure focused on exploration and character progression.,Teen,1,4.3
Rogue Saga 2329,Rogue Saga 2329 is a compact but deep adventure focused on exploration and character progression.,Teen,3,3.6
Golden Origin 2330,"In Golden Origin 2330, players navigate challenging environments while uncovering secrets and facing tough choices. golden origin 2330 mixes narrative and action in a polished package with memorable moments.",Everyone,1,2.9
Digital Odyssey 2331,Digital Odyssey 2331 delivers an engaging experience that balances storytelling and gameplay in a rich setting.,Mature 17+,1,3.7
Vivid Nomad 2332,"Experience Vivid Nomad 2332: a tense, skill-based game where decisions matter and every encounter counts.",Teen,8,4.7
Vivid Harbor 2333,Play Vivid Harbor 2333 to test your reflexes and strategy across varied levels and scenarios.,Mature 17+,1,4.1
Silent Harbor 2334,"In Silent Harbor 2334, players navigate challenging environments while uncovering secrets and facing tough choices.",Rating Pending,1,4.1
Wild Sprint 2335,Wild Sprint 2335 delivers an engaging experience that balances storytelling and gameplay in a rich setting.,Everyone 10+,8,4.8
Prime Beacon 2336,"Experience Prime Beacon 2336: a tense, skill-based game where decisions matter and every encounter counts.",Everyone 10+,2,4.4
Rogue Forge 2337,Rogue Forge 2337 is a compact but deep adventure focused on exploration and character progression.,Mature 17+,1,4.7
Silent Trial 2338,Silent Trial 2338 blends immersive worldbuilding with satisfying mechanics suitable for newcomers and veterans.,Mature 17+,1,3.9
Ancient Fall 2339,"Play Ancient Fall 2339 to test your reflexes and strategy across varied levels and scenarios. in ancient fall 2339, players navigate challenging environments while uncovering secrets and facing tough choices.",Mature 17+,1,4.2
Frozen Rebellion 2340,"In Frozen Rebellion 2340, players navigate challenging environments while uncovering secrets and facing tough choices.",Everyone 10+,1,3.3
Lunar Realm 2341,Play Lunar Realm 2341 to test your reflexes and strategy across varied levels and scenarios.,Mature 17+,1,3.5
Golden Storm 2342,"In Golden Storm 2342, players navigate challenging environments while uncovering secrets and facing tough choices.",Mature 17+,1,3.4
Broken Warden 2343,Play Broken Warden 2343 to test your reflexes and strategy across varied levels and scenarios.,Teen,1,4.1
Mythic Origin 2344,"A stylish, focused title, Mythic Origin 2344 emphasizes creative problem solving and emergent play.",Teen,1,4.5
Ancient Vanguard 2345,Ancient Vanguard 2345 is a compact but deep adventure focused on exploration and character progression. ancient vanguard 2345 mixes narrative and action in a polished package with memorable moments.,Mature 17+,1,4.8
Galactic Vanguard 2346,Galactic Vanguard 2346 blends immersive worldbuilding with satisfying mechanics suitable for newcomers and veterans.,Mature 17+,1,4.9
Vivid Horizons 2347,"Experience Vivid Horizons 2347: a tense, skill-based game where decisions matter and every encounter counts.",Teen,1,3.6
Solar Origin 2348,"Experience Solar Origin 2348: a tense, skill-based game where decisions matter and every encounter counts.",Teen,1,3.0
Silent Rift 2349,Silent Rift 2349 is a compact but deep adventure focused on exploration and character progression. play silent rift 2349 to test your reflexes and strategy across varied levels and scenarios.,Everyone,1,4.1
Phantom Empire 2350,"In Phantom Empire 2350, players navigate challenging environments while uncovering secrets and facing tough choices. phantom empire 2350 is a compact but deep adventure focused on exploration and character progression.",Everyone 10+,1,3.6
Lost Frontier 2351,Lost Frontier 2351 mixes narrative and action in a polished package with memorable moments.,Mature 17+,1,4.1
Secret Trial 2352,"In Secret Trial 2352, players navigate challenging environments while uncovering secrets and facing tough choices.",Mature 17+,8,4.2
Lunar Saga 2353,Lunar Saga 2353 blends immersive worldbuilding with satisfying mechanics suitable for newcomers and veterans.,Everyone 10+,1,4.1
Dark Frontier 2354,"In Dark Frontier 2354, players navigate challenging environments while uncovering secrets and facing tough choices.",Rating Pending,3,3.1
Vivid Echo 2355,Vivid Echo 2355 delivers an engaging experience that balances storytelling and gameplay in a rich setting.,Teen,3,4.8
Wild Saga 2356,"In Wild Saga 2356, players navigate challenging environments while uncovering secrets and facing tough choices.",Teen,1,3.8
Dark Rebellion 2357,Dark Rebellion 2357 mixes narrative and action in a polished package with memorable moments.,Everyone,1,3.5
Frozen Beacon 2358,"A stylish, focused title, Frozen Beacon 2358 emphasizes creative problem solving and emergent play. a stylish, focused title, frozen beacon 2358 emphasizes creative problem solving and emergent play.",Teen,1,3.2
Galactic Signal 2359,Galactic Signal 2359 is a compact but deep adventure focused on exploration and character progression.,Everyone,1,2.5
Secret Awakening 2360,"A stylish, focused title, Secret Awakening 2360 emphasizes creative problem solving and emergent play.",Mature 17+,1,4.4
Crimson Forge 2361,"A stylish, focused title, Crimson Forge 2361 emphasizes creative problem solving and emergent play.",Mature 17+,1,3.8
Silent Storm 2362,Silent Storm 2362 blends immersive worldbuilding with satisfying mechanics suitable for newcomers and veterans.,Rating Pending,1,4.6
Silent Sprint 2363,"Experience Silent Sprint 2363: a tense, skill-based game where decisions matter and every encounter counts. in silent sprint 2363, players navigate challenging environments while uncovering secrets and facing tough choices.",Everyone,1,4.6
Rogue Storm 2364,"Play Rogue Storm 2364 to test your reflexes and strategy across varied levels and scenarios. experience rogue storm 2364: a tense, skill-based game where decisions matter and every encounter counts.",Everyone,1,3.9
Silent Dreams 2365,Silent Dreams 2365 mixes narrative and action in a polished package with memorable moments.,Teen,1,3.9
Prime Signal 2366,"Experience Prime Signal 2366: a tense, skill-based game where decisions matter and every encounter counts. prime signal 2366 blends immersive worldbuilding with satisfying mechanics suitable for newcomers and veterans.",Teen,1,4.1
Secret Echo 2367,"In Secret Echo 2367, players navigate challenging environments while uncovering secrets and facing tough choices.",Teen,1,4.7
Lost Fall 2368,"A stylish, focused title, Lost Fall 2368 emphasizes creative problem solving and emergent play.",Everyone 10+,1,4.1
Secret Awakening 2369,Secret Awakening 2369 is a compact but deep adventure focused on exploration and character progression.,Everyone,1,3.3
First Beacon 2370,"First Beacon 2370 delivers an engaging experience that balances storytelling and gameplay in a rich setting. in first beacon 2370, players navigate challenging environments while uncovering secrets and facing tough choices.",Teen,1,3.4
Phantom Quest 2371,Phantom Quest 2371 blends immersive worldbuilding with satisfying mechanics suitable for newcomers and veterans.,Teen,1,4.7
Shadow Sprint 2372,"Shadow Sprint 2372 is a compact but deep adventure focused on exploration and character progression. in shadow sprint 2372, players navigate challenging environments while uncovering secrets and facing tough choices.",Everyone,1,3.9
Silent Beacon 2373,"In Silent Beacon 2373, players navigate challenging environments while uncovering secrets and facing tough choices.",Teen,1,4.5
Infinite Odyssey 2374,Play Infinite Odyssey 2374 to test your reflexes and strategy across varied levels and scenarios.,Everyone,8,3.2
Frozen Horizons 2375,Play Frozen Horizons 2375 to test your reflexes and strategy across varied levels and scenarios.,Teen,1,4.4
Silent Legends 2376,"Silent Legends 2376 mixes narrative and action in a polished package with memorable moments. in silent legends 2376, players navigate challenging environments while uncovering secrets and facing tough choices.",Everyone,2,3.7
Digital Quest 2377,Digital Quest 2377 delivers an engaging experience that balances storytelling and gameplay in a rich setting.,Rating Pending,1,4.2
Iron Rift 2378,Play Iron Rift 2378 to test your reflexes and strategy across varied levels and scenarios. iron rift 2378 is a compact but deep adventure focused on exploration and character progression.,Everyone,1,4.7
Wild Odyssey 2379,Play Wild Odyssey 2379 to test your reflexes and strategy across varied levels and scenarios.,Everyone,3,4.5
Dark Beacon 2380,Play Dark Beacon 2380 to test your reflexes and strategy across varied levels and scenarios.,Everyone 10+,1,4.0
Broken Warden 2381,"Experience Broken Warden 2381: a tense, skill-based game where decisions matter and every encounter counts.",Mature 17+,1,4.6
Infinite Forge 2382,Infinite Forge 2382 is a compact but deep adventure focused on exploration and character progression.,Mature 17+,2,2.9
Shadow Beacon 2383,Shadow Beacon 2383 is a compact but deep adventure focused on exploration and character progression.,Mature 17+,1,4.1
Galactic Horizons 2384,Galactic Horizons 2384 is a compact but deep adventure focused on exploration and character progression.,Everyone,1,3.3
Silent Quest 2385,Silent Quest 2385 blends immersive worldbuilding with satisfying mechanics suitable for newcomers and veterans.,Everyone,1,4.5
Cyber Chronicles 2386,"Experience Cyber Chronicles 2386: a tense, skill-based game where decisions matter and every encounter counts.",Teen,1,4.3
First Trial 2387,Play First Trial 2387 to test your reflexes and strategy across varied levels and scenarios.,Teen,1,4.0
Infinite Frontier 2388,"A stylish, focused title, Infinite Frontier 2388 emphasizes creative problem solving and emergent play. infinite frontier 2388 blends immersive worldbuilding with satisfying mechanics suitable for newcomers and veterans.",Mature 17+,1,4.3
Broken Dreams 2389,"Experience Broken Dreams 2389: a tense, skill-based game where decisions matter and every encounter counts.",Adults Only 18+,8,4.6
Silent Awakening 2390,"A stylish, focused title, Silent Awakening 2390 emphasizes creative problem solving and emergent play. silent awakening 2390 mixes narrative and action in a polished package with memorable moments.",Teen,1,3.9
Galactic Fall 2391,Galactic Fall 2391 delivers an engaging experience that balances storytelling and gameplay in a rich setting.,Everyone,1,2.9
Phantom Warden 2392,"Experience Phantom Warden 2392: a tense, skill-based game where decisions matter and every encounter counts.",Everyone,1,3.7
Phantom Forge 2393,"Phantom Forge 2393 delivers an engaging experience that balances storytelling and gameplay in a rich setting. in phantom forge 2393, players navigate challenging environments while uncovering secrets and facing tough choices.",Teen,1,4.0
Galactic Sprint 2394,Galactic Sprint 2394 delivers an engaging experience that balances storytelling and gameplay in a rich setting. galactic sprint 2394 blends immersive worldbuilding with satisfying mechanics suitable for newcomers and veterans.,Everyone,3,2.4
Prime Legends 2395,"In Prime Legends 2395, players navigate challenging environments while uncovering secrets and facing tough choices. prime legends 2395 mixes narrative and action in a polished package with memorable moments.",Teen,8,3.5
Silent Tides 2396,"In Silent Tides 2396, players navigate challenging environments while uncovering secrets and facing tough choices.",Everyone 10+,1,4.3
Digital Odyssey 2397,Digital Odyssey 2397 blends immersive worldbuilding with satisfying mechanics suitable for newcomers and veterans.,Rating Pending,1,4.7
Neon Sprint 2398,"In Neon Sprint 2398, players navigate challenging environments while uncovering secrets and facing tough choices. experience neon sprint 2398: a tense, skill-based game where decisions matter and every encounter counts.",Everyone,1,3.4
Crimson Saga 2399,Crimson Saga 2399 is a compact but deep adventure focused on exploration and character progression. crimson saga 2399 mixes narrative and action in a polished package with memorable moments.,Mature 17+,1,3.9
Rogue Harbor 2400,Play Rogue Harbor 2400 to test your reflexes and strategy across varied levels and scenarios. rogue harbor 2400 mixes narrative and action in a polished package with memorable moments.,Everyone,1,4.2
Frozen Sprint 2401,Frozen Sprint 2401 delivers an engaging experience that balances storytelling and gameplay in a rich setting.,Mature 17+,1,3.3
First Legends 2402,First Legends 2402 delivers an engaging experience that balances storytelling and gameplay in a rich setting.,Teen,1,4.1
Shadow Run 2403,"Experience Shadow Run 2403: a tense, skill-based game where decisions matter and every encounter counts.",Everyone,1,3.1
Prime Saga 2404,Prime Saga 2404 blends immersive worldbuilding with satisfying mechanics suitable for newcomers and veterans.,Teen,1,4.1
Vivid Realm 2405,Vivid Realm 2405 is a compact but deep adventure focused on exploration and character progression.,Teen,1,4.1
Silent Signal 2406,Silent Signal 2406 delivers an engaging experience that balances storytelling and gameplay in a rich setting.,Everyone 10+,8,3.4
Infinite Legends 2407,Infinite Legends 2407 delivers an engaging experience that balances storytelling and gameplay in a rich setting. infinite legends 2407 mixes narrative and action in a polished package with memorable moments.,Mature 17+,1,3.8
Phantom Frontier 2408,"In Phantom Frontier 2408, players navigate challenging environments while uncovering secrets and facing tough choices.",Teen,1,4.4
Digital Harbor 2409,"A stylish, focused title, Digital Harbor 2409 emphasizes creative problem solving and emergent play. digital harbor 2409 blends immersive worldbuilding with satisfying mechanics suitable for newcomers and veterans.",Rating Pending,1,4.2
Cyber Dreams 2410,Cyber Dreams 2410 mixes narrative and action in a polished package with memorable moments.,Teen,1,4.6
Shadow Origin 2411,Shadow Origin 2411 delivers an engaging experience that balances storytelling and gameplay in a rich setting.,Mature 17+,1,2.7
Solar Legends 2412,"In Solar Legends 2412, players navigate challenging environments while uncovering secrets and facing tough choices. experience solar legends 2412: a tense, skill-based game where decisions matter and every encounter counts.",Mature 17+,1,3.9
Eternal Storm 2413,Eternal Storm 2413 delivers an engaging experience that balances storytelling and gameplay in a rich setting.,Everyone,1,4.6
Secret Chronicles 2414,Secret Chronicles 2414 blends immersive worldbuilding with satisfying mechanics suitable for newcomers and veterans.,Mature 17+,1,2.3
Eternal Ascension 2415,Play Eternal Ascension 2415 to test your reflexes and strategy across varied levels and scenarios. eternal ascension 2415 blends immersive worldbuilding with satisfying mechanics suitable for newcomers and veterans.,Everyone 10+,4,2.7
Neon Run 2416,"Experience Neon Run 2416: a tense, skill-based game where decisions matter and every encounter counts.",Everyone,1,2.9
First Run 2417,First Run 2417 mixes narrative and action in a polished package with memorable moments. first run 2417 is a compact but deep adventure focused on exploration and character progression.,Mature 17+,2,2.6
Mythic Nomad 2418,Play Mythic Nomad 2418 to test your reflexes and strategy across varied levels and scenarios.,Rating Pending,1,2.5
Last Odyssey 2419,"In Last Odyssey 2419, players navigate challenging environments while uncovering secrets and facing tough choices.",Mature 17+,1,3.4
Vivid Forge 2420,Vivid Forge 2420 delivers an engaging experience that balances storytelling and gameplay in a rich setting.,Everyone,1,4.5
Prime Signal 2421,Prime Signal 2421 is a compact but deep adventure focused on exploration and character progression.,Teen,1,3.6
Mythic Realm 2422,"Play Mythic Realm 2422 to test your reflexes and strategy across varied levels and scenarios. a stylish, focused title, mythic realm 2422 emphasizes creative problem solving and emergent play.",Teen,1,4.3
Iron Run 2423,Iron Run 2423 mixes narrative and action in a polished package with memorable moments. iron run 2423 blends immersive worldbuilding with satisfying mechanics suitable for newcomers and veterans.,Teen,1,3.3
Iron Realm 2424,"Experience Iron Realm 2424: a tense, skill-based game where decisions matter and every encounter counts. in iron realm 2424, players navigate challenging environments while uncovering secrets and facing tough choices.",Teen,1,3.7
First Fall 2425,First Fall 2425 delivers an engaging experience that balances storytelling and gameplay in a rich setting.,Everyone,1,4.1
Mythic Sprint 2426,Mythic Sprint 2426 mixes narrative and action in a polished package with memorable moments. mythic sprint 2426 mixes narrative and action in a polished package with memorable moments.,Mature 17+,1,3.4
Lost Trial 2427,"A stylish, focused title, Lost Trial 2427 emphasizes creative problem solving and emergent play.",Everyone,1,4.5
Silent Trial 2428,"Experience Silent Trial 2428: a tense, skill-based game where decisions matter and every encounter counts.",Mature 17+,1,4.0
Eternal Horizons 2429,Eternal Horizons 2429 blends immersive worldbuilding with satisfying mechanics suitable for newcomers and veterans.,Mature 17+,8,4.2
Cyber Frontier 2430,Cyber Frontier 2430 blends immersive worldbuilding with satisfying mechanics suitable for newcomers and veterans. cyber frontier 2430 is a compact but deep adventure focused on exploration and character progression.,Everyone,3,3.6
Eternal Horizons 2431,Eternal Horizons 2431 blends immersive worldbuilding with satisfying mechanics suitable for newcomers and veterans. play eternal horizons 2431 to test your reflexes and strategy across varied levels and scenarios.,Mature 17+,1,3.8
Secret Run 2432,Secret Run 2432 delivers an engaging experience that balances storytelling and gameplay in a rich setting.,Everyone,4,3.0
Silent Tides 2433,Silent Tides 2433 is a compact but deep adventure focused on exploration and character progression. silent tides 2433 blends immersive worldbuilding with satisfying mechanics suitable for newcomers and veterans.,Mature 17+,1,4.2
Silent Odyssey 2434,Play Silent Odyssey 2434 to test your reflexes and strategy across varied levels and scenarios. silent odyssey 2434 is a compact but deep adventure focused on exploration and character progression.,Mature 17+,2,2.9
Rogue Origin 2435,"In Rogue Origin 2435, players navigate challenging environments while uncovering secrets and facing tough choices. experience rogue origin 2435: a tense, skill-based game where decisions matter and every encounter counts.",Mature 17+,1,4.3
Galactic Fall 2436,Galactic Fall 2436 mixes narrative and action in a polished package with memorable moments.,Rating Pending,1,3.2
Vivid Warden 2437,"A stylish, focused title, Vivid Warden 2437 emphasizes creative problem solving and emergent play.",Everyone,1,3.7
Digital Rebellion 2438,Digital Rebellion 2438 mixes narrative and action in a polished package with memorable moments.,Teen,1,4.0
Rogue Ascension 2439,Rogue Ascension 2439 mixes narrative and action in a polished package with memorable moments.,Everyone,1,4.3
Prime Echo 2440,"Play Prime Echo 2440 to test your reflexes and strategy across varied levels and scenarios. in prime echo 2440, players navigate challenging environments while uncovering secrets and facing tough choices.",Everyone,1,2.9
Phantom Horizons 2441,Phantom Horizons 2441 is a compact but deep adventure focused on exploration and character progression.,Mature 17+,3,4.1
Phantom Chronicles 2442,Phantom Chronicles 2442 is a compact but deep adventure focused on exploration and character progression.,Everyone,1,3.0
Dark Vanguard 2443,Dark Vanguard 2443 blends immersive worldbuilding with satisfying mechanics suitable for newcomers and veterans.,Teen,1,4.3
Silent Odyssey 2444,"Play Silent Odyssey 2444 to test your reflexes and strategy across varied levels and scenarios. a stylish, focused title, silent odyssey 2444 emphasizes creative problem solving and emergent play.",Everyone,1,3.0
Hidden Realm 2445,Hidden Realm 2445 delivers an engaging experience that balances storytelling and gameplay in a rich setting.,Mature 17+,1,3.0
Lost Empire 2446,Lost Empire 2446 mixes narrative and action in a polished package with memorable moments.,Mature 17+,3,4.6
Solar Fall 2447,Solar Fall 2447 delivers an engaging experience that balances storytelling and gameplay in a rich setting. play solar fall 2447 to test your reflexes and strategy across varied levels and scenarios.,Everyone,3,4.8
Iron Awakening 2448,Play Iron Awakening 2448 to test your reflexes and strategy across varied levels and scenarios.,Mature 17+,1,3.7
Secret Beacon 2449,Secret Beacon 2449 blends immersive worldbuilding with satisfying mechanics suitable for newcomers and veterans.,Teen,8,4.3
Iron Nomad 2450,Play Iron Nomad 2450 to test your reflexes and strategy across varied levels and scenarios.,Mature 17+,8,3.1
Shadow Rebellion 2451,"In Shadow Rebellion 2451, players navigate challenging environments while uncovering secrets and facing tough choices.",Everyone,1,4.7
Last Fall 2452,"In Last Fall 2452, players navigate challenging environments while uncovering secrets and facing tough choices.",Mature 17+,1,4.1
Silent Sprint 2453,Play Silent Sprint 2453 to test your reflexes and strategy across varied levels and scenarios.,Mature 17+,1,4.5
Ancient Ascension 2454,Ancient Ascension 2454 is a compact but deep adventure focused on exploration and character progression.,Everyone,1,4.3
Neon Legends 2455,Play Neon Legends 2455 to test your reflexes and strategy across varied levels and scenarios.,Everyone 10+,1,3.6
Hidden Chronicles 2456,"In Hidden Chronicles 2456, players navigate challenging environments while uncovering secrets and facing tough choices.",Teen,3,3.3
Mythic Chronicles 2457,"A stylish, focused title, Mythic Chronicles 2457 emphasizes creative problem solving and emergent play.",Mature 17+,1,3.5
Iron Realm 2458,Iron Realm 2458 is a compact but deep adventure focused on exploration and character progression.,Everyone,1,4.4
Solar Legends 2459,Solar Legends 2459 mixes narrative and action in a polished package with memorable moments.,Everyone,1,4.2
Ancient Origin 2460,Ancient Origin 2460 mixes narrative and action in a polished package with memorable moments.,Everyone 10+,1,1.7
Cyber Vanguard 2461,Cyber Vanguard 2461 is a compact but deep adventure focused on exploration and character progression. cyber vanguard 2461 blends immersive worldbuilding with satisfying mechanics suitable for newcomers and veterans.,Everyone,1,2.9
Secret Nomad 2462,Secret Nomad 2462 is a compact but deep adventure focused on exploration and character progression.,Teen,1,3.8
Lunar Sprint 2463,"Lunar Sprint 2463 is a compact but deep adventure focused on exploration and character progression. experience lunar sprint 2463: a tense, skill-based game where decisions matter and every encounter counts.",Teen,1,4.1
Prime Sprint 2464,Play Prime Sprint 2464 to test your reflexes and strategy across varied levels and scenarios.,Mature 17+,1,4.1
Silent Awakening 2465,Silent Awakening 2465 is a compact but deep adventure focused on exploration and character progression.,Everyone,1,4.3
Last Rebellion 2466,Last Rebellion 2466 delivers an engaging experience that balances storytelling and gameplay in a rich setting.,Rating Pending,4,1.6
First Forge 2467,First Forge 2467 mixes narrative and action in a polished package with memorable moments. first forge 2467 mixes narrative and action in a polished package with memorable moments.,Everyone,1,2.7
Eternal Empire 2468,"A stylish, focused title, Eternal Empire 2468 emphasizes creative problem solving and emergent play.",Rating Pending,1,3.5
Eternal Chronicles 2469,Play Eternal Chronicles 2469 to test your reflexes and strategy across varied levels and scenarios.,Rating Pending,1,3.2
Shadow Frontier 2470,Shadow Frontier 2470 mixes narrative and action in a polished package with memorable moments.,Everyone,1,4.0
Wild Run 2471,Play Wild Run 2471 to test your reflexes and strategy across varied levels and scenarios.,Rating Pending,8,4.5
Neon Empire 2472,Neon Empire 2472 delivers an engaging experience that balances storytelling and gameplay in a rich setting.,Everyone,8,2.6
Mythic Rift 2473,Mythic Rift 2473 mixes narrative and action in a polished package with memorable moments. mythic rift 2473 blends immersive worldbuilding with satisfying mechanics suitable for newcomers and veterans.,Teen,1,3.0
First Rift 2474,First Rift 2474 delivers an engaging experience that balances storytelling and gameplay in a rich setting. first rift 2474 delivers an engaging experience that balances storytelling and gameplay in a rich setting.,Everyone,1,4.5
First Echo 2475,First Echo 2475 blends immersive worldbuilding with satisfying mechanics suitable for newcomers and veterans.,Teen,1,3.0
Infinite Odyssey 2476,"Experience Infinite Odyssey 2476: a tense, skill-based game where decisions matter and every encounter counts.",Everyone,1,3.1
Last Legends 2477,Last Legends 2477 delivers an engaging experience that balances storytelling and gameplay in a rich setting.,Everyone 10+,1,4.9
Last Odyssey 2478,Last Odyssey 2478 mixes narrative and action in a polished package with memorable moments.,Teen,1,3.9
Crimson Horizons 2479,Crimson Horizons 2479 is a compact but deep adventure focused on exploration and character progression.,Teen,1,4.6
Rogue Tides 2480,Rogue Tides 2480 delivers an engaging experience that balances storytelling and gameplay in a rich setting.,Everyone,1,3.7
Iron Trial 2481,Play Iron Trial 2481 to test your reflexes and strategy across varied levels and scenarios.,Mature 17+,1,4.4
Lunar Harbor 2482,Lunar Harbor 2482 delivers an engaging experience that balances storytelling and gameplay in a rich setting.,Everyone 10+,1,4.3
Hidden Echo 2483,Play Hidden Echo 2483 to test your reflexes and strategy across varied levels and scenarios.,Teen,1,4.5
Rogue Legends 2484,Play Rogue Legends 2484 to test your reflexes and strategy across varied levels and scenarios.,Mature 17+,1,3.1
First Nomad 2485,"A stylish, focused title, First Nomad 2485 emphasizes creative problem solving and emergent play.",Everyone,1,4.0
Vivid Storm 2486,Vivid Storm 2486 is a compact but deep adventure focused on exploration and character progression.,Everyone 10+,1,3.9
First Signal 2487,First Signal 2487 blends immersive worldbuilding with satisfying mechanics suitable for newcomers and veterans.,Everyone,1,4.1
Infinite Nomad 2488,Infinite Nomad 2488 mixes narrative and action in a polished package with memorable moments.,Teen,1,4.8
Silent Odyssey 2489,Play Silent Odyssey 2489 to test your reflexes and strategy across varied levels and scenarios.,Mature 17+,1,2.6
Broken Trial 2490,Broken Trial 2490 is a compact but deep adventure focused on exploration and character progression. broken trial 2490 blends immersive worldbuilding with satisfying mechanics suitable for newcomers and veterans.,Everyone,1,4.5
Shadow Storm 2491,Shadow Storm 2491 is a compact but deep adventure focused on exploration and character progression.,Everyone 10+,1,4.1
Iron Chronicles 2492,"In Iron Chronicles 2492, players navigate challenging environments while uncovering secrets and facing tough choices.",Mature 17+,8,4.2
Hidden Beacon 2493,Hidden Beacon 2493 delivers an engaging experience that balances storytelling and gameplay in a rich setting. play hidden beacon 2493 to test your reflexes and strategy across varied levels and scenarios.,Mature 17+,1,3.5
Digital Sprint 2494,"A stylish, focused title, Digital Sprint 2494 emphasizes creative problem solving and emergent play. play digital sprint 2494 to test your reflexes and strategy across varied levels and scenarios.",Everyone 10+,1,4.8
Silent Horizons 2495,"A stylish, focused title, Silent Horizons 2495 emphasizes creative problem solving and emergent play.",Mature 17+,3,4.6
Wild Tides 2496,"Experience Wild Tides 2496: a tense, skill-based game where decisions matter and every encounter counts.",Mature 17+,1,3.8
Rogue Empire 2497,Play Rogue Empire 2497 to test your reflexes and strategy across varied levels and scenarios.,Mature 17+,8,2.8
Golden Forge 2498,"In Golden Forge 2498, players navigate challenging environments while uncovering secrets and facing tough choices.",Adults Only 18+,8,3.8
Digital Echo 2499,"Experience Digital Echo 2499: a tense, skill-based game where decisions matter and every encounter counts.",Teen,1,4.8
Rogue Echo 2500,Rogue Echo 2500 is a compact but deep adventure focused on exploration and character progression.,Everyone,1,4.2
